GCA_000016645.1,99.65,0.14,0.0
GCA_000023285.1,100.0,0.0,0.0
GCA_000023465.1,99.62,0.57,0.0
GCA_000023725.1,100.0,0.0,0.0
GCA_000024125.1,99.01,0.11,0.0
GCA_000060345.1,99.62,0.19,0.0
GCA_000064305.2,99.29,0.44,0.0
GCA_000143785.1,100.0,0.0,0.0
GCA_000152925.3,99.62,0.0,0.0
GCA_000152945.2,99.61,0.0,0.0
GCA_000152985.1,99.05,0.0,0.0
GCA_000153165.2,99.5,0.38,0.0
GCA_000153225.1,99.33,0.34,0.0
GCA_000153385.1,98.16,0.19,0.0
GCA_000153485.2,98.73,2.28,44.44
GCA_000154725.1,99.48,0.61,0.0
GCA_000169355.1,99.62,0.18,0.0
GCA_000171875.1,98.84,1.76,88.89
GCA_000173095.1,91.18,0.0,0.0
GCA_000173115.1,72.67,0.18,33.33
GCA_000173675.1,99.52,0.0,0.0
GCA_000174755.1,99.76,0.48,0.0
GCA_000183155.1,100.0,0.0,0.0
GCA_000183985.1,100.0,0.0,0.0
GCA_000184135.2,100.0,0.0,0.0
GCA_000186265.1,99.67,0.71,0.0
GCA_000189415.1,100.0,0.0,0.0
GCA_000190595.1,99.67,0.0,0.0
GCA_000191565.1,100.0,0.0,0.0
GCA_000192225.1,100.0,0.0,0.0
GCA_000196315.1,99.62,0.19,0.0
GCA_000211855.3,99.67,0.0,0.0
GCA_000212355.1,99.62,0.0,0.0
GCA_000213295.2,94.34,0.24,0.0
GCA_000218485.2,99.62,0.57,0.0
GCA_000220525.2,96.81,0.84,0.0
GCA_000220585.2,98.68,0.66,0.0
GCA_000220625.1,100.0,0.24,0.0
GCA_000224085.1,99.34,0.83,33.33
GCA_000224335.2,99.34,0.07,0.0
GCA_000240075.2,99.65,0.53,50.0
GCA_000240095.3,100.0,0.0,0.0
GCA_000242075.2,99.65,0.88,66.67
GCA_000242095.1,99.65,0.18,0.0
GCA_000242135.1,99.65,0.18,0.0
GCA_000243235.1,99.49,0.0,0.0
GCA_000243275.1,99.65,3.0,38.46
GCA_000246945.2,99.65,0.47,100.0
GCA_000252125.2,99.29,0.0,0.0
GCA_000252855.1,100.0,0.0,0.0
GCA_000253275.1,98.59,0.71,0.0
GCA_000255455.1,98.67,0.4,0.0
GCA_000258765.1,98.95,0.0,0.0
GCA_000260115.1,99.67,0.0,0.0
GCA_000260835.1,99.67,0.0,0.0
GCA_000264055.1,99.12,0.12,0.0
GCA_000265385.1,99.49,0.19,0.0
GCA_000265465.1,100.0,0.0,0.0
GCA_000271925.1,100.0,0.0,0.0
GCA_000277585.1,100.0,0.0,0.0
GCA_000277665.1,100.0,0.0,0.0
GCA_000278705.1,99.65,0.0,0.0
GCA_000282055.1,99.65,1.06,0.0
GCA_000282115.1,100.0,0.0,0.0
GCA_000283015.1,99.34,0.71,0.0
GCA_000293175.1,100.0,0.5,0.0
GCA_000295655.1,100.0,0.98,0.0
GCA_000297855.1,99.65,0.18,0.0
GCA_000297875.1,99.65,1.23,0.0
GCA_000300875.1,99.65,0.11,0.0
GCA_000301075.1,100.0,0.25,0.0
GCA_000301095.1,99.51,0.25,0.0
GCA_000318255.2,100.0,0.0,0.0
GCA_000318275.2,99.52,0.71,0.0
GCA_000318295.1,100.0,0.0,0.0
GCA_000318315.2,100.0,0.0,0.0
GCA_000321285.1,100.0,0.0,0.0
GCA_000331695.1,100.0,0.0,0.0
GCA_000331815.1,100.0,0.0,0.0
GCA_000332115.1,98.54,0.19,0.0
GCA_000333355.1,94.59,4.57,61.54
GCA_000335775.1,99.65,0.7,0.0
GCA_000348685.1,99.67,0.11,0.0
GCA_000355805.1,98.86,0.29,0.0
GCA_000355905.1,99.62,0.19,0.0
GCA_000367325.1,100.0,0.0,0.0
GCA_000374405.1,100.0,0.0,0.0
GCA_000378485.1,99.46,0.0,0.0
GCA_000378765.1,99.62,0.0,0.0
GCA_000379185.1,100.0,0.0,0.0
GCA_000382125.1,99.28,1.11,0.0
GCA_000382425.1,100.0,0.0,0.0
GCA_000383355.1,89.1,3.73,69.23
GCA_000401415.1,100.0,0.0,0.0
GCA_000403785.1,96.58,0.1,0.0
GCA_000411115.1,100.0,0.5,0.0
GCA_000411575.1,100.0,0.0,0.0
GCA_000413415.1,99.65,0.18,0.0
GCA_000419685.1,99.65,0.0,0.0
GCA_000422265.1,100.0,0.49,0.0
GCA_000422365.1,99.67,0.0,0.0
GCA_000422685.1,99.65,0.0,0.0
GCA_000422705.1,99.65,0.35,0.0
GCA_000422725.1,99.65,0.0,0.0
GCA_000423005.1,99.67,0.99,0.0
GCA_000423045.1,99.6,0.19,0.0
GCA_000423065.1,99.62,0.0,0.0
GCA_000423405.1,99.62,0.0,0.0
GCA_000423585.1,99.62,0.0,0.0
GCA_000424645.1,99.62,0.19,0.0
GCA_000424665.1,99.62,0.0,0.0
GCA_000424985.1,99.67,0.17,0.0
GCA_000425305.1,99.67,1.87,0.0
GCA_000425425.1,99.65,0.31,0.0
GCA_000425445.1,99.65,0.05,0.0
GCA_000425465.1,99.29,0.0,0.0
GCA_000425485.1,99.65,0.09,0.0
GCA_000425505.1,99.29,0.0,0.0
GCA_000425645.1,99.5,0.0,0.0
GCA_000426145.1,99.65,0.76,33.33
GCA_000426465.1,99.51,0.0,0.0
GCA_000427335.1,98.99,1.48,0.0
GCA_000428485.1,100.0,0.0,0.0
GCA_000429125.1,99.62,0.0,0.0
GCA_000429545.1,99.67,0.5,0.0
GCA_000430025.1,99.65,0.0,0.0
GCA_000430545.1,99.33,0.0,0.0
GCA_000430645.1,99.62,0.19,0.0
GCA_000430665.1,99.62,0.0,0.0
GCA_000430825.1,100.0,0.0,0.0
GCA_000430845.1,100.0,0.0,0.0
GCA_000447375.1,98.92,0.0,0.0
GCA_000455605.1,99.29,0.07,0.0
GCA_000466425.1,100.0,0.0,0.0
GCA_000468575.1,99.67,1.04,0.0
GCA_000468595.1,99.67,0.38,0.0
GCA_000468615.2,99.67,0.71,0.0
GCA_000477035.2,99.67,0.38,0.0
GCA_000482305.1,100.0,0.49,0.0
GCA_000495935.2,100.0,1.08,0.0
GCA_000495955.1,100.0,1.08,0.0
GCA_000495975.1,100.0,1.08,0.0
GCA_000495995.1,100.0,1.08,0.0
GCA_000496015.1,100.0,1.08,0.0
GCA_000496035.1,100.0,0.0,0.0
GCA_000496055.1,100.0,0.0,0.0
GCA_000498475.1,99.65,0.0,0.0
GCA_000498495.1,99.65,0.35,0.0
GCA_000498515.1,99.65,0.77,50.0
GCA_000498535.1,99.65,0.35,0.0
GCA_000509405.1,99.22,0.5,0.0
GCA_000511935.2,99.34,0.17,0.0
GCA_000518405.1,98.71,0.17,0.0
GCA_000518485.1,99.67,0.17,0.0
GCA_000518505.1,99.59,0.0,0.0
GCA_000518525.1,99.67,0.0,0.0
GCA_000520835.1,100.0,0.49,0.0
GCA_000520955.1,99.62,0.76,0.0
GCA_000520975.1,99.62,1.52,0.0
GCA_000520995.1,99.62,1.65,0.0
GCA_000568425.1,99.67,0.08,0.0
GCA_000611675.1,99.65,0.53,0.0
GCA_000612925.1,100.0,0.25,0.0
GCA_000621125.1,99.67,0.11,0.0
GCA_000626715.1,99.62,1.84,0.0
GCA_000633375.1,99.65,0.12,0.0
GCA_000686885.1,99.65,0.35,100.0
GCA_000687915.1,99.62,0.0,0.0
GCA_000687935.1,99.66,0.11,0.0
GCA_000688315.1,99.67,0.83,33.33
GCA_000688335.1,99.67,0.0,0.0
GCA_000689455.1,100.0,0.0,0.0
GCA_000689515.1,100.0,0.0,0.0
GCA_000695795.1,99.47,0.08,0.0
GCA_000708595.2,99.65,0.0,0.0
GCA_000708615.2,100.0,0.0,0.0
GCA_000723205.1,99.01,0.71,0.0
GCA_000729985.1,100.0,1.14,0.0
GCA_000732625.1,98.54,0.0,0.0
GCA_000733475.1,99.01,0.17,0.0
GCA_000733925.1,99.67,1.42,12.5
GCA_000733945.1,99.57,0.19,0.0
GCA_000734055.1,99.93,0.49,0.0
GCA_000735105.1,100.0,4.41,100.0
GCA_000735135.1,100.0,0.49,100.0
GCA_000735205.1,100.0,0.0,0.0
GCA_000735535.1,98.94,1.74,44.44
GCA_000735695.2,100.0,0.49,0.0
GCA_000735715.2,99.65,1.24,0.0
GCA_000737665.1,99.02,0.0,0.0
GCA_000737685.1,98.94,0.9,20.0
GCA_000737695.1,99.65,1.69,0.0
GCA_000737705.1,100.0,0.25,0.0
GCA_000737715.1,99.93,0.25,0.0
GCA_000737765.1,99.93,0.49,50.0
GCA_000737775.1,100.0,0.0,0.0
GCA_000737785.1,99.75,0.74,0.0
GCA_000738495.1,96.57,0.74,0.0
GCA_000739395.1,99.29,0.44,0.0
GCA_000744105.1,99.67,0.5,0.0
GCA_000744275.1,99.43,0.38,0.0
GCA_000744495.1,100.0,0.0,0.0
GCA_000744555.1,99.67,0.66,0.0
GCA_000744835.1,99.65,0.71,0.0
GCA_000745185.1,99.34,1.71,0.0
GCA_000745315.1,99.43,0.63,0.0
GCA_000745535.1,100.0,0.25,0.0
GCA_000745775.1,99.65,0.42,0.0
GCA_000745795.1,100.0,0.74,0.0
GCA_000746315.1,100.0,0.0,0.0
GCA_000746845.1,98.86,0.19,0.0
GCA_000747685.1,94.29,0.08,0.0
GCA_000750195.1,99.67,0.33,100.0
GCA_000751595.1,100.0,0.0,0.0
GCA_000754365.1,99.29,0.44,0.0
GCA_000754405.1,99.29,0.35,0.0
GCA_000755265.1,93.98,0.86,0.0
GCA_000755285.1,94.41,0.57,0.0
GCA_000755305.1,97.47,0.0,0.0
GCA_000755325.1,95.33,0.46,0.0
GCA_000756505.1,100.0,0.0,0.0
GCA_000757385.1,99.65,0.0,0.0
GCA_000764435.1,99.67,0.54,0.0
GCA_000764515.1,100.0,0.0,0.0
GCA_000764755.1,95.97,0.38,0.0
GCA_000764775.1,96.04,0.72,0.0
GCA_000764795.1,95.14,1.04,0.0
GCA_000764815.1,94.59,0.38,0.0
GCA_000764835.1,94.71,1.45,0.0
GCA_000766795.1,99.16,0.83,0.0
GCA_000766805.1,98.88,0.56,0.0
GCA_000767095.1,99.12,0.44,0.0
GCA_000769435.1,99.62,0.19,0.0
GCA_000769445.1,100.0,0.0,0.0
GCA_000769815.1,99.65,0.0,0.0
GCA_000769825.1,99.46,0.0,0.0
GCA_000769835.1,99.65,0.0,0.0
GCA_000769895.1,99.65,0.35,0.0
GCA_000769915.1,99.65,0.12,0.0
GCA_000769935.1,99.65,0.0,0.0
GCA_000773465.1,94.23,1.61,0.0
GCA_000775755.1,99.34,0.87,12.5
GCA_000789235.1,99.67,1.65,0.0
GCA_000797445.1,99.59,2.72,92.86
GCA_000797465.1,99.06,0.99,0.0
GCA_000799195.1,100.0,0.0,0.0
GCA_000799235.1,100.0,0.25,0.0
GCA_000799255.1,100.0,0.0,0.0
GCA_000799325.1,100.0,0.37,0.0
GCA_000799335.1,100.0,0.25,0.0
GCA_000799375.1,100.0,0.25,0.0
GCA_000799455.1,100.0,0.0,0.0
GCA_000799465.1,99.67,0.17,0.0
GCA_000799515.1,100.0,0.0,0.0
GCA_000799565.1,99.67,0.76,0.0
GCA_000799645.1,100.0,0.49,0.0
GCA_000800075.1,100.0,0.25,0.0
GCA_000801615.1,98.59,0.35,0.0
GCA_000801625.1,94.64,0.62,0.0
GCA_000801635.1,97.41,0.44,0.0
GCA_000801645.1,96.66,0.56,0.0
GCA_000801695.1,98.59,0.35,0.0
GCA_000801715.1,98.94,0.35,0.0
GCA_000805695.1,100.0,0.0,0.0
GCA_000807225.1,99.65,0.53,50.0
GCA_000812825.1,99.65,1.2,0.0
GCA_000812865.1,100.0,1.86,0.0
GCA_000812875.1,100.0,1.63,0.0
GCA_000812945.1,98.59,0.88,0.0
GCA_000812985.1,99.65,1.27,0.0
GCA_000813005.1,99.65,0.88,20.0
GCA_000813825.1,100.0,0.0,0.0
GCA_000820645.1,100.0,0.25,0.0
GCA_000826645.1,99.65,0.63,0.0
GCA_000826655.1,99.5,0.33,0.0
GCA_000827555.1,99.52,0.95,33.33
GCA_000827575.1,95.44,0.0,0.0
GCA_000827615.1,100.0,0.24,100.0
GCA_000827635.1,96.16,0.63,50.0
GCA_000827655.1,100.0,0.48,0.0
GCA_000827695.1,99.05,1.67,50.0
GCA_000827715.1,99.52,0.1,100.0
GCA_000827735.1,100.0,0.0,0.0
GCA_000828715.1,99.67,0.54,0.0
GCA_000829375.1,100.0,0.25,0.0
GCA_000831185.1,99.29,0.44,0.0
GCA_000831205.1,99.29,0.44,0.0
GCA_000831225.1,99.29,0.44,0.0
GCA_000831385.1,97.78,0.0,0.0
GCA_000832125.1,99.65,0.14,0.0
GCA_000833025.1,99.65,0.29,0.0
GCA_000834715.1,99.65,2.08,11.11
GCA_000934685.1,99.28,0.11,0.0
GCA_000941055.1,99.67,1.15,0.0
GCA_000943555.1,99.01,4.21,86.21
GCA_000943565.1,99.01,1.32,0.0
GCA_000947275.1,93.81,0.48,0.0
GCA_000952855.1,99.24,0.0,0.0
GCA_000955665.1,100.0,0.0,0.0
GCA_000963865.1,99.01,0.47,0.0
GCA_000967805.1,99.65,0.35,0.0
GCA_000971575.2,99.29,0.44,0.0
GCA_000971605.2,99.29,0.44,0.0
GCA_000971645.2,99.29,0.44,0.0
GCA_000971685.2,99.29,0.44,0.0
GCA_000971735.2,99.29,0.44,0.0
GCA_000971785.2,98.82,0.18,0.0
GCA_000973105.1,99.67,1.04,0.0
GCA_000981625.1,83.59,2.9,35.71
GCA_000982575.1,100.0,1.08,0.0
GCA_001005305.1,99.59,0.77,0.0
GCA_001005315.1,99.48,1.24,0.0
GCA_001011675.1,100.0,1.08,0.0
GCA_001013295.1,100.0,0.49,100.0
GCA_001020565.1,99.67,0.05,0.0
GCA_001021975.1,100.0,0.25,0.0
GCA_001027725.1,99.65,0.65,33.33
GCA_001027945.1,99.66,0.72,25.0
GCA_001045435.1,100.0,0.74,0.0
GCA_001045445.1,100.0,0.25,0.0
GCA_001045455.1,100.0,0.0,0.0
GCA_001045465.1,100.0,0.25,0.0
GCA_001050935.1,98.92,1.08,0.0
GCA_001051075.1,98.83,0.0,0.0
GCA_001051115.1,99.25,0.0,0.0
GCA_001051975.1,95.7,0.0,0.0
GCA_001057035.1,100.0,0.0,0.0
GCA_001077795.1,100.0,0.0,0.0
GCA_001187685.1,100.0,0.0,0.0
GCA_001263145.1,100.0,0.98,0.0
GCA_001275605.1,99.65,1.14,0.0
GCA_001278115.1,99.65,0.0,0.0
GCA_001278825.1,100.0,0.0,0.0
GCA_001280435.1,99.67,0.5,0.0
GCA_001280505.1,99.67,4.95,95.12
GCA_001280515.1,99.34,0.91,0.0
GCA_001280865.1,99.61,0.67,0.0
GCA_001295265.1,100.0,0.49,0.0
GCA_001297705.1,100.0,0.49,0.0
GCA_001306415.1,98.68,0.99,0.0
GCA_001310225.1,98.68,0.53,0.0
GCA_001315805.1,99.34,0.17,0.0
GCA_001401755.1,99.62,0.19,0.0
GCA_001403755.1,100.0,0.98,33.33
GCA_001404975.1,99.65,0.07,0.0
GCA_001404985.1,99.65,0.05,0.0
GCA_001413925.1,98.16,0.76,33.33
GCA_001413955.1,99.34,1.71,70.0
GCA_001418015.1,99.67,0.41,100.0
GCA_001418085.1,99.34,0.06,100.0
GCA_001418105.1,99.67,0.44,0.0
GCA_001418685.1,100.0,0.0,0.0
GCA_001420285.1,100.0,0.0,0.0
GCA_001421435.1,100.0,0.0,0.0
GCA_001422725.1,99.65,0.55,25.0
GCA_001423985.1,99.65,0.35,0.0
GCA_001424105.1,100.0,0.0,0.0
GCA_001424145.1,100.0,0.0,0.0
GCA_001424585.1,100.0,0.0,0.0
GCA_001425355.1,100.0,0.0,0.0
GCA_001427905.1,99.65,0.14,0.0
GCA_001428525.1,99.65,1.06,0.0
GCA_001429295.1,99.29,0.62,20.0
GCA_001429765.1,99.65,0.49,0.0
GCA_001430825.1,99.67,0.42,0.0
GCA_001430865.1,99.35,0.8,83.33
GCA_001431365.1,99.43,0.51,0.0
GCA_001431805.1,99.65,0.35,0.0
GCA_001438125.1,93.58,1.08,14.29
GCA_001438225.1,87.92,1.29,16.67
GCA_001438245.1,77.99,3.53,27.78
GCA_001439205.1,87.13,2.94,25.0
GCA_001439215.1,93.65,0.66,0.0
GCA_001439315.1,91.77,1.24,28.57
GCA_001439665.1,98.35,1.48,0.0
GCA_001447995.1,99.67,0.33,0.0
GCA_001456155.1,100.0,0.0,0.0
GCA_001464475.1,98.41,1.01,0.0
GCA_001481655.1,99.65,0.18,0.0
GCA_001482795.1,100.0,0.0,0.0
GCA_001482835.1,95.76,0.97,0.0
GCA_001483145.1,100.0,0.0,0.0
GCA_001483385.1,99.11,0.07,0.0
GCA_001485415.1,99.65,1.59,88.89
GCA_001485515.1,99.18,0.62,0.0
GCA_001507325.1,100.0,0.49,0.0
GCA_001507335.1,100.0,0.25,100.0
GCA_001507425.1,99.29,1.11,20.0
GCA_001510795.1,96.11,0.8,33.33
GCA_001510855.1,99.29,0.8,0.0
GCA_001510875.1,99.29,2.55,5.56
GCA_001516145.1,91.39,6.14,72.73
GCA_001521735.1,100.0,0.0,0.0
GCA_001521745.1,100.0,1.08,0.0
GCA_001521755.1,100.0,0.0,0.0
GCA_001521765.1,100.0,0.0,0.0
GCA_001521815.1,100.0,1.08,0.0
GCA_001529295.1,99.29,0.11,0.0
GCA_001534645.1,99.65,0.18,0.0
GCA_001543325.1,97.38,0.4,0.0
GCA_001544435.1,99.75,0.49,0.0
GCA_001549985.1,99.65,1.94,7.69
GCA_001553545.1,100.0,1.43,0.0
GCA_001556235.1,100.0,0.49,0.0
GCA_001563495.1,100.0,0.25,0.0
GCA_001573155.1,98.48,0.0,0.0
GCA_001580475.1,99.65,0.18,0.0
GCA_001589345.1,100.0,0.0,0.0
GCA_001593385.1,100.0,0.25,0.0
GCA_001596175.2,100.0,1.08,0.0
GCA_001602525.1,99.65,0.05,0.0
GCA_001618465.2,100.0,1.08,0.0
GCA_001618505.2,100.0,1.08,0.0
GCA_001618545.2,100.0,1.08,0.0
GCA_001619815.1,99.65,1.2,0.0
GCA_001632745.1,99.62,1.34,0.0
GCA_001637185.1,98.94,0.21,0.0
GCA_001637325.1,99.62,0.0,0.0
GCA_001640115.1,99.66,0.73,0.0
GCA_001641085.1,99.11,0.38,0.0
GCA_001641185.1,99.29,0.18,0.0
GCA_001641405.1,99.33,0.4,50.0
GCA_001642835.1,98.68,1.35,16.67
GCA_001643375.1,100.0,1.47,25.0
GCA_001648155.1,100.0,0.0,0.0
GCA_001653755.1,99.62,0.51,83.33
GCA_001662485.1,90.81,0.0,0.0
GCA_001670605.1,100.0,0.0,0.0
GCA_001670615.1,100.0,0.0,0.0
GCA_001670625.1,100.0,0.0,0.0
GCA_001670645.1,100.0,1.47,0.0
GCA_001670685.1,100.0,0.0,0.0
GCA_001670695.1,100.0,0.0,0.0
GCA_001670725.1,100.0,0.0,0.0
GCA_001670735.1,100.0,0.98,0.0
GCA_001670765.2,99.93,0.0,0.0
GCA_001670785.1,100.0,0.0,0.0
GCA_001670805.1,100.0,0.0,0.0
GCA_001670855.1,100.0,0.0,0.0
GCA_001670865.1,100.0,0.0,0.0
GCA_001670875.1,100.0,0.0,0.0
GCA_001671145.1,100.0,0.49,0.0
GCA_001672305.1,99.01,1.32,20.0
GCA_001673755.1,99.67,0.66,0.0
GCA_001675285.1,100.0,1.08,0.0
GCA_001677395.1,99.65,0.18,0.0
GCA_001677935.1,100.0,0.0,0.0
GCA_001677955.1,100.0,0.0,0.0
GCA_001678675.1,99.01,1.4,0.0
GCA_001678685.1,99.67,0.33,0.0
GCA_001680875.1,98.99,0.0,0.0
GCA_001680885.1,99.66,0.42,0.0
GCA_001683825.1,99.01,1.9,0.0
GCA_001683915.1,99.67,1.93,25.0
GCA_001684955.1,99.75,0.98,0.0
GCA_001684965.1,100.0,0.25,0.0
GCA_001684975.1,100.0,0.74,50.0
GCA_001685485.1,99.01,1.2,25.0
GCA_001686925.1,99.65,0.72,20.0
GCA_001686935.1,99.65,0.9,0.0
GCA_001686945.1,94.35,1.24,16.67
GCA_001693415.1,99.66,0.5,0.0
GCA_001693475.1,100.0,0.0,0.0
GCA_001697185.1,96.85,0.67,0.0
GCA_001703835.1,100.0,0.0,0.0
GCA_001705175.1,99.56,0.19,0.0
GCA_001708385.1,99.65,0.35,0.0
GCA_001718075.1,100.0,1.08,0.0
GCA_001735715.1,96.7,0.0,0.0
GCA_001735745.1,97.69,0.34,0.0
GCA_001747085.1,99.67,1.39,16.67
GCA_001747495.1,100.0,0.25,0.0
GCA_001748465.2,99.67,1.19,0.0
GCA_001752425.1,99.43,0.76,0.0
GCA_001761325.1,98.99,0.0,0.0
GCA_001761365.1,99.66,0.42,0.0
GCA_001761465.1,98.94,0.68,0.0
GCA_001800905.1,99.29,0.0,0.0
GCA_001800925.1,99.47,0.18,0.0
GCA_001800945.1,68.49,0.56,100.0
GCA_001800975.1,95.49,1.68,0.0
GCA_001809725.1,100.0,0.0,0.0
GCA_001831475.1,99.65,0.88,0.0
GCA_001853405.1,100.0,0.0,0.0
GCA_001853425.1,100.0,1.08,0.0
GCA_001853485.1,99.65,1.08,12.5
GCA_001857965.1,99.65,0.43,0.0
GCA_001865655.1,99.67,1.06,0.0
GCA_001865835.1,99.65,0.18,0.0
GCA_001867305.1,100.0,0.0,0.0
GCA_001871275.1,91.59,2.04,55.56
GCA_001873065.1,98.99,0.65,0.0
GCA_001873105.1,94.6,0.29,0.0
GCA_001874145.1,99.34,0.0,0.0
GCA_001874325.1,88.69,1.24,0.0
GCA_001879205.1,99.65,0.35,0.0
GCA_001887135.1,99.29,0.62,0.0
GCA_001887145.1,99.29,0.44,0.0
GCA_001889005.1,99.62,0.76,100.0
GCA_001889045.1,99.66,1.17,50.0
GCA_001898245.1,99.29,0.35,0.0
GCA_001898255.1,99.39,1.23,0.0
GCA_001898785.1,98.28,0.59,57.14
GCA_001899155.1,99.29,0.12,0.0
GCA_001913155.1,99.01,0.66,0.0
GCA_001932675.1,99.43,0.76,0.0
GCA_001936395.1,97.17,0.18,0.0
GCA_001936575.1,99.55,0.53,0.0
GCA_001941605.1,99.67,0.0,0.0
GCA_001951155.1,99.49,0.0,0.0
GCA_001971725.1,99.34,0.17,0.0
GCA_001971745.1,99.67,0.0,0.0
GCA_001971785.1,98.35,1.25,0.0
GCA_001975575.1,99.67,1.16,0.0
GCA_001975665.1,98.99,0.0,0.0
GCA_001975985.1,99.65,0.05,0.0
GCA_001995115.1,99.65,0.0,0.0
GCA_001999725.1,99.67,0.33,0.0
GCA_002001005.1,98.94,1.06,20.0
GCA_002002525.1,100.0,0.0,0.0
GCA_002005425.1,99.33,0.5,0.0
GCA_002007065.3,99.65,0.23,0.0
GCA_002017935.1,99.65,0.53,0.0
GCA_002017945.1,98.76,4.18,84.21
GCA_002022025.1,100.0,1.08,0.0
GCA_002022045.1,100.0,0.0,0.0
GCA_002022065.1,100.0,1.08,0.0
GCA_002022085.1,100.0,0.0,0.0
GCA_002022105.1,100.0,0.0,0.0
GCA_002022125.1,100.0,0.0,0.0
GCA_002022145.1,100.0,0.0,0.0
GCA_002023055.1,100.0,0.0,0.0
GCA_002023065.1,100.0,0.0,0.0
GCA_002023095.1,100.0,0.0,0.0
GCA_002023105.1,100.0,1.08,0.0
GCA_002023135.1,100.0,1.08,100.0
GCA_002023145.1,100.0,1.08,0.0
GCA_002023175.1,100.0,1.08,0.0
GCA_002023195.1,100.0,0.0,0.0
GCA_002023205.1,100.0,0.0,0.0
GCA_002023235.2,100.0,1.08,0.0
GCA_002023305.1,100.0,0.0,0.0
GCA_002023325.1,100.0,1.08,0.0
GCA_002023335.1,100.0,1.08,0.0
GCA_002023365.1,100.0,0.0,0.0
GCA_002023385.1,100.0,0.0,0.0
GCA_002023405.1,100.0,0.0,0.0
GCA_002023425.1,100.0,1.08,0.0
GCA_002023435.1,100.0,0.0,0.0
GCA_002023465.1,100.0,0.0,0.0
GCA_002023475.1,100.0,2.15,0.0
GCA_002023505.1,100.0,0.0,0.0
GCA_002023515.1,100.0,0.0,0.0
GCA_002023545.1,100.0,1.08,0.0
GCA_002023565.1,100.0,0.0,0.0
GCA_002023575.1,100.0,0.0,0.0
GCA_002023585.1,100.0,0.0,0.0
GCA_002023625.1,100.0,0.0,0.0
GCA_002023645.1,100.0,0.0,0.0
GCA_002023665.2,100.0,0.0,0.0
GCA_002023685.1,100.0,1.08,0.0
GCA_002023695.1,100.0,0.0,0.0
GCA_002023705.1,100.0,1.08,0.0
GCA_002023715.1,100.0,0.0,0.0
GCA_002023765.1,100.0,1.08,0.0
GCA_002023775.1,100.0,1.08,0.0
GCA_002024805.1,100.0,0.0,0.0
GCA_002024825.1,100.0,1.08,0.0
GCA_002025185.1,100.0,0.0,0.0
GCA_002025665.1,100.0,0.74,66.67
GCA_002072105.2,99.01,0.0,0.0
GCA_002078605.1,99.22,0.38,0.0
GCA_002094855.1,99.62,0.37,0.0
GCA_002117085.1,99.35,0.09,0.0
GCA_002117125.1,98.49,0.0,0.0
GCA_002120225.1,99.66,0.08,0.0
GCA_002120265.1,99.49,0.0,0.0
GCA_002150145.1,99.29,0.44,0.0
GCA_002150205.1,99.29,0.35,0.0
GCA_002150215.1,99.29,0.45,0.0
GCA_002150245.1,99.29,0.44,0.0
GCA_002150255.1,99.29,0.8,50.0
GCA_002150295.1,96.79,2.85,28.57
GCA_002150785.1,99.67,0.33,0.0
GCA_002156885.1,99.65,0.88,10.0
GCA_002162685.1,99.67,5.45,14.29
GCA_002162765.1,94.55,0.17,0.0
GCA_002162835.1,91.9,1.28,41.67
GCA_002163675.1,99.66,1.73,0.0
GCA_002163835.1,99.33,1.01,0.0
GCA_002163855.1,99.67,0.16,0.0
GCA_002163875.1,99.11,0.13,0.0
GCA_002167435.2,94.97,3.01,5.88
GCA_002167525.1,82.35,4.04,0.0
GCA_002167945.1,86.02,2.56,50.0
GCA_002168005.2,100.0,9.68,64.71
GCA_002169155.2,58.76,0.98,50.0
GCA_002169865.1,61.03,0.0,0.0
GCA_002170965.1,62.14,0.95,0.0
GCA_002171295.2,67.27,2.92,22.22
GCA_002171475.2,96.69,3.86,83.33
GCA_002171575.2,77.25,2.37,75.0
GCA_002172435.2,82.12,1.0,25.0
GCA_002177115.1,100.0,0.74,0.0
GCA_002197835.1,100.0,0.49,0.0
GCA_002198115.1,99.01,0.77,0.0
GCA_002201235.1,99.33,0.67,50.0
GCA_002201315.1,99.66,0.34,0.0
GCA_002204815.1,99.22,0.29,0.0
GCA_002204825.1,98.59,0.18,0.0
GCA_002204835.1,99.65,0.0,0.0
GCA_002204845.1,99.65,0.18,0.0
GCA_002204895.1,99.65,0.0,0.0
GCA_002205795.1,100.0,0.49,0.0
GCA_002207815.1,97.57,0.74,0.0
GCA_002208925.2,100.0,0.49,0.0
GCA_002209445.1,100.0,0.48,0.0
GCA_002210235.1,99.65,1.14,0.0
GCA_002211465.1,99.67,1.48,0.0
GCA_002216065.1,99.88,0.49,0.0
GCA_002217195.1,99.65,0.17,0.0
GCA_002217205.1,98.54,0.88,0.0
GCA_002217235.1,99.65,0.0,0.0
GCA_002217245.1,99.29,0.44,33.33
GCA_002217275.1,99.65,0.59,0.0
GCA_002217285.1,99.65,0.55,33.33
GCA_002217315.1,99.65,0.14,0.0
GCA_002217335.1,99.65,1.62,0.0
GCA_002217355.1,99.65,0.4,0.0
GCA_002217365.1,99.65,1.11,0.0
GCA_002217395.1,99.65,0.93,25.0
GCA_002217405.1,98.94,0.35,0.0
GCA_002217435.1,99.65,0.9,20.0
GCA_002217445.1,99.65,1.08,12.5
GCA_002217475.1,99.65,0.23,0.0
GCA_002221975.1,99.65,0.14,0.0
GCA_002222045.1,99.22,0.72,20.0
GCA_002222055.1,99.65,1.15,0.0
GCA_002234495.1,99.67,1.08,0.0
GCA_002238525.1,97.06,0.0,0.0
GCA_002251775.1,98.65,1.66,62.5
GCA_002251835.1,98.94,0.18,0.0
GCA_002256285.1,99.65,0.07,0.0
GCA_002256385.1,94.4,0.71,33.33
GCA_002266855.1,99.34,0.33,50.0
GCA_002269385.1,99.34,0.82,0.0
GCA_002277995.2,100.0,1.08,0.0
GCA_002280395.1,71.92,2.7,13.33
GCA_002280815.1,94.0,2.96,53.85
GCA_002285635.2,100.0,0.0,0.0
GCA_002286775.1,99.65,0.78,0.0
GCA_002291575.1,86.15,0.76,66.67
GCA_002291725.1,91.35,2.42,20.0
GCA_002291765.1,94.65,1.49,42.86
GCA_002291795.1,98.86,6.4,22.22
GCA_002292245.1,75.59,1.1,20.0
GCA_002292265.1,98.16,1.47,33.33
GCA_002293985.1,89.21,1.14,100.0
GCA_002294105.1,92.65,0.16,0.0
GCA_002294145.1,98.48,1.84,9.09
GCA_002294465.1,100.0,0.0,0.0
GCA_002294525.1,100.0,0.0,0.0
GCA_002295505.1,97.73,1.17,12.5
GCA_002296255.1,91.08,1.54,12.5
GCA_002296555.1,70.22,0.1,0.0
GCA_002296885.1,80.51,2.41,44.44
GCA_002297465.1,76.78,0.44,33.33
GCA_002297505.1,89.72,0.0,0.0
GCA_002297705.1,79.37,0.97,21.43
GCA_002302395.1,99.52,0.0,0.0
GCA_002302415.1,100.0,0.0,0.0
GCA_002302445.1,100.0,0.24,0.0
GCA_002302475.1,100.0,0.0,0.0
GCA_002302495.1,99.52,0.0,0.0
GCA_002302515.1,100.0,0.0,0.0
GCA_002302535.1,100.0,0.0,0.0
GCA_002302565.1,100.0,0.0,0.0
GCA_002302595.1,100.0,0.0,0.0
GCA_002302615.1,99.05,0.0,0.0
GCA_002302635.1,100.0,0.0,0.0
GCA_002302655.1,99.52,0.0,0.0
GCA_002303885.1,99.65,0.05,0.0
GCA_002304005.1,99.65,0.55,25.0
GCA_002304765.1,95.46,2.71,25.0
GCA_002306185.1,92.94,1.39,25.0
GCA_002308695.1,100.0,0.98,0.0
GCA_002310515.1,100.0,0.0,0.0
GCA_002310535.1,100.0,0.0,0.0
GCA_002311535.1,99.43,0.57,0.0
GCA_002311725.1,98.68,0.16,0.0
GCA_002312885.1,99.52,0.0,0.0
GCA_002313325.1,71.58,0.64,0.0
GCA_002314375.1,100.0,0.49,0.0
GCA_002315095.1,95.0,0.0,0.0
GCA_002315415.1,100.0,0.0,0.0
GCA_002319955.1,94.96,0.74,0.0
GCA_002320285.1,99.65,0.82,0.0
GCA_002320855.1,98.89,0.77,0.0
GCA_002322625.1,86.31,0.73,50.0
GCA_002322895.1,100.0,0.0,0.0
GCA_002323395.1,93.54,1.5,25.0
GCA_002323475.1,77.28,0.77,25.0
GCA_002323495.1,98.43,2.48,30.77
GCA_002325035.1,90.62,1.16,20.0
GCA_002325485.1,94.15,1.13,16.67
GCA_002325685.1,91.46,0.99,20.0
GCA_002332505.1,100.0,0.65,0.0
GCA_002333005.1,100.0,0.0,0.0
GCA_002334975.1,72.91,0.74,0.0
GCA_002335345.1,77.94,1.74,14.29
GCA_002336225.1,61.35,0.63,50.0
GCA_002336305.1,70.99,2.21,0.0
GCA_002337005.1,96.23,1.84,77.78
GCA_002337205.1,82.8,0.52,0.0
GCA_002337605.1,98.29,0.0,0.0
GCA_002338325.1,100.0,0.49,0.0
GCA_002338705.1,98.39,0.3,0.0
GCA_002340165.1,100.0,0.49,0.0
GCA_002340745.1,86.7,0.33,0.0
GCA_002340755.1,65.52,0.0,0.0
GCA_002340765.1,82.41,0.34,0.0
GCA_002341025.1,93.55,1.08,100.0
GCA_002345305.1,70.97,0.0,0.0
GCA_002345565.1,100.0,0.0,0.0
GCA_002346855.1,76.83,1.81,0.0
GCA_002352205.1,99.65,0.16,0.0
GCA_002352665.1,97.82,4.03,44.0
GCA_002352865.1,99.16,0.19,0.0
GCA_002353015.1,98.92,0.0,0.0
GCA_002354475.1,96.7,0.19,0.0
GCA_002354685.1,98.42,0.0,0.0
GCA_002354765.1,95.82,0.0,0.0
GCA_002354835.1,93.99,0.95,0.0
GCA_002358695.1,84.38,3.13,0.0
GCA_002359055.1,90.14,2.15,0.0
GCA_002360095.1,65.73,1.65,0.0
GCA_002360395.1,91.79,0.27,40.0
GCA_002360635.1,99.24,0.19,0.0
GCA_002360925.1,94.94,0.0,0.0
GCA_002362375.1,99.47,0.83,0.0
GCA_002362875.1,100.0,0.0,0.0
GCA_002363835.1,81.55,2.51,7.69
GCA_002363855.1,96.57,2.38,21.05
GCA_002363875.1,97.98,0.19,100.0
GCA_002364135.1,90.69,0.0,0.0
GCA_002364215.1,99.24,0.19,0.0
GCA_002364245.1,67.34,0.86,33.33
GCA_002364255.1,98.15,1.44,0.0
GCA_002364325.1,81.03,2.51,31.25
GCA_002364335.1,97.46,0.17,0.0
GCA_002364385.1,96.03,2.78,12.5
GCA_002364405.1,85.58,1.79,22.22
GCA_002364535.1,88.62,2.16,9.09
GCA_002365095.1,100.0,0.98,0.0
GCA_002365405.1,84.69,0.44,0.0
GCA_002365615.1,89.87,1.24,0.0
GCA_002366675.1,83.36,2.41,7.14
GCA_002367645.1,82.25,0.83,0.0
GCA_002375245.1,81.16,0.65,100.0
GCA_002375495.1,99.24,0.19,0.0
GCA_002375625.1,83.25,0.0,0.0
GCA_002375695.1,98.17,0.0,0.0
GCA_002376145.1,98.32,0.41,0.0
GCA_002376315.1,88.79,0.29,50.0
GCA_002376925.1,82.13,5.51,7.14
GCA_002378465.1,100.0,0.0,0.0
GCA_002378585.1,66.43,0.48,20.0
GCA_002379575.1,99.29,0.35,0.0
GCA_002379725.1,95.64,0.0,0.0
GCA_002379965.1,96.49,1.6,16.67
GCA_002379985.1,98.32,0.84,25.0
GCA_002380515.1,98.69,1.63,30.0
GCA_002380565.1,87.54,0.0,0.0
GCA_002381155.1,93.4,0.74,100.0
GCA_002382405.1,57.02,0.0,0.0
GCA_002382495.1,86.5,1.25,20.0
GCA_002382825.1,71.05,1.49,0.0
GCA_002383055.1,98.94,1.09,0.0
GCA_002383165.1,100.0,0.0,0.0
GCA_002384055.1,91.77,0.0,0.0
GCA_002384125.1,74.44,1.79,16.67
GCA_002384245.1,87.39,0.17,100.0
GCA_002384345.1,99.24,3.51,0.0
GCA_002384605.1,87.14,0.92,10.0
GCA_002384715.1,62.41,1.47,0.0
GCA_002384895.1,91.42,2.17,0.0
GCA_002387575.1,76.21,0.97,66.67
GCA_002388405.1,77.76,0.0,0.0
GCA_002388445.1,97.07,2.95,0.0
GCA_002388705.1,84.32,0.38,0.0
GCA_002388845.1,99.23,0.19,0.0
GCA_002388855.1,92.45,2.91,28.57
GCA_002389235.1,78.95,1.54,66.67
GCA_002389405.1,80.39,0.74,0.0
GCA_002389535.1,75.83,0.0,0.0
GCA_002390125.1,81.38,0.38,100.0
GCA_002390165.1,77.86,1.78,10.0
GCA_002390455.1,84.93,0.37,0.0
GCA_002390585.1,80.05,0.4,0.0
GCA_002390605.1,79.76,0.73,0.0
GCA_002390665.1,63.79,0.0,0.0
GCA_002390905.1,93.86,2.53,37.5
GCA_002391865.1,99.51,0.18,100.0
GCA_002392055.1,100.0,0.49,0.0
GCA_002399805.1,91.01,0.42,33.33
GCA_002400885.1,58.25,0.0,0.0
GCA_002401105.1,63.32,0.0,0.0
GCA_002401215.1,67.31,1.81,29.17
GCA_002401385.1,72.42,2.29,58.33
GCA_002403645.1,100.0,0.0,0.0
GCA_002403935.1,72.21,0.44,0.0
GCA_002413625.1,99.3,0.4,0.0
GCA_002413745.1,98.94,1.09,0.0
GCA_002414425.1,99.24,0.19,0.0
GCA_002414565.1,96.61,0.19,0.0
GCA_002414635.1,98.67,0.0,0.0
GCA_002414705.1,87.48,1.14,0.0
GCA_002414725.1,89.98,0.1,0.0
GCA_002415015.1,98.8,0.19,0.0
GCA_002415135.1,100.0,1.47,0.0
GCA_002415175.1,100.0,0.0,0.0
GCA_002415215.1,100.0,0.0,0.0
GCA_002416265.1,93.01,0.0,0.0
GCA_002420545.1,100.0,0.25,0.0
GCA_002421065.1,100.0,0.74,0.0
GCA_002421305.1,100.0,0.0,0.0
GCA_002421645.1,58.05,1.37,12.5
GCA_002422095.1,91.89,0.12,100.0
GCA_002422665.1,76.31,5.17,66.67
GCA_002425465.1,83.71,0.0,0.0
GCA_002426015.1,98.62,0.66,0.0
GCA_002426065.1,97.29,0.89,66.67
GCA_002426075.1,98.92,2.15,0.0
GCA_002426755.1,99.34,0.74,25.0
GCA_002426785.1,88.33,1.23,0.0
GCA_002426835.1,85.04,1.01,25.0
GCA_002427935.1,91.54,0.53,0.0
GCA_002428305.1,97.38,0.18,0.0
GCA_002428965.1,98.18,0.5,0.0
GCA_002429185.1,91.64,1.74,0.0
GCA_002429285.1,98.94,3.77,0.0
GCA_002429685.1,88.65,2.22,12.5
GCA_002429865.1,100.0,0.0,0.0
GCA_002430025.1,99.02,0.25,0.0
GCA_002430205.1,89.7,0.0,0.0
GCA_002430445.1,83.44,0.17,0.0
GCA_002430455.1,76.42,0.91,60.0
GCA_002430545.1,78.03,0.33,0.0
GCA_002430925.1,97.85,0.0,0.0
GCA_002431085.1,97.85,0.0,0.0
GCA_002433125.1,92.37,4.16,8.11
GCA_002433505.1,87.92,1.71,28.57
GCA_002433745.1,98.67,0.0,0.0
GCA_002434285.1,91.09,1.47,14.29
GCA_002435045.1,82.3,0.66,75.0
GCA_002435115.1,98.48,0.83,0.0
GCA_002435265.1,88.1,4.13,43.75
GCA_002439125.1,100.0,0.0,0.0
GCA_002439165.1,100.0,0.25,0.0
GCA_002440405.1,100.0,0.0,0.0
GCA_002440605.1,94.08,2.88,0.0
GCA_002440705.1,94.72,1.9,25.0
GCA_002441475.1,95.3,1.23,33.33
GCA_002441545.1,93.86,3.62,15.38
GCA_002452945.1,93.44,1.99,33.33
GCA_002452975.1,78.62,3.45,100.0
GCA_002453005.1,97.5,1.69,55.56
GCA_002453015.1,89.89,1.83,7.14
GCA_002453055.1,92.94,0.76,66.67
GCA_002453075.1,93.92,0.78,0.0
GCA_002453085.1,81.83,3.95,11.76
GCA_002453775.1,100.0,0.0,0.0
GCA_002453895.1,100.0,0.98,0.0
GCA_002454095.1,100.0,0.98,0.0
GCA_002454195.1,77.87,0.62,0.0
GCA_002454815.1,100.0,0.65,0.0
GCA_002455915.1,86.54,0.25,0.0
GCA_002457075.1,73.9,0.0,0.0
GCA_002457295.1,55.88,0.0,0.0
GCA_002457715.1,66.54,0.0,0.0
GCA_002469685.1,100.0,0.0,0.0
GCA_002470025.1,73.99,0.34,0.0
GCA_002470745.1,76.95,5.02,5.56
GCA_002470765.1,87.26,2.24,9.09
GCA_002470905.1,86.55,0.47,50.0
GCA_002471425.1,50.31,0.0,0.0
GCA_002471625.1,73.05,0.91,20.0
GCA_002471745.1,79.25,0.27,0.0
GCA_002471825.1,98.94,0.34,0.0
GCA_002472765.1,97.49,0.0,0.0
GCA_002472905.1,99.51,0.74,0.0
GCA_002472945.1,100.0,0.0,0.0
GCA_002476825.1,96.81,1.1,25.0
GCA_002476905.1,93.91,2.94,50.0
GCA_002477085.1,100.0,0.41,50.0
GCA_002477565.1,88.44,2.0,44.44
GCA_002477585.1,80.82,1.35,83.33
GCA_002477625.1,76.89,0.74,100.0
GCA_002477665.1,100.0,0.16,0.0
GCA_002478375.1,93.03,0.98,0.0
GCA_002478465.1,92.38,0.1,0.0
GCA_002478685.1,90.69,0.53,50.0
GCA_002480405.1,98.13,1.71,11.11
GCA_002480545.1,98.02,0.39,66.67
GCA_002482885.1,81.89,1.71,0.0
GCA_002482945.1,96.81,3.34,15.38
GCA_002482975.1,95.54,4.99,22.22
GCA_002483285.1,97.17,0.53,0.0
GCA_002483315.1,92.58,0.09,100.0
GCA_002484105.1,100.0,0.0,0.0
GCA_002484185.1,99.94,0.0,0.0
GCA_002484335.1,92.44,1.08,100.0
GCA_002484365.1,92.88,0.54,100.0
GCA_002494265.1,73.43,1.72,100.0
GCA_002514735.1,99.34,0.4,0.0
GCA_002530675.1,99.65,0.0,0.0
GCA_002530755.1,98.59,0.44,0.0
GCA_002557775.1,100.0,0.0,0.0
GCA_002591275.1,100.0,0.49,0.0
GCA_002631855.1,98.48,1.9,87.5
GCA_002682935.1,94.5,0.33,0.0
GCA_002683495.1,92.84,0.46,0.0
GCA_002683555.1,99.24,0.19,0.0
GCA_002684355.1,79.89,2.37,91.67
GCA_002684395.1,80.48,6.0,0.0
GCA_002686575.1,98.94,1.91,0.0
GCA_002687665.1,68.36,0.39,100.0
GCA_002690085.1,68.64,2.85,11.11
GCA_002690095.1,71.69,1.03,0.0
GCA_002690415.1,72.61,3.89,15.0
GCA_002690805.1,88.97,0.0,0.0
GCA_002691165.1,54.31,0.86,0.0
GCA_002691265.1,92.95,4.55,73.68
GCA_002691645.1,90.64,3.35,76.47
GCA_002691685.1,84.85,2.24,70.0
GCA_002692745.1,83.4,2.74,50.0
GCA_002693005.1,99.24,3.76,0.0
GCA_002693085.1,79.87,3.43,71.43
GCA_002693185.1,88.51,4.03,15.0
GCA_002693605.1,71.68,1.71,0.0
GCA_002693685.1,99.59,2.85,88.89
GCA_002693805.1,96.2,6.97,73.68
GCA_002694465.1,97.58,0.0,0.0
GCA_002694765.1,99.5,2.75,92.86
GCA_002695265.1,64.32,0.0,0.0
GCA_002695445.1,74.21,3.85,40.0
GCA_002695545.1,98.73,3.85,73.91
GCA_002696105.1,86.06,4.31,71.43
GCA_002696215.1,84.72,4.67,46.15
GCA_002696305.1,77.49,1.65,60.0
GCA_002696485.1,96.81,0.74,0.0
GCA_002696985.1,94.3,1.67,50.0
GCA_002697085.1,98.17,0.7,0.0
GCA_002697255.1,75.78,1.73,33.33
GCA_002697365.1,64.52,2.21,66.67
GCA_002697465.1,60.36,1.1,100.0
GCA_002697475.1,58.5,0.0,0.0
GCA_002697885.1,80.96,5.84,70.59
GCA_002698705.1,85.66,6.25,67.39
GCA_002698745.1,78.11,2.92,18.18
GCA_002698895.1,95.25,3.05,41.67
GCA_002699205.1,88.45,0.49,0.0
GCA_002699265.1,64.26,0.57,0.0
GCA_002699605.1,60.17,0.38,0.0
GCA_002700005.1,99.66,1.23,0.0
GCA_002700155.1,99.67,0.33,0.0
GCA_002700185.1,63.81,0.0,0.0
GCA_002700405.1,63.02,0.77,0.0
GCA_002700465.1,66.3,2.26,0.0
GCA_002702385.1,67.55,2.21,66.67
GCA_002702405.1,77.43,3.68,28.57
GCA_002702745.1,86.21,4.08,100.0
GCA_002702875.1,86.86,2.57,25.0
GCA_002702885.1,65.95,0.91,40.0
GCA_002702895.1,97.3,1.47,100.0
GCA_002703065.1,63.6,2.21,0.0
GCA_002703565.1,73.85,2.88,21.74
GCA_002705385.1,79.41,3.43,66.67
GCA_002705485.1,84.56,4.41,11.11
GCA_002705625.1,85.95,5.88,75.0
GCA_002706045.1,69.63,1.98,63.64
GCA_002707025.1,98.35,0.19,0.0
GCA_002707745.1,80.75,2.28,0.0
GCA_002708445.1,81.37,3.68,16.67
GCA_002708845.1,99.37,0.97,0.0
GCA_002709185.1,57.05,0.0,0.0
GCA_002710605.1,84.27,0.98,50.0
GCA_002710945.1,94.68,6.62,79.31
GCA_002711185.1,95.47,8.46,21.05
GCA_002711215.1,94.85,5.28,91.67
GCA_002711455.1,99.01,1.2,60.0
GCA_002711825.1,80.61,2.88,73.33
GCA_002713495.1,93.38,0.0,0.0
GCA_002713705.1,94.3,6.88,62.86
GCA_002714575.1,99.29,4.0,5.0
GCA_002714815.1,95.89,9.15,20.69
GCA_002714865.1,98.51,1.35,76.92
GCA_002715085.1,96.88,1.79,86.96
GCA_002715155.1,99.24,0.27,50.0
GCA_002715485.1,91.58,0.89,50.0
GCA_002715605.1,99.65,5.56,73.68
GCA_002716005.1,91.51,4.99,54.55
GCA_002716225.1,99.54,2.67,89.29
GCA_002716845.1,70.12,0.74,0.0
GCA_002719315.1,93.79,8.56,20.0
GCA_002719535.1,94.83,8.62,100.0
GCA_002721175.1,82.88,2.86,100.0
GCA_002721255.1,83.07,3.68,0.0
GCA_002721275.1,90.44,2.21,0.0
GCA_002722255.1,84.38,0.0,0.0
GCA_002723075.1,88.65,2.72,46.67
GCA_002723295.1,77.31,0.0,0.0
GCA_002725015.1,72.35,2.15,20.0
GCA_002726175.1,87.93,4.04,33.33
GCA_002726785.1,52.59,0.08,0.0
GCA_002727005.1,55.49,0.31,100.0
GCA_002728045.1,79.51,2.15,82.35
GCA_002728075.1,90.62,7.62,84.21
GCA_002728635.1,93.67,7.72,30.77
GCA_002728855.1,94.12,1.47,50.0
GCA_002729755.1,75.37,0.0,0.0
GCA_002732565.1,52.12,0.42,0.0
GCA_002733185.1,85.84,0.65,0.0
GCA_002733285.1,88.98,1.32,18.18
GCA_002733415.1,91.6,1.19,16.67
GCA_002733585.1,93.51,1.2,0.0
GCA_002733665.1,96.31,1.15,0.0
GCA_002733915.1,98.49,0.38,0.0
GCA_002737105.1,53.97,0.53,100.0
GCA_002738605.1,100.0,1.08,0.0
GCA_002741945.1,99.67,1.4,0.0
GCA_002742265.1,99.67,1.16,0.0
GCA_002742325.1,99.67,0.0,0.0
GCA_002742365.1,98.99,0.38,50.0
GCA_002744755.1,99.62,0.38,0.0
GCA_002746415.1,98.02,1.1,0.0
GCA_002747105.1,51.33,0.0,0.0
GCA_002747695.1,55.35,1.01,25.0
GCA_002747735.1,56.9,0.0,0.0
GCA_002749285.1,79.87,0.0,0.0
GCA_002754195.1,99.65,1.19,14.29
GCA_002754245.1,99.93,0.25,0.0
GCA_002754275.1,99.65,0.4,50.0
GCA_002754315.1,99.29,0.18,0.0
GCA_002770595.1,100.0,0.0,0.0
GCA_002770945.1,93.16,0.89,75.0
GCA_002780665.1,93.66,1.94,8.33
GCA_002781025.1,97.21,0.59,25.0
GCA_002781485.1,92.35,1.44,20.0
GCA_002781585.1,99.16,1.16,0.0
GCA_002782485.1,98.31,2.44,0.0
GCA_002782505.1,92.6,1.45,20.0
GCA_002782545.1,95.28,0.41,0.0
GCA_002784145.1,95.16,0.62,0.0
GCA_002784685.1,98.83,0.65,0.0
GCA_002785365.1,98.83,0.99,0.0
GCA_002785385.1,93.37,0.95,0.0
GCA_002786385.1,99.29,0.0,0.0
GCA_002789175.1,98.83,0.65,0.0
GCA_002789195.1,95.69,0.98,0.0
GCA_002790155.1,94.34,2.21,0.0
GCA_002790195.1,95.61,0.53,0.0
GCA_002793215.1,90.36,0.97,0.0
GCA_002796265.1,77.04,1.73,0.0
GCA_002797535.1,100.0,0.0,0.0
GCA_002797785.1,100.0,0.0,0.0
GCA_002797935.1,99.29,0.65,0.0
GCA_002806995.1,98.68,1.08,0.0
GCA_002807015.1,95.36,0.35,0.0
GCA_002807055.1,98.35,1.52,0.0
GCA_002810405.1,98.67,0.67,0.0
GCA_002813125.1,99.01,0.92,20.0
GCA_002813135.1,98.86,0.38,0.0
GCA_002813285.1,99.67,0.83,0.0
GCA_002813295.1,98.94,0.18,0.0
GCA_002813425.1,99.56,0.33,0.0
GCA_002813915.1,99.66,0.83,0.0
GCA_002814055.1,98.66,0.0,0.0
GCA_002814075.1,99.33,1.06,0.0
GCA_002831625.1,98.1,0.38,0.0
GCA_002831645.1,99.67,0.33,0.0
GCA_002831665.1,99.67,0.33,0.0
GCA_002831685.1,99.66,0.67,0.0
GCA_002833365.1,98.1,1.48,0.0
GCA_002833385.1,99.43,0.76,0.0
GCA_002835665.1,95.59,0.25,0.0
GCA_002836055.1,96.45,0.76,0.0
GCA_002836085.1,99.67,0.0,0.0
GCA_002836475.1,99.29,0.0,0.0
GCA_002836595.1,99.33,0.34,0.0
GCA_002843175.1,98.68,2.78,15.0
GCA_002843925.1,100.0,2.15,66.67
GCA_002843945.1,100.0,1.08,0.0
GCA_002846555.1,99.62,1.79,0.0
GCA_002846575.1,99.65,0.0,0.0
GCA_002846595.1,98.83,1.23,28.57
GCA_002848895.1,98.68,1.3,0.0
GCA_002862645.1,80.08,2.59,42.86
GCA_002862705.1,89.34,1.4,42.86
GCA_002862715.1,89.91,1.13,33.33
GCA_002862755.1,96.86,0.63,0.0
GCA_002862805.1,98.09,0.67,17.65
GCA_002886045.1,99.34,2.49,0.0
GCA_002887275.1,100.0,0.0,0.0
GCA_002888615.1,100.0,0.0,0.0
GCA_002893085.1,100.0,0.0,0.0
GCA_002893765.1,98.68,1.45,12.5
GCA_002895005.1,99.01,0.0,0.0
GCA_002895435.1,99.24,1.61,0.0
GCA_002896355.1,100.0,0.49,0.0
GCA_002899825.2,100.0,0.74,0.0
GCA_002899875.1,100.0,0.25,0.0
GCA_002899895.2,100.0,0.25,0.0
GCA_002899945.2,100.0,0.25,0.0
GCA_002900095.1,99.43,0.51,0.0
GCA_002900225.1,97.96,1.81,0.0
GCA_002909235.1,99.67,1.32,0.0
GCA_002909255.1,99.67,1.64,0.0
GCA_002916795.1,99.65,0.35,100.0
GCA_002916835.1,99.65,0.53,0.0
GCA_002917885.1,99.29,0.35,0.0
GCA_002920895.1,98.91,0.0,0.0
GCA_002924285.1,97.34,1.33,0.0
GCA_002934445.1,98.54,0.19,0.0
GCA_002940745.1,99.67,0.0,0.0
GCA_002943105.1,99.93,0.49,0.0
GCA_002943655.1,100.0,0.25,0.0
GCA_002943675.1,100.0,0.0,0.0
GCA_002943715.1,98.85,5.2,61.29
GCA_002943755.1,97.88,1.14,33.33
GCA_002951395.1,99.46,0.0,0.0
GCA_002951455.1,99.46,0.0,0.0
GCA_002954325.1,97.33,0.66,0.0
GCA_002954345.1,98.54,3.56,96.88
GCA_002954355.1,99.12,1.61,87.5
GCA_002954385.1,98.26,1.01,0.0
GCA_002954605.1,99.66,1.35,7.69
GCA_002954645.1,99.33,0.78,0.0
GCA_002954665.1,99.33,0.84,0.0
GCA_002954685.1,99.66,0.62,0.0
GCA_002954765.1,98.26,0.0,0.0
GCA_002964915.1,100.0,0.0,0.0
GCA_002964965.1,100.0,0.0,0.0
GCA_002964975.1,100.0,1.08,100.0
GCA_002966125.1,99.24,0.19,0.0
GCA_002973595.1,99.34,0.38,0.0
GCA_002979455.1,100.0,0.0,0.0
GCA_002979665.1,100.0,0.25,0.0
GCA_002979755.1,100.0,0.25,0.0
GCA_002994045.1,98.16,0.19,0.0
GCA_002995685.1,100.0,0.0,0.0
GCA_002995695.1,100.0,0.0,0.0
GCA_002995725.1,100.0,0.0,0.0
GCA_002998835.1,100.0,0.0,0.0
GCA_002999135.1,100.0,0.0,0.0
GCA_003001695.1,99.32,0.21,0.0
GCA_003001855.1,98.54,0.0,0.0
GCA_003001895.1,99.43,1.08,0.0
GCA_003003155.1,99.65,0.35,0.0
GCA_003006795.1,76.95,1.08,0.0
GCA_003008415.2,99.67,0.0,0.0
GCA_003008425.1,99.67,0.37,0.0
GCA_003008435.1,99.67,0.0,0.0
GCA_003008475.2,99.67,0.0,0.0
GCA_003014895.1,100.0,1.08,0.0
GCA_003020585.1,100.0,0.0,0.0
GCA_003024155.1,99.6,1.96,0.0
GCA_003024905.1,100.0,0.0,0.0
GCA_003034215.1,99.65,0.0,0.0
GCA_003053575.1,100.0,1.08,0.0
GCA_003054025.1,100.0,0.48,0.0
GCA_003054225.1,99.62,0.38,0.0
GCA_003054265.1,99.59,2.15,0.0
GCA_003055625.1,99.53,0.37,0.0
GCA_003057865.1,99.34,0.65,25.0
GCA_003058195.1,100.0,1.08,0.0
GCA_003058265.1,99.34,1.16,0.0
GCA_003061225.1,97.04,0.74,50.0
GCA_003061345.1,86.03,3.27,22.22
GCA_003061395.1,94.57,1.23,66.67
GCA_003070725.1,99.53,1.14,0.0
GCA_003075045.1,99.34,1.49,0.0
GCA_003076455.1,99.29,0.27,0.0
GCA_003076475.1,99.29,0.82,33.33
GCA_003094695.1,100.0,0.0,0.0
GCA_003095375.1,99.24,0.38,0.0
GCA_003095655.1,99.24,0.0,0.0
GCA_003096035.1,99.29,0.53,0.0
GCA_003096795.1,99.29,0.53,0.0
GCA_003097535.1,99.18,0.35,0.0
GCA_003097635.1,98.59,0.35,0.0
GCA_003097655.1,98.94,0.71,0.0
GCA_003105115.1,99.65,1.67,25.0
GCA_003122385.1,99.65,0.55,20.0
GCA_003122675.1,93.07,0.61,100.0
GCA_003129485.1,99.66,0.55,0.0
GCA_003143755.1,99.67,0.17,0.0
GCA_003144015.1,99.67,0.0,0.0
GCA_003146745.1,100.0,0.0,0.0
GCA_003148385.1,98.22,0.82,0.0
GCA_003148525.1,99.65,1.15,0.0
GCA_003148645.1,99.67,0.11,0.0
GCA_003148665.1,99.67,1.85,0.0
GCA_003149745.1,99.34,0.71,0.0
GCA_003182335.1,100.0,0.25,0.0
GCA_003201365.1,100.0,0.0,0.0
GCA_003201775.1,99.67,1.37,12.5
GCA_003202405.1,99.65,0.35,0.0
GCA_003202435.1,99.65,0.71,0.0
GCA_003208535.1,99.65,0.42,0.0
GCA_003217215.1,98.1,0.0,0.0
GCA_003217415.1,99.65,0.42,0.0
GCA_003229235.1,82.88,2.55,76.92
GCA_003232155.1,64.51,0.76,50.0
GCA_003232435.1,88.52,6.56,19.44
GCA_003233725.1,98.94,0.76,0.0
GCA_003241515.1,93.82,1.74,0.0
GCA_003241955.1,94.94,0.35,0.0
GCA_003242135.1,99.29,0.12,0.0
GCA_003243255.1,97.6,9.41,0.0
GCA_003246205.1,74.2,0.53,25.0
GCA_003248465.1,94.25,2.92,20.0
GCA_003248755.1,99.98,1.57,0.0
GCA_003253545.1,99.24,0.19,0.0
GCA_003254015.1,98.54,0.19,0.0
GCA_003254095.1,99.43,0.51,0.0
GCA_003254545.1,99.65,0.4,0.0
GCA_003254565.1,99.65,0.41,0.0
GCA_003254585.1,99.65,0.05,0.0
GCA_003254625.1,99.65,1.61,25.0
GCA_003254745.1,99.29,0.35,0.0
GCA_003258355.1,98.68,2.18,0.0
GCA_003259265.1,99.67,1.24,0.0
GCA_003259375.1,99.67,1.41,0.0
GCA_003259525.1,99.67,0.0,0.0
GCA_003259835.1,99.65,0.02,0.0
GCA_003260195.1,97.65,2.62,0.0
GCA_003260205.1,99.34,0.0,0.0
GCA_003268815.1,99.65,0.0,0.0
GCA_003268855.1,99.29,0.18,0.0
GCA_003269425.1,99.01,0.17,0.0
GCA_003285545.1,98.35,1.21,0.0
GCA_003290185.1,100.0,0.25,0.0
GCA_003293825.1,100.0,1.08,0.0
GCA_003293835.1,100.0,1.08,0.0
GCA_003293845.1,99.65,0.35,0.0
GCA_003298875.1,100.0,0.0,0.0
GCA_003312425.1,99.29,0.0,0.0
GCA_003312915.1,99.65,0.19,0.0
GCA_003314435.2,99.65,1.07,20.0
GCA_003315315.1,98.18,0.28,0.0
GCA_003318185.1,99.66,1.17,0.0
GCA_003331265.1,81.19,0.18,0.0
GCA_003331305.1,87.47,0.0,0.0
GCA_003331865.1,61.85,0.0,0.0
GCA_003331875.1,67.7,0.14,100.0
GCA_003331885.1,66.85,0.0,0.0
GCA_003333325.1,93.16,0.2,0.0
GCA_003335085.1,98.99,0.0,0.0
GCA_003335675.1,99.34,0.33,0.0
GCA_003336205.1,100.0,0.74,0.0
GCA_003337215.1,98.18,0.28,0.0
GCA_003337305.1,99.67,0.11,0.0
GCA_003344925.1,99.65,0.53,0.0
GCA_003347605.1,100.0,0.74,0.0
GCA_003350375.1,99.47,0.0,0.0
GCA_003350545.1,99.65,0.0,0.0
GCA_003352465.1,99.59,1.27,0.0
GCA_003353425.1,98.86,0.0,0.0
GCA_003362725.1,99.01,0.33,0.0
GCA_003382275.1,99.67,0.76,0.0
GCA_003384725.1,100.0,0.25,0.0
GCA_003384775.1,100.0,0.0,0.0
GCA_003384935.1,98.32,0.76,0.0
GCA_003385115.1,99.29,0.18,0.0
GCA_003385395.1,100.0,0.0,0.0
GCA_003385415.1,100.0,0.0,0.0
GCA_003385455.1,100.0,0.25,0.0
GCA_003385495.1,100.0,0.25,0.0
GCA_003385515.1,100.0,1.51,0.0
GCA_003385535.1,100.0,0.49,0.0
GCA_003385595.1,100.0,0.49,0.0
GCA_003385855.1,99.34,0.33,0.0
GCA_003385895.1,99.65,0.23,0.0
GCA_003386165.1,99.67,1.17,0.0
GCA_003386195.1,99.01,0.92,0.0
GCA_003386275.1,99.67,1.06,0.0
GCA_003386855.1,99.65,0.76,0.0
GCA_003387355.1,99.67,0.49,0.0
GCA_003387615.1,99.66,0.67,0.0
GCA_003391035.1,99.75,0.25,0.0
GCA_003403075.1,99.47,0.35,0.0
GCA_003410315.1,99.67,0.5,0.0
GCA_003413745.1,99.24,0.19,0.0
GCA_003425985.1,99.67,1.39,0.0
GCA_003426735.1,99.67,0.33,0.0
GCA_003426875.1,98.32,0.76,0.0
GCA_003433315.1,99.12,0.44,0.0
GCA_003433335.1,99.29,0.44,0.0
GCA_003433355.1,99.29,0.44,0.0
GCA_003443635.1,99.1,0.88,0.0
GCA_003443675.1,99.62,0.19,0.0
GCA_003443695.1,99.62,0.38,0.0
GCA_003443715.1,99.62,1.65,0.0
GCA_003445055.1,76.17,1.93,25.0
GCA_003447055.1,80.0,4.42,0.0
GCA_003447455.1,66.44,0.0,0.0
GCA_003448295.1,62.75,0.66,33.33
GCA_003449015.1,98.66,2.12,0.0
GCA_003449565.1,75.0,2.81,0.0
GCA_003449615.1,78.25,2.82,7.14
GCA_003450155.1,78.49,0.1,0.0
GCA_003450275.1,61.08,0.0,0.0
GCA_003450515.1,56.04,0.0,0.0
GCA_003454375.1,57.1,0.11,50.0
GCA_003455775.1,80.36,0.98,0.0
GCA_003455795.1,61.35,0.67,0.0
GCA_003455905.1,73.28,1.57,28.57
GCA_003457445.1,85.52,0.51,100.0
GCA_003476275.1,87.44,1.08,100.0
GCA_003476385.1,68.82,3.55,16.67
GCA_003476525.1,79.08,3.76,9.68
GCA_003482965.1,71.16,0.0,0.0
GCA_003483305.1,60.9,0.82,25.0
GCA_003484045.1,65.99,1.57,20.0
GCA_003484565.1,71.93,1.16,60.0
GCA_003487285.1,80.89,2.25,45.45
GCA_003487925.1,70.29,1.39,40.0
GCA_003488565.1,59.01,1.11,40.0
GCA_003497625.1,98.37,0.0,0.0
GCA_003504555.1,72.23,1.66,66.67
GCA_003506665.1,67.49,1.6,14.29
GCA_003506685.1,80.9,2.98,7.14
GCA_003507715.1,72.97,1.48,0.0
GCA_003507755.1,57.95,0.86,0.0
GCA_003510655.1,76.96,0.98,25.0
GCA_003511565.1,99.02,0.0,0.0
GCA_003511625.1,81.47,1.84,16.67
GCA_003511845.1,76.28,1.68,42.86
GCA_003511865.1,65.38,1.25,50.0
GCA_003513105.1,74.36,0.0,0.0
GCA_003513625.1,75.37,3.29,17.65
GCA_003514105.1,59.07,1.28,14.29
GCA_003515005.1,99.44,0.25,0.0
GCA_003516285.1,92.0,0.95,33.33
GCA_003516945.1,70.6,0.0,0.0
GCA_003517005.1,56.98,0.33,100.0
GCA_003517615.1,78.51,1.17,0.0
GCA_003520985.1,99.93,0.25,0.0
GCA_003523505.1,98.77,0.98,0.0
GCA_003524725.1,80.72,0.98,33.33
GCA_003525065.1,77.08,3.12,14.29
GCA_003525665.1,91.69,0.12,0.0
GCA_003526165.1,76.37,0.1,100.0
GCA_003529725.1,57.0,1.17,40.0
GCA_003529845.1,67.35,1.93,0.0
GCA_003533615.1,75.78,1.55,28.57
GCA_003533785.1,77.74,3.79,12.5
GCA_003534545.1,99.29,0.0,0.0
GCA_003536155.1,67.8,0.0,0.0
GCA_003537025.1,93.63,0.25,0.0
GCA_003537695.1,75.97,0.23,85.71
GCA_003538255.1,62.44,1.13,33.33
GCA_003538555.1,58.51,1.27,12.5
GCA_003538685.1,78.36,2.19,20.0
GCA_003541615.1,88.47,3.11,0.0
GCA_003545615.1,72.88,2.34,45.45
GCA_003550275.1,99.67,0.33,50.0
GCA_003564185.1,94.28,1.14,60.0
GCA_003565575.1,81.52,0.99,66.67
GCA_003581615.1,99.34,0.75,0.0
GCA_003584135.1,99.01,1.65,0.0
GCA_003584165.1,99.5,1.97,0.0
GCA_003585975.1,100.0,0.48,0.0
GCA_003590565.1,99.65,0.49,0.0
GCA_003610635.1,99.01,0.83,0.0
GCA_003610675.1,100.0,0.25,0.0
GCA_003610695.1,100.0,0.0,0.0
GCA_003610735.1,99.55,0.5,0.0
GCA_003614945.1,100.0,0.0,0.0
GCA_003626755.1,99.61,2.2,0.0
GCA_003626815.1,99.1,0.88,0.0
GCA_003626835.1,99.62,1.65,0.0
GCA_003626845.1,99.49,0.57,0.0
GCA_003626865.1,99.24,0.57,50.0
GCA_003633595.1,99.65,0.58,0.0
GCA_003633605.1,99.29,1.3,57.14
GCA_003633785.1,99.29,0.72,20.0
GCA_003633855.1,99.65,0.26,0.0
GCA_003634105.1,99.67,0.33,0.0
GCA_003634455.1,99.65,0.0,0.0
GCA_003634585.1,99.62,0.0,0.0
GCA_003634615.1,98.94,1.41,33.33
GCA_003634755.1,99.29,0.29,0.0
GCA_003634775.1,100.0,0.0,0.0
GCA_003634825.1,98.94,0.35,0.0
GCA_003663835.1,99.65,0.0,0.0
GCA_003663845.1,100.0,0.74,0.0
GCA_003663945.1,99.67,0.33,0.0
GCA_003664185.1,99.66,0.34,0.0
GCA_003667275.1,98.81,1.14,0.0
GCA_003668995.1,99.44,0.18,0.0
GCA_003669035.1,99.1,0.0,0.0
GCA_003687485.1,99.65,1.1,50.0
GCA_003687725.1,100.0,0.0,0.0
GCA_003688345.1,99.65,0.76,0.0
GCA_003688405.1,99.24,0.0,0.0
GCA_003688495.1,98.94,0.0,0.0
GCA_003688785.1,99.65,0.26,0.0
GCA_003688895.1,99.62,0.0,0.0
GCA_003692615.1,99.51,1.47,66.67
GCA_003709165.1,90.85,0.94,0.0
GCA_003709475.1,100.0,2.94,85.71
GCA_003710065.1,99.93,0.49,0.0
GCA_003712105.1,99.17,0.0,0.0
GCA_003712125.1,99.01,0.77,0.0
GCA_003725735.1,99.34,2.73,7.14
GCA_003729935.1,100.0,0.25,0.0
GCA_003729955.1,100.0,0.0,0.0
GCA_003729975.1,100.0,1.1,33.33
GCA_003729985.1,100.0,0.25,0.0
GCA_003730015.1,100.0,0.49,100.0
GCA_003730065.1,100.0,1.39,0.0
GCA_003732575.1,99.29,0.8,50.0
GCA_003755145.1,100.0,2.37,0.0
GCA_003788665.1,99.29,0.8,50.0
GCA_003795085.1,98.57,0.0,0.0
GCA_003812605.1,100.0,0.49,0.0
GCA_003812705.1,100.0,0.0,0.0
GCA_003812865.1,100.0,0.49,0.0
GCA_003813905.1,98.99,0.67,0.0
GCA_003815615.1,100.0,0.49,0.0
GCA_003815635.1,99.51,0.0,0.0
GCA_003815655.1,100.0,0.0,0.0
GCA_003815675.1,100.0,0.25,0.0
GCA_003815695.1,99.93,0.25,0.0
GCA_003815715.1,100.0,0.49,0.0
GCA_003815735.1,100.0,0.25,0.0
GCA_003815755.1,100.0,0.25,0.0
GCA_003815775.1,100.0,0.74,0.0
GCA_003815835.1,100.0,0.0,0.0
GCA_003815855.1,99.93,0.25,0.0
GCA_003815875.1,100.0,0.25,0.0
GCA_003815895.1,100.0,0.0,0.0
GCA_003815915.1,100.0,0.0,0.0
GCA_003815935.1,100.0,0.98,0.0
GCA_003815955.1,100.0,0.25,0.0
GCA_003815975.1,100.0,0.25,0.0
GCA_003815995.1,100.0,0.0,0.0
GCA_003816015.1,99.75,0.61,0.0
GCA_003852415.1,100.0,0.25,0.0
GCA_003852675.1,99.66,2.36,54.55
GCA_003852705.1,99.93,1.72,0.0
GCA_003852805.1,95.6,0.27,100.0
GCA_003858535.1,99.16,0.53,0.0
GCA_003860485.1,98.77,0.74,0.0
GCA_003860505.1,99.51,1.63,25.0
GCA_003860525.1,100.0,0.0,0.0
GCA_003860545.1,100.0,0.74,0.0
GCA_003860565.1,100.0,0.25,0.0
GCA_003860585.1,100.0,1.47,0.0
GCA_003860605.1,100.0,0.0,0.0
GCA_003865345.1,98.35,1.17,0.0
GCA_003865365.1,99.29,1.06,0.0
GCA_003865405.1,99.53,2.12,84.62
GCA_003867015.1,99.66,0.67,0.0
GCA_003867075.1,100.0,4.39,100.0
GCA_003931895.1,99.12,0.0,0.0
GCA_003932955.1,100.0,0.0,0.0
GCA_003933245.1,99.67,0.17,0.0
GCA_003935165.1,100.0,0.0,0.0
GCA_003935845.1,100.0,0.0,0.0
GCA_003937815.1,99.66,0.67,0.0
GCA_003944795.1,99.67,0.17,0.0
GCA_003946915.1,99.65,0.49,0.0
GCA_003957295.1,99.67,0.73,0.0
GCA_003963025.1,82.26,1.67,100.0
GCA_003966335.1,98.16,0.57,100.0
GCA_003968735.1,98.94,0.35,100.0
GCA_003968755.1,98.94,0.71,50.0
GCA_003968825.1,98.94,3.09,0.0
GCA_003970305.1,98.94,2.56,0.0
GCA_003970335.1,98.94,2.39,0.0
GCA_003970375.1,98.94,2.74,0.0
GCA_003970395.1,98.94,2.74,0.0
GCA_003970695.1,99.32,0.94,0.0
GCA_003971175.1,100.0,0.0,0.0
GCA_003971235.1,100.0,0.0,0.0
GCA_003973375.1,72.17,2.94,25.0
GCA_003973595.1,85.14,6.91,60.47
GCA_003984665.1,100.0,0.25,0.0
GCA_003984675.1,100.0,0.74,0.0
GCA_003984825.1,98.94,2.92,0.0
GCA_003984855.1,98.94,2.39,0.0
GCA_003992595.1,99.34,0.5,0.0
GCA_003992615.1,99.67,2.07,10.0
GCA_003992675.1,99.01,0.33,0.0
GCA_003996965.1,99.65,1.69,0.0
GCA_004010055.1,99.11,0.0,0.0
GCA_004010215.1,99.35,0.18,100.0
GCA_004010225.1,98.59,0.18,0.0
GCA_004014855.1,100.0,0.0,0.0
GCA_004016525.1,99.65,0.78,0.0
GCA_004022485.1,98.05,0.0,0.0
GCA_004023655.1,100.0,0.0,0.0
GCA_004028155.1,99.65,0.12,0.0
GCA_004088395.1,98.92,1.08,100.0
GCA_004104035.1,99.54,0.4,0.0
GCA_004104045.1,99.62,0.25,0.0
GCA_004104055.1,99.62,0.0,0.0
GCA_004104075.1,99.62,0.21,0.0
GCA_004104115.1,99.62,0.0,0.0
GCA_004104375.1,99.62,0.0,0.0
GCA_004115975.1,99.34,1.98,0.0
GCA_004119415.1,99.75,1.14,25.0
GCA_004119445.1,99.02,0.25,0.0
GCA_004119455.1,99.51,0.25,0.0
GCA_004119495.1,99.65,0.58,33.33
GCA_004119505.1,99.65,1.04,11.11
GCA_004121075.1,97.43,2.34,37.5
GCA_004122105.1,98.94,0.0,0.0
GCA_004122145.1,99.65,0.34,0.0
GCA_004122165.1,99.29,0.0,0.0
GCA_004137745.1,100.0,1.23,0.0
GCA_004139715.1,98.6,0.18,0.0
GCA_004150225.1,99.34,0.66,0.0
GCA_004151235.1,99.65,0.19,0.0
GCA_004151245.1,99.65,0.35,0.0
GCA_004151275.1,98.8,0.0,0.0
GCA_004151365.1,99.67,0.5,0.0
GCA_004195315.1,90.33,2.05,0.0
GCA_004211145.1,96.41,1.71,0.0
GCA_004211785.1,93.85,0.33,0.0
GCA_004211875.1,57.92,0.0,0.0
GCA_004213605.1,74.8,1.22,50.0
GCA_004213645.1,80.64,0.0,0.0
GCA_004213965.1,61.75,0.0,0.0
GCA_004213995.1,76.1,0.0,0.0
GCA_004214015.1,71.81,0.0,0.0
GCA_004214175.1,68.85,0.7,0.0
GCA_004214185.1,91.41,0.74,0.0
GCA_004214195.1,58.46,0.0,0.0
GCA_004214265.1,83.23,0.29,50.0
GCA_004214315.1,83.46,0.0,0.0
GCA_004216895.1,99.62,0.05,0.0
GCA_004282915.1,78.92,5.07,14.58
GCA_004283005.1,93.43,7.95,20.59
GCA_004293045.1,75.85,0.12,0.0
GCA_004293165.1,99.65,0.0,0.0
GCA_004293805.1,88.49,4.16,41.67
GCA_004295795.1,99.64,0.47,0.0
GCA_004296145.1,84.98,3.73,6.25
GCA_004296335.1,99.34,0.66,0.0
GCA_004303025.1,99.29,0.0,0.0
GCA_004310325.1,99.01,0.76,40.0
GCA_004310335.1,99.34,0.68,25.0
GCA_004321735.1,78.68,0.0,0.0
GCA_004328055.1,99.67,0.61,0.0
GCA_004328965.1,100.0,0.0,0.0
GCA_004329815.1,98.94,0.71,0.0
GCA_004332155.1,99.62,0.32,0.0
GCA_004337635.1,99.65,0.35,33.33
GCA_004337695.1,99.22,1.12,0.0
GCA_004339485.1,99.65,0.49,0.0
GCA_004339525.1,99.65,0.72,20.0
GCA_004341235.1,99.01,2.58,7.69
GCA_004341805.1,99.65,0.42,0.0
GCA_004345565.1,99.65,0.88,0.0
GCA_004345825.1,99.66,0.21,0.0
GCA_004346845.1,99.34,0.0,0.0
GCA_004349085.1,99.65,0.72,0.0
GCA_004349135.1,99.65,2.12,0.0
GCA_004349145.1,99.65,0.35,0.0
GCA_004349155.1,98.94,0.71,0.0
GCA_004349195.1,98.94,0.53,0.0
GCA_004349315.1,98.94,0.18,0.0
GCA_004349355.1,98.94,0.0,0.0
GCA_004352915.1,99.65,0.19,0.0
GCA_004355225.1,98.59,0.35,0.0
GCA_004358095.2,99.01,1.58,0.0
GCA_004359195.1,100.0,1.63,0.0
GCA_004359435.1,87.23,0.0,0.0
GCA_004362015.1,99.65,0.71,0.0
GCA_004362055.1,99.65,0.14,0.0
GCA_004362395.1,97.91,0.63,0.0
GCA_004362665.1,99.29,0.12,0.0
GCA_004362865.1,99.34,0.5,0.0
GCA_004363005.1,99.66,1.01,0.0
GCA_004363695.1,99.65,0.0,0.0
GCA_004364165.1,99.67,0.33,0.0
GCA_004364175.1,99.67,1.08,0.0
GCA_004364575.1,99.29,0.0,0.0
GCA_004364975.1,99.67,0.33,0.0
GCA_004365465.1,100.0,0.0,0.0
GCA_004365655.1,100.0,0.98,0.0
GCA_004366435.1,99.65,0.01,0.0
GCA_004366715.1,99.67,0.33,0.0
GCA_004368785.1,99.65,0.76,0.0
GCA_004368925.1,99.67,0.79,0.0
GCA_004369705.1,99.65,8.37,76.47
GCA_004378585.1,98.66,1.57,11.11
GCA_004525075.1,71.86,1.06,57.14
GCA_004634185.1,99.65,0.53,0.0
GCA_004634195.1,99.65,0.0,0.0
GCA_004634245.1,99.65,0.4,0.0
GCA_004684835.1,99.65,0.18,0.0
GCA_004745595.1,99.29,0.0,0.0
GCA_004762155.1,99.66,0.78,0.0
GCA_004785645.1,100.0,0.0,0.0
GCA_004791695.1,99.67,1.37,0.0
GCA_004797125.1,98.35,0.35,0.0
GCA_004799345.1,99.01,0.71,0.0
GCA_004799385.1,98.94,1.18,0.0
GCA_004801375.1,99.65,0.35,0.0
GCA_004803875.1,99.22,0.67,50.0
GCA_004804315.1,99.65,0.38,0.0
GCA_004804355.1,99.67,0.76,0.0
GCA_004843725.1,99.5,0.83,25.0
GCA_004916895.1,99.34,0.22,0.0
GCA_004916905.1,100.0,0.0,0.0
GCA_004959765.1,99.65,0.0,0.0
GCA_005047595.1,99.34,2.15,0.0
GCA_005144745.1,99.01,0.33,0.0
GCA_005234115.1,100.0,1.61,0.0
GCA_005503635.1,100.0,0.49,0.0
GCA_005771495.1,99.67,2.85,11.76
GCA_005780245.1,99.67,0.99,0.0
GCA_005792865.1,55.17,0.0,0.0
GCA_005844065.1,100.0,1.08,0.0
GCA_005862425.1,100.0,0.49,0.0
GCA_005869935.1,99.67,0.0,0.0
GCA_005885635.1,99.67,1.23,0.0
GCA_005885675.1,99.55,0.34,0.0
GCA_005937185.1,99.34,0.67,0.0
GCA_005943945.1,99.56,0.66,0.0
GCA_006065315.1,98.32,2.07,0.0
GCA_006088815.1,98.92,0.0,0.0
GCA_006120725.1,99.14,0.0,0.0
GCA_006148925.1,99.67,0.21,0.0
GCA_006159205.1,99.62,1.17,20.0
GCA_006175945.1,100.0,0.49,0.0
GCA_006265225.1,99.34,0.79,0.0
GCA_006346335.1,98.48,0.19,0.0
GCA_006381105.1,97.35,1.79,10.0
GCA_006383075.2,95.46,5.76,2.63
GCA_006385095.1,99.93,0.49,0.0
GCA_006385255.1,99.65,0.0,0.0
GCA_006386525.1,99.29,0.43,0.0
GCA_006438875.1,99.65,1.08,14.29
GCA_006443095.1,99.62,2.08,0.0
GCA_006491595.2,99.65,0.0,0.0
GCA_006491645.1,99.29,0.35,0.0
GCA_006494535.1,99.34,0.0,0.0
GCA_006539745.1,99.29,0.08,0.0
GCA_006539785.1,99.65,0.0,0.0
GCA_006546625.1,98.48,0.65,0.0
GCA_006714895.1,99.49,0.0,0.0
GCA_006716485.1,100.0,0.25,0.0
GCA_006716585.1,98.59,0.88,0.0
GCA_006777745.1,99.29,0.62,0.0
GCA_006777825.1,99.29,0.62,0.0
GCA_006777945.1,99.29,0.35,0.0
GCA_006778065.1,99.29,0.62,0.0
GCA_006778185.1,99.29,0.62,0.0
GCA_006778265.1,99.29,0.62,0.0
GCA_006778345.1,99.29,0.35,0.0
GCA_006778465.1,99.29,0.62,0.0
GCA_006778585.1,99.29,0.62,0.0
GCA_006789585.1,99.67,2.14,9.09
GCA_006829085.1,100.0,0.0,0.0
GCA_006974145.1,99.34,1.32,0.0
GCA_007050985.1,99.62,0.38,0.0
GCA_007097145.1,99.65,0.47,0.0
GCA_007097245.1,99.29,0.18,0.0
GCA_007097265.1,99.29,0.71,0.0
GCA_007097285.1,99.29,0.71,0.0
GCA_007097295.1,99.29,0.71,0.0
GCA_007097305.1,99.29,0.71,0.0
GCA_007097345.1,99.29,0.71,0.0
GCA_007097365.1,98.94,0.53,0.0
GCA_007097385.1,98.94,0.53,0.0
GCA_007109225.1,99.29,0.18,0.0
GCA_007109265.1,98.94,6.86,27.78
GCA_007116535.1,56.33,0.19,0.0
GCA_007197735.1,98.84,0.35,0.0
GCA_007279605.1,98.68,0.82,0.0
GCA_007279655.1,99.34,0.5,0.0
GCA_007341385.1,99.65,0.23,0.0
GCA_007362475.1,100.0,1.63,0.0
GCA_007474535.1,100.0,0.0,0.0
GCA_007474545.1,100.0,0.74,0.0
GCA_007489275.1,99.62,2.08,0.0
GCA_007559325.1,99.34,0.83,0.0
GCA_007785775.2,99.34,1.15,0.0
GCA_007827205.1,99.67,0.17,0.0
GCA_007827235.1,99.67,1.17,0.0
GCA_007827275.1,99.62,1.05,0.0
GCA_007827285.1,99.62,0.0,0.0
GCA_007827365.1,99.67,0.39,66.67
GCA_007827445.1,99.67,0.33,50.0
GCA_007827455.1,99.66,0.0,0.0
GCA_007827465.1,99.62,0.0,0.0
GCA_007830355.1,99.65,0.35,0.0
GCA_007830385.1,99.65,0.0,0.0
GCA_007830415.1,99.65,0.0,0.0
GCA_007830645.1,99.65,0.18,0.0
GCA_007845585.1,100.0,0.0,0.0
GCA_007845595.1,100.0,0.0,0.0
GCA_007845635.1,100.0,0.0,0.0
GCA_007923145.1,96.51,2.15,100.0
GCA_007923165.1,90.59,0.0,0.0
GCA_007989005.1,99.65,0.9,0.0
GCA_007990795.1,100.0,0.0,0.0
GCA_007990815.1,98.59,0.88,0.0
GCA_007990835.1,99.65,0.0,0.0
GCA_007991415.1,100.0,0.25,0.0
GCA_007991435.1,100.0,0.25,0.0
GCA_007991455.1,100.0,0.0,0.0
GCA_007992475.1,99.65,0.0,0.0
GCA_007993795.1,98.86,0.0,0.0
GCA_007994155.1,99.65,0.0,0.0
GCA_007997065.1,99.33,2.5,11.11
GCA_007997075.1,99.66,1.01,0.0
GCA_007997085.1,99.33,2.16,12.5
GCA_007997115.1,99.33,0.84,0.0
GCA_007997135.1,99.62,0.27,0.0
GCA_007997155.1,99.62,0.19,0.0
GCA_007997205.1,99.67,0.83,33.33
GCA_007997225.1,99.67,0.5,0.0
GCA_007997235.1,99.67,0.5,0.0
GCA_007997285.1,99.67,0.66,0.0
GCA_007997295.1,99.62,0.0,0.0
GCA_007997315.1,99.49,0.19,0.0
GCA_007997375.1,99.67,1.71,0.0
GCA_007997385.1,99.34,0.0,0.0
GCA_008000935.1,99.47,0.03,0.0
GCA_008014695.1,100.0,0.0,0.0
GCA_008017345.1,99.5,1.97,0.0
GCA_008017365.1,99.01,1.65,0.0
GCA_008017825.1,99.24,2.66,60.0
GCA_008017835.1,98.17,0.38,0.0
GCA_008033385.1,99.34,1.86,6.25
GCA_008033395.2,99.65,0.0,0.0
GCA_008040165.1,99.01,0.22,0.0
GCA_008056315.1,99.34,1.65,0.0
GCA_008081175.1,84.82,1.5,33.33
GCA_008081325.1,62.54,1.6,28.57
GCA_008084905.1,99.67,0.17,0.0
GCA_008086165.1,99.67,0.33,0.0
GCA_008086175.1,99.67,0.33,0.0
GCA_008086185.1,99.67,0.33,0.0
GCA_008086205.1,99.67,0.0,0.0
GCA_008124555.1,100.0,1.08,0.0
GCA_008124785.1,99.62,0.57,0.0
GCA_008124875.1,99.33,1.23,0.0
GCA_008244555.1,99.82,1.08,0.0
GCA_008274625.1,100.0,0.25,0.0
GCA_008329705.1,100.0,0.0,0.0
GCA_008329825.1,99.65,1.34,33.33
GCA_008367235.1,99.34,0.99,0.0
GCA_008367275.1,99.34,0.66,0.0
GCA_008369745.1,99.65,0.41,0.0
GCA_008370685.1,99.24,1.8,22.22
GCA_008386485.1,100.0,0.25,0.0
GCA_008386505.1,100.0,0.25,0.0
GCA_008386635.1,99.67,0.54,0.0
GCA_008501705.1,95.85,1.59,66.67
GCA_008629655.1,99.16,0.71,0.0
GCA_008630605.1,99.34,0.83,0.0
GCA_008692195.1,99.62,0.57,0.0
GCA_008705155.1,100.0,0.0,0.0
GCA_008711145.1,99.42,1.98,18.18
GCA_008806375.1,99.01,0.71,0.0
GCA_008806755.1,99.66,1.06,0.0
GCA_008806775.1,98.94,0.71,0.0
GCA_008831505.1,100.0,0.98,0.0
GCA_008974325.1,99.62,0.0,0.0
GCA_009014635.1,99.62,0.0,0.0
GCA_009184425.1,99.34,2.22,0.0
GCA_009193215.1,96.68,0.84,0.0
GCA_009360455.1,99.51,0.98,20.0
GCA_009360585.1,99.02,0.0,0.0
GCA_009360735.1,80.03,2.84,0.0
GCA_009360815.1,92.65,0.86,25.0
GCA_009362255.1,99.66,2.23,71.43
GCA_009363055.1,99.13,0.12,0.0
GCA_009371985.2,99.67,0.66,0.0
GCA_009495755.1,99.65,1.0,14.29
GCA_009495795.1,99.65,0.02,0.0
GCA_009495835.1,99.65,0.62,75.0
GCA_009496935.1,100.0,0.0,0.0
GCA_009498295.1,98.68,1.64,0.0
GCA_009602705.1,100.0,0.25,0.0
GCA_009648515.1,100.0,0.74,0.0
GCA_009648535.1,100.0,1.72,0.0
GCA_009649685.1,99.01,0.61,0.0
GCA_009659645.1,100.0,0.0,0.0
GCA_009659665.1,100.0,0.0,0.0
GCA_009659705.1,100.0,0.0,0.0
GCA_009663455.1,100.0,0.98,50.0
GCA_009663465.1,100.0,0.49,0.0
GCA_009663475.1,100.0,0.49,100.0
GCA_009663485.1,100.0,0.49,0.0
GCA_009663555.1,100.0,0.0,0.0
GCA_009663565.1,100.0,0.0,0.0
GCA_009663575.1,100.0,0.98,100.0
GCA_009663585.1,100.0,0.0,0.0
GCA_009663595.1,100.0,0.0,0.0
GCA_009664855.1,97.0,0.42,0.0
GCA_009670965.1,100.0,0.0,0.0
GCA_009670975.1,100.0,0.49,0.0
GCA_009674775.1,99.65,1.06,0.0
GCA_009674815.1,99.65,0.74,33.33
GCA_009674825.1,99.34,1.51,9.09
GCA_009684755.1,100.0,0.0,0.0
GCA_009684775.1,100.0,0.0,0.0
GCA_009690645.1,100.0,0.49,0.0
GCA_009690655.1,100.0,0.98,66.67
GCA_009690665.1,100.0,0.0,0.0
GCA_009690695.1,100.0,0.49,0.0
GCA_009690705.1,100.0,0.98,66.67
GCA_009690745.1,100.0,0.0,0.0
GCA_009690765.1,100.0,0.49,0.0
GCA_009690775.1,100.0,0.49,0.0
GCA_009693635.1,84.2,2.3,33.33
GCA_009697265.1,100.0,0.0,0.0
GCA_009707955.1,99.65,2.15,12.5
GCA_009709615.1,99.34,1.79,0.0
GCA_009711045.1,99.65,0.47,50.0
GCA_009711055.1,99.47,0.35,0.0
GCA_009711135.1,99.65,0.05,0.0
GCA_009711165.1,99.65,0.4,0.0
GCA_009725985.1,99.61,1.32,0.0
GCA_009725995.1,99.5,1.37,0.0
GCA_009730375.1,99.05,0.24,0.0
GCA_009730675.1,99.29,0.44,0.0
GCA_009735585.1,99.6,1.27,0.0
GCA_009735695.1,99.62,0.13,0.0
GCA_009741275.1,99.34,0.5,0.0
GCA_009741375.1,99.65,0.12,0.0
GCA_009746565.1,99.34,1.19,0.0
GCA_009753805.1,99.29,0.35,0.0
GCA_009764235.1,100.0,0.0,0.0
GCA_009764275.1,100.0,0.0,0.0
GCA_009764685.1,99.65,0.12,0.0
GCA_009764715.1,99.29,2.37,72.73
GCA_009767705.1,99.65,0.97,0.0
GCA_009789235.1,99.65,0.35,0.0
GCA_009792295.1,99.65,1.53,0.0
GCA_009796785.1,99.33,1.23,0.0
GCA_009796805.1,99.34,2.04,0.0
GCA_009796825.1,99.56,0.38,0.0
GCA_009796865.1,97.03,0.94,0.0
GCA_009797025.1,99.67,0.71,0.0
GCA_009797885.1,99.01,2.91,0.0
GCA_009799805.1,99.65,0.0,0.0
GCA_009800945.1,100.0,0.0,0.0
GCA_009807485.1,99.67,0.79,0.0
GCA_009810215.1,100.0,1.08,0.0
GCA_009826935.1,99.65,0.53,0.0
GCA_009826975.1,99.65,0.4,0.0
GCA_009827225.1,99.14,0.57,33.33
GCA_009827705.1,100.0,0.0,0.0
GCA_009827735.1,100.0,0.0,0.0
GCA_009827745.1,100.0,0.0,0.0
GCA_009827755.1,100.0,0.0,0.0
GCA_009827795.1,100.0,0.0,0.0
GCA_009827805.1,100.0,0.0,0.0
GCA_009827835.1,100.0,0.0,0.0
GCA_009827845.1,100.0,0.0,0.0
GCA_009827855.1,100.0,0.0,0.0
GCA_009827885.1,100.0,0.0,0.0
GCA_009828155.1,100.0,0.0,0.0
GCA_009828165.1,100.0,0.0,0.0
GCA_009830375.1,99.67,0.79,0.0
GCA_009832605.1,100.0,0.0,0.0
GCA_009832745.1,99.33,0.14,0.0
GCA_009834475.1,100.0,0.0,0.0
GCA_009835005.1,100.0,0.0,0.0
GCA_009848495.1,99.65,0.35,0.0
GCA_009865615.1,100.0,0.0,0.0
GCA_009865665.1,100.0,2.15,0.0
GCA_009865685.1,100.0,0.0,0.0
GCA_009865695.1,100.0,0.0,0.0
GCA_009870135.1,100.0,0.0,0.0
GCA_009886255.1,84.93,3.58,0.0
GCA_009886265.1,85.41,1.82,30.0
GCA_009886545.1,68.88,2.21,28.57
GCA_009886625.1,91.95,0.26,0.0
GCA_009886755.1,91.67,0.65,0.0
GCA_009900745.1,100.0,1.72,0.0
GCA_009901525.1,99.92,0.71,0.0
GCA_009901575.1,99.67,0.77,0.0
GCA_009901585.1,99.67,0.5,0.0
GCA_009902355.1,100.0,0.0,0.0
GCA_009903685.1,99.34,0.59,12.5
GCA_009904105.1,100.0,0.0,0.0
GCA_009909155.2,99.65,0.07,0.0
GCA_009914665.1,100.0,0.0,0.0
GCA_009915155.1,99.18,0.0,0.0
GCA_009921175.1,83.31,1.3,20.0
GCA_009921505.1,90.93,5.64,7.69
GCA_009923175.1,90.57,4.0,8.33
GCA_009926065.1,97.41,0.03,100.0
GCA_009932355.1,100.0,0.0,0.0
GCA_009938095.1,100.0,1.08,0.0
GCA_009993445.1,86.05,0.88,0.0
GCA_009993745.1,88.12,1.94,0.0
GCA_009993865.1,90.16,1.61,0.0
GCA_009994075.1,79.36,1.97,6.25
GCA_009994285.1,89.71,1.99,5.26
GCA_009994385.1,94.14,1.43,9.09
GCA_009994725.1,90.37,1.63,7.14
GCA_009994925.1,95.42,0.82,16.67
GCA_009995125.1,91.24,5.51,7.14
GCA_009995145.1,98.95,0.65,0.0
GCA_009995175.1,95.99,2.79,40.0
GCA_010031465.1,98.4,9.56,12.5
GCA_010078225.1,99.65,0.05,0.0
GCA_010119125.1,65.89,1.71,80.0
GCA_010119235.1,98.56,0.35,0.0
GCA_010365135.1,76.21,1.72,0.0
GCA_010468565.1,99.01,0.33,100.0
GCA_010500845.1,99.34,2.48,0.0
GCA_010614725.1,99.65,0.9,0.0
GCA_010645065.1,99.65,0.0,0.0
GCA_010645075.1,99.65,0.0,0.0
GCA_010671565.1,99.34,0.87,0.0
GCA_010671595.1,99.01,0.73,0.0
GCA_010671605.1,99.67,1.65,0.0
GCA_010725055.1,99.34,3.4,47.06
GCA_010820555.1,99.37,0.0,0.0
GCA_010906935.1,95.27,2.78,26.67
GCA_010993655.1,99.65,0.18,0.0
GCA_010993815.1,99.67,0.89,0.0
GCA_010993855.1,99.34,1.98,0.0
GCA_011007495.1,99.16,0.0,0.0
GCA_011044175.1,99.62,0.0,0.0
GCA_011049845.1,81.56,1.32,20.0
GCA_011050015.1,64.26,0.0,0.0
GCA_011050085.1,98.51,0.91,0.0
GCA_011050675.1,99.67,1.49,0.0
GCA_011058315.1,100.0,0.49,0.0
GCA_011064265.1,99.65,0.18,0.0
GCA_011065475.1,98.48,0.19,0.0
GCA_011068285.1,99.34,0.66,0.0
GCA_011082485.1,100.0,0.0,0.0
GCA_011082725.1,100.0,0.0,0.0
GCA_011087845.1,90.77,1.06,0.0
GCA_011089875.1,96.98,0.19,0.0
GCA_011305415.1,99.29,0.03,0.0
GCA_011316545.1,99.65,0.0,0.0
GCA_011316565.1,99.65,0.0,0.0
GCA_011316575.1,99.65,0.0,0.0
GCA_011316625.1,99.65,0.18,0.0
GCA_011316665.1,99.65,0.0,0.0
GCA_011316685.1,99.65,0.18,0.0
GCA_011330545.1,81.02,4.52,34.78
GCA_011365745.1,100.0,0.18,0.0
GCA_011378915.1,99.5,1.12,0.0
GCA_011378975.1,99.67,1.37,0.0
GCA_011379025.1,99.5,0.38,0.0
GCA_011391075.1,83.46,0.0,0.0
GCA_011392075.1,98.94,0.12,0.0
GCA_011392115.1,99.29,0.03,0.0
GCA_011392125.1,99.29,0.88,0.0
GCA_011524575.1,78.54,3.26,7.69
GCA_011524815.1,89.64,0.37,0.0
GCA_011524905.1,92.48,0.95,0.0
GCA_011524915.1,96.57,0.74,0.0
GCA_011525015.1,91.26,0.07,0.0
GCA_011525065.1,75.42,0.66,25.0
GCA_011525195.1,87.13,2.3,9.09
GCA_011526265.1,83.8,0.77,0.0
GCA_011526275.1,86.68,0.0,0.0
GCA_011526285.1,92.39,0.0,0.0
GCA_011526335.1,80.69,5.69,24.24
GCA_011526365.1,90.38,1.0,0.0
GCA_011601185.1,100.0,1.08,0.0
GCA_011601205.1,100.0,1.08,0.0
GCA_011601245.1,100.0,1.08,0.0
GCA_011612125.1,100.0,0.0,0.0
GCA_011742145.1,98.94,0.0,0.0
GCA_011751075.1,99.65,1.62,0.0
GCA_011752975.1,100.0,0.0,0.0
GCA_011762155.1,96.98,0.57,0.0
GCA_011762485.1,99.21,0.61,0.0
GCA_011764015.1,99.67,1.02,0.0
GCA_011777505.1,97.66,1.32,0.0
GCA_011784865.1,99.62,0.25,0.0
GCA_011784885.1,99.47,0.46,75.0
GCA_011882165.1,99.01,0.0,0.0
GCA_011927765.1,96.98,1.58,0.0
GCA_011927795.1,99.34,0.65,0.0
GCA_011952225.1,99.66,0.89,0.0
GCA_012032075.1,78.86,0.84,33.33
GCA_012038135.1,99.62,0.05,0.0
GCA_012269955.1,86.21,6.99,0.0
GCA_012270005.1,96.0,0.8,25.0
GCA_012272815.1,99.01,0.0,0.0
GCA_012272855.1,99.67,0.33,0.0
GCA_012273135.1,100.0,0.98,33.33
GCA_012273575.1,100.0,0.49,0.0
GCA_012273615.1,100.0,0.25,0.0
GCA_012522185.1,97.31,0.0,0.0
GCA_012524075.1,97.65,1.1,0.0
GCA_012837155.1,89.38,0.29,50.0
GCA_012910715.1,99.67,1.49,23.08
GCA_012911565.1,99.65,0.35,0.0
GCA_012911605.1,99.29,0.12,0.0
GCA_012927265.1,100.0,0.49,0.0
GCA_012927325.1,99.93,0.74,0.0
GCA_012931685.1,99.67,0.0,0.0
GCA_012932585.1,99.65,0.0,0.0
GCA_012952015.1,100.0,0.0,0.0
GCA_012959395.1,83.82,1.1,50.0
GCA_012963555.1,92.4,2.42,53.33
GCA_012964435.1,97.64,0.0,0.0
GCA_012964565.1,99.24,0.0,0.0
GCA_012974865.1,98.48,0.0,0.0
GCA_013001085.1,79.92,3.03,87.5
GCA_013001145.1,94.77,1.79,90.0
GCA_013001275.1,99.06,1.58,30.0
GCA_013001285.1,96.69,0.34,33.33
GCA_013001345.1,79.0,4.11,53.33
GCA_013001365.1,89.59,3.87,63.16
GCA_013001935.1,65.73,1.94,90.0
GCA_013001965.1,88.24,2.23,33.33
GCA_013002065.1,94.39,3.15,57.89
GCA_013002225.1,98.19,5.18,22.73
GCA_013002355.1,69.49,2.7,30.77
GCA_013003025.1,97.47,1.86,14.29
GCA_013003145.1,80.22,2.79,57.14
GCA_013003555.1,94.18,6.74,32.43
GCA_013003585.1,79.08,4.09,61.9
GCA_013003655.1,73.8,2.45,47.83
GCA_013041785.1,80.2,4.43,52.17
GCA_013041805.1,95.39,2.2,50.0
GCA_013042075.1,93.63,2.93,55.56
GCA_013042125.1,79.8,1.71,40.0
GCA_013042245.1,87.93,0.2,100.0
GCA_013042255.1,71.77,1.61,33.33
GCA_013042305.1,85.49,4.24,84.0
GCA_013042315.1,90.87,8.04,54.17
GCA_013042345.1,81.39,2.84,84.21
GCA_013042425.1,70.14,1.53,50.0
GCA_013042535.1,96.36,0.5,0.0
GCA_013042595.1,98.42,1.2,50.0
GCA_013042625.1,89.21,1.0,66.67
GCA_013042665.1,89.54,6.34,19.51
GCA_013042685.1,74.48,3.36,59.09
GCA_013042715.1,82.59,5.58,53.85
GCA_013042825.1,79.02,2.24,41.94
GCA_013042885.1,93.96,2.12,84.62
GCA_013042925.1,83.36,4.65,30.77
GCA_013043005.1,75.26,1.76,22.22
GCA_013043105.1,96.46,1.49,0.0
GCA_013043175.1,85.94,3.69,71.43
GCA_013043265.1,81.8,2.83,81.25
GCA_013043465.1,91.0,6.11,47.22
GCA_013043525.1,82.37,3.91,57.14
GCA_013043685.1,99.01,1.13,14.29
GCA_013043825.1,82.85,6.01,46.51
GCA_013043865.1,95.77,3.37,55.0
GCA_013072765.1,98.94,0.12,0.0
GCA_013090115.1,99.28,0.5,0.0
GCA_013116755.1,100.0,0.0,0.0
GCA_013139515.1,90.67,2.78,22.22
GCA_013184525.1,100.0,0.0,0.0
GCA_013204145.1,88.57,0.06,0.0
GCA_013205245.1,95.23,2.01,0.0
GCA_013213835.1,99.67,1.44,41.67
GCA_013213975.1,96.81,1.39,12.5
GCA_013214065.1,99.01,0.44,0.0
GCA_013214275.1,73.45,0.9,0.0
GCA_013214425.1,90.4,1.62,16.67
GCA_013214625.1,91.38,6.35,0.0
GCA_013214815.1,96.6,1.43,14.29
GCA_013215095.1,97.27,0.15,0.0
GCA_013215105.1,93.26,1.05,40.0
GCA_013249045.1,99.34,0.17,0.0
GCA_013249065.1,99.34,1.19,0.0
GCA_013276165.1,99.52,0.0,0.0
GCA_013276215.1,100.0,0.0,0.0
GCA_013276225.1,100.0,0.0,0.0
GCA_013276255.1,100.0,0.48,0.0
GCA_013276265.1,100.0,0.24,0.0
GCA_013283775.1,100.0,0.0,0.0
GCA_013284035.1,99.12,0.18,0.0
GCA_013285155.1,99.67,0.44,0.0
GCA_013294005.1,99.29,0.03,0.0
GCA_013294015.1,100.0,0.25,0.0
GCA_013294025.1,99.29,0.35,0.0
GCA_013294075.1,99.29,0.03,0.0
GCA_013298525.1,90.57,3.86,33.33
GCA_013333255.2,100.0,0.0,0.0
GCA_013333305.2,59.89,1.11,33.33
GCA_013333505.2,95.7,0.0,0.0
GCA_013333705.2,93.65,1.59,70.0
GCA_013333875.2,88.45,1.57,75.0
GCA_013343175.2,99.29,0.44,0.0
GCA_013343195.3,99.29,0.44,0.0
GCA_013365535.1,99.62,1.14,0.0
GCA_013366395.1,99.64,0.12,0.0
GCA_013372885.1,82.99,2.31,57.14
GCA_013373105.1,97.93,1.39,14.29
GCA_013373385.1,98.34,1.11,0.0
GCA_013373485.1,98.51,0.76,0.0
GCA_013373635.1,93.12,2.73,8.33
GCA_013376415.1,99.34,0.0,0.0
GCA_013388355.1,84.5,0.49,0.0
GCA_013389455.1,99.29,0.35,0.0
GCA_013389595.1,99.53,0.71,40.0
GCA_013391805.1,99.67,0.17,0.0
GCA_013393195.1,99.65,0.43,0.0
GCA_013394595.1,99.67,0.77,0.0
GCA_013394615.1,99.67,0.77,0.0
GCA_013394635.1,99.67,0.17,0.0
GCA_013394655.1,99.67,0.83,0.0
GCA_013394675.1,99.67,0.98,0.0
GCA_013394735.1,99.29,0.71,100.0
GCA_013394785.1,100.0,0.48,100.0
GCA_013401995.1,99.64,0.12,0.0
GCA_013402795.1,99.34,0.33,0.0
GCA_013403865.1,99.67,0.11,0.0
GCA_013403915.1,99.67,0.11,0.0
GCA_013403925.1,99.67,0.66,0.0
GCA_013403955.1,99.67,0.6,0.0
GCA_013403975.1,99.67,0.33,0.0
GCA_013403985.1,99.67,0.77,0.0
GCA_013404005.1,99.67,0.0,0.0
GCA_013404025.1,99.67,0.61,0.0
GCA_013404055.1,99.67,0.82,0.0
GCA_013404085.1,99.67,0.98,0.0
GCA_013407935.1,99.34,0.66,0.0
GCA_013410675.1,100.0,0.0,0.0
GCA_013426055.1,97.64,0.8,0.0
GCA_013457195.1,98.94,0.44,0.0
GCA_013488205.1,100.0,0.0,0.0
GCA_013820965.1,72.58,2.01,16.67
GCA_013821805.1,95.38,5.12,55.56
GCA_013822155.1,99.59,0.48,40.0
GCA_013823965.1,78.09,1.72,0.0
GCA_013874595.1,92.44,0.0,0.0
GCA_013911645.1,98.68,0.08,0.0
GCA_013978575.1,100.0,0.25,0.0
GCA_014041915.1,100.0,0.25,0.0
GCA_014042165.1,99.46,0.0,0.0
GCA_014050215.1,99.16,0.0,0.0
GCA_014062315.1,99.34,1.49,0.0
GCA_014062345.1,98.83,0.33,0.0
GCA_014075215.1,96.92,1.23,14.29
GCA_014077645.1,99.67,0.38,0.0
GCA_014138495.1,99.65,0.0,0.0
GCA_014145635.1,99.65,0.65,0.0
GCA_014145665.1,99.65,0.51,0.0
GCA_014156605.1,99.65,0.53,50.0
GCA_014191595.1,99.67,0.0,0.0
GCA_014197445.1,97.38,0.19,0.0
GCA_014201785.1,100.0,0.74,0.0
GCA_014202195.1,99.01,0.83,0.0
GCA_014202225.1,99.34,0.83,0.0
GCA_014204235.1,100.0,0.25,0.0
GCA_014204385.1,99.65,0.5,0.0
GCA_014204415.1,100.0,0.0,0.0
GCA_014207835.1,100.0,0.25,0.0
GCA_014207845.1,100.0,0.25,0.0
GCA_014207905.1,99.65,0.5,0.0
GCA_014212065.1,100.0,8.97,0.0
GCA_014218785.1,100.0,0.74,0.0
GCA_014218815.1,100.0,0.49,0.0
GCA_014218825.1,100.0,0.25,0.0
GCA_014218885.1,100.0,0.74,0.0
GCA_014218905.1,100.0,0.25,0.0
GCA_014218915.1,100.0,0.98,0.0
GCA_014218945.1,100.0,0.98,0.0
GCA_014219105.1,100.0,1.08,0.0
GCA_014219125.1,100.0,1.08,0.0
GCA_014219135.1,100.0,1.08,0.0
GCA_014219145.1,100.0,1.08,0.0
GCA_014219165.1,100.0,1.08,0.0
GCA_014219205.1,100.0,2.15,50.0
GCA_014219225.1,100.0,1.08,0.0
GCA_014219235.1,100.0,2.15,50.0
GCA_014219245.1,100.0,1.08,0.0
GCA_014219285.1,100.0,1.08,0.0
GCA_014219295.1,100.0,2.15,50.0
GCA_014219325.1,100.0,1.08,0.0
GCA_014219335.1,100.0,1.08,0.0
GCA_014219345.1,100.0,0.0,0.0
GCA_014219385.1,100.0,1.08,0.0
GCA_014219395.1,100.0,0.0,0.0
GCA_014219425.1,100.0,0.0,0.0
GCA_014219435.1,100.0,0.0,0.0
GCA_014219455.1,100.0,1.08,0.0
GCA_014219495.1,100.0,0.0,0.0
GCA_014219575.1,100.0,1.08,0.0
GCA_014219595.1,100.0,1.08,0.0
GCA_014219625.1,100.0,1.08,0.0
GCA_014219635.1,100.0,1.08,0.0
GCA_014219665.1,100.0,1.08,0.0
GCA_014219685.1,100.0,0.0,0.0
GCA_014219695.1,100.0,1.08,0.0
GCA_014219705.1,100.0,1.08,0.0
GCA_014219745.1,100.0,0.0,0.0
GCA_014219765.1,100.0,1.08,0.0
GCA_014219775.1,100.0,1.08,0.0
GCA_014219805.1,100.0,1.08,0.0
GCA_014219815.1,100.0,0.0,0.0
GCA_014219825.1,100.0,1.08,0.0
GCA_014219865.1,100.0,1.08,0.0
GCA_014219885.1,100.0,1.08,0.0
GCA_014219895.1,100.0,0.49,0.0
GCA_014219905.1,100.0,1.08,0.0
GCA_014219965.1,100.0,0.49,0.0
GCA_014219975.1,100.0,0.49,0.0
GCA_014219985.1,100.0,0.49,0.0
GCA_014220005.1,100.0,0.49,0.0
GCA_014220045.1,100.0,0.0,0.0
GCA_014220055.1,100.0,0.98,0.0
GCA_014220065.1,100.0,0.49,0.0
GCA_014220105.1,100.0,0.74,0.0
GCA_014220115.1,100.0,0.74,0.0
GCA_014220145.1,100.0,0.98,0.0
GCA_014220155.1,100.0,0.98,0.0
GCA_014220165.1,100.0,0.98,0.0
GCA_014220185.1,100.0,0.49,0.0
GCA_014220225.1,100.0,0.98,0.0
GCA_014220245.1,100.0,0.98,0.0
GCA_014220265.1,100.0,0.98,0.0
GCA_014220275.1,100.0,0.49,0.0
GCA_014220285.1,100.0,0.49,0.0
GCA_014220295.1,100.0,0.49,0.0
GCA_014220345.1,100.0,1.01,20.0
GCA_014220365.1,100.0,0.49,0.0
GCA_014220375.1,100.0,0.49,0.0
GCA_014220395.1,100.0,0.98,0.0
GCA_014220405.1,100.0,0.49,0.0
GCA_014220445.1,100.0,0.74,0.0
GCA_014220465.1,100.0,0.98,0.0
GCA_014220475.1,100.0,1.1,25.0
GCA_014220505.1,100.0,0.49,0.0
GCA_014220515.1,100.0,0.74,0.0
GCA_014220525.1,100.0,0.49,0.0
GCA_014220565.1,100.0,0.49,0.0
GCA_014220575.1,100.0,0.49,0.0
GCA_014220605.1,100.0,0.49,0.0
GCA_014220615.1,100.0,0.49,0.0
GCA_014220635.1,100.0,0.49,0.0
GCA_014220655.1,100.0,3.92,20.0
GCA_014220675.1,100.0,1.08,0.0
GCA_014220695.1,100.0,0.49,0.0
GCA_014220725.1,100.0,1.08,0.0
GCA_014220735.1,100.0,0.0,0.0
GCA_014220755.1,100.0,0.0,0.0
GCA_014220785.1,100.0,0.0,0.0
GCA_014220795.1,100.0,1.08,0.0
GCA_014220805.1,100.0,1.08,0.0
GCA_014220845.1,100.0,1.08,0.0
GCA_014220855.1,100.0,1.08,0.0
GCA_014220885.1,100.0,1.08,0.0
GCA_014220895.1,100.0,0.0,0.0
GCA_014220925.1,100.0,1.08,0.0
GCA_014235875.1,99.01,0.0,0.0
GCA_014238425.1,99.01,1.06,0.0
GCA_014239275.1,95.59,0.07,0.0
GCA_014239615.1,80.28,4.04,57.14
GCA_014239665.1,84.53,3.68,16.67
GCA_014239895.1,65.4,1.95,63.64
GCA_014243345.1,99.34,0.11,0.0
GCA_014243395.1,99.34,0.49,0.0
GCA_014270105.1,99.01,1.2,0.0
GCA_014281985.1,99.29,0.32,50.0
GCA_014284085.1,99.67,1.6,0.0
GCA_014295415.1,98.86,0.0,0.0
GCA_014297365.1,99.67,1.6,0.0
GCA_014303495.1,87.35,0.22,0.0
GCA_014305095.1,99.29,0.71,0.0
GCA_014305115.1,99.29,0.71,0.0
GCA_014305155.1,99.29,0.42,0.0
GCA_014305175.1,99.29,0.42,0.0
GCA_014305205.1,99.29,0.03,0.0
GCA_014305215.1,100.0,0.18,0.0
GCA_014352875.1,99.66,0.74,0.0
GCA_014353055.1,99.93,1.72,0.0
GCA_014377455.1,94.16,3.86,34.78
GCA_014379405.1,81.14,0.88,25.0
GCA_014385425.1,86.74,1.3,0.0
GCA_014397005.1,99.92,1.08,0.0
GCA_014397245.1,99.67,1.7,0.0
GCA_014451095.1,87.27,2.65,26.67
GCA_014486675.1,99.29,0.12,0.0
GCA_014486695.1,98.94,0.0,0.0
GCA_900018365.1,100.0,0.0,0.0
GCA_900078205.2,100.0,0.25,0.0
GCA_900089075.1,100.0,0.0,0.0
GCA_900089995.1,99.62,1.01,0.0
GCA_900092045.1,100.0,1.08,0.0
GCA_900092065.1,100.0,0.0,0.0
GCA_900092085.1,100.0,0.0,0.0
GCA_900092105.1,100.0,0.0,0.0
GCA_900099675.1,99.65,0.0,0.0
GCA_900099685.1,100.0,0.0,0.0
GCA_900099815.1,99.37,0.0,0.0
GCA_900099915.1,98.94,0.0,0.0
GCA_900099995.1,99.67,0.75,0.0
GCA_900100075.1,100.0,0.65,0.0
GCA_900100115.1,100.0,0.0,0.0
GCA_900100165.1,99.65,0.9,0.0
GCA_900100375.1,99.65,0.0,0.0
GCA_900100625.1,99.65,0.06,0.0
GCA_900101765.1,97.97,0.19,0.0
GCA_900101815.1,98.9,0.88,0.0
GCA_900101855.1,99.65,0.0,0.0
GCA_900101895.1,99.28,0.0,0.0
GCA_900101925.1,99.29,0.35,0.0
GCA_900101995.1,98.53,0.0,0.0
GCA_900102055.1,99.62,0.0,0.0
GCA_900102165.1,99.67,0.38,0.0
GCA_900102265.1,100.0,0.0,0.0
GCA_900102915.1,99.62,0.62,0.0
GCA_900102925.1,99.34,0.66,0.0
GCA_900103215.1,99.67,0.54,0.0
GCA_900103755.1,100.0,0.0,0.0
GCA_900104195.1,100.0,0.25,0.0
GCA_900104375.1,99.34,0.5,0.0
GCA_900104765.1,99.43,0.53,50.0
GCA_900104785.1,99.67,0.33,100.0
GCA_900105035.1,99.62,1.14,66.67
GCA_900105105.1,99.67,0.33,0.0
GCA_900105135.1,99.62,0.42,71.43
GCA_900105145.1,99.33,1.73,12.5
GCA_900105425.1,99.67,0.44,0.0
GCA_900105455.1,99.55,1.24,0.0
GCA_900105545.1,99.67,0.66,0.0
GCA_900105985.1,99.66,0.67,0.0
GCA_900106075.1,98.88,1.57,28.57
GCA_900106565.1,97.32,1.46,0.0
GCA_900106575.1,100.0,0.5,0.0
GCA_900106645.1,99.65,0.8,0.0
GCA_900106795.1,98.25,0.95,0.0
GCA_900106825.1,99.34,0.66,0.0
GCA_900106865.1,99.61,0.67,0.0
GCA_900107365.1,99.65,0.59,0.0
GCA_900107495.1,99.62,0.62,0.0
GCA_900107595.1,98.67,0.62,0.0
GCA_900107625.1,99.67,0.44,0.0
GCA_900107635.1,99.29,1.33,0.0
GCA_900108015.1,98.59,0.0,0.0
GCA_900108025.1,100.0,0.16,0.0
GCA_900108115.1,100.0,0.0,0.0
GCA_900108365.1,100.0,0.25,0.0
GCA_900108395.1,98.8,0.88,33.33
GCA_900108525.1,100.0,0.0,0.0
GCA_900108955.1,99.65,0.0,0.0
GCA_900109075.1,99.65,0.82,0.0
GCA_900109345.1,99.67,0.67,0.0
GCA_900109375.1,99.62,0.29,0.0
GCA_900109615.1,100.0,1.14,0.0
GCA_900109935.1,100.0,0.0,0.0
GCA_900110335.1,99.65,0.35,0.0
GCA_900110375.1,99.29,0.65,25.0
GCA_900110605.1,100.0,0.0,0.0
GCA_900110615.1,99.65,0.18,0.0
GCA_900111025.1,99.01,0.42,0.0
GCA_900111065.1,99.65,0.29,0.0
GCA_900111075.1,99.65,2.51,7.14
GCA_900111495.1,100.0,0.0,0.0
GCA_900111965.1,99.29,0.0,0.0
GCA_900112105.1,99.62,0.24,0.0
GCA_900112115.1,100.0,1.86,0.0
GCA_900112245.1,99.67,0.92,0.0
GCA_900112295.1,99.67,1.64,0.0
GCA_900112395.1,99.67,0.71,0.0
GCA_900112575.1,99.65,0.9,20.0
GCA_900112595.1,99.01,0.33,0.0
GCA_900112975.1,99.29,0.0,0.0
GCA_900113135.1,99.43,0.57,0.0
GCA_900113805.1,100.0,0.0,0.0
GCA_900113975.1,100.0,0.49,0.0
GCA_900114005.1,99.67,0.0,0.0
GCA_900114045.1,100.0,1.63,0.0
GCA_900114085.1,99.65,0.47,0.0
GCA_900114265.1,99.67,1.98,0.0
GCA_900114875.1,100.0,0.0,0.0
GCA_900114945.1,99.65,0.53,0.0
GCA_900115015.1,99.64,0.0,0.0
GCA_900115055.1,99.93,0.25,0.0
GCA_900115115.1,99.16,0.71,0.0
GCA_900115145.1,99.24,2.09,0.0
GCA_900115185.1,99.67,0.33,0.0
GCA_900115205.1,98.35,0.0,0.0
GCA_900115315.1,100.0,1.43,0.0
GCA_900115875.1,99.65,0.0,0.0
GCA_900116115.1,98.32,0.45,0.0
GCA_900116365.1,99.34,0.5,0.0
GCA_900116415.1,100.0,0.0,0.0
GCA_900116665.1,99.01,0.49,0.0
GCA_900119145.1,99.67,0.11,0.0
GCA_900119185.1,99.17,2.41,0.0
GCA_900119795.1,99.22,0.5,0.0
GCA_900128945.1,100.0,0.25,0.0
GCA_900129005.1,99.54,0.4,0.0
GCA_900129035.1,99.11,0.32,0.0
GCA_900129105.1,100.0,0.25,0.0
GCA_900129245.1,100.0,0.16,100.0
GCA_900129275.1,99.67,0.38,0.0
GCA_900129385.1,100.0,0.49,0.0
GCA_900129405.1,98.94,0.71,0.0
GCA_900129445.1,99.43,0.0,0.0
GCA_900129475.1,99.66,0.55,0.0
GCA_900129545.1,98.94,0.18,0.0
GCA_900129555.1,99.65,0.67,0.0
GCA_900129575.1,98.59,0.35,0.0
GCA_900129585.1,99.29,1.74,10.0
GCA_900129595.1,99.65,0.17,0.0
GCA_900129605.1,99.65,1.06,0.0
GCA_900129665.1,99.67,1.43,0.0
GCA_900129705.1,99.65,0.35,0.0
GCA_900129745.1,99.34,0.02,0.0
GCA_900129755.1,100.0,0.25,0.0
GCA_900129795.1,99.65,0.35,0.0
GCA_900130035.1,96.85,0.9,33.33
GCA_900130045.1,99.62,0.25,0.0
GCA_900130145.1,99.29,0.35,0.0
GCA_900141665.1,100.0,0.0,0.0
GCA_900141715.1,99.34,0.71,0.0
GCA_900141765.1,100.0,0.49,0.0
GCA_900141785.1,99.62,0.46,0.0
GCA_900141855.1,99.67,1.04,25.0
GCA_900141885.1,99.62,0.76,0.0
GCA_900141935.1,99.67,0.83,0.0
GCA_900141955.1,98.25,0.95,0.0
GCA_900142035.1,99.65,0.0,0.0
GCA_900142055.1,99.28,0.12,0.0
GCA_900142175.1,99.67,1.03,0.0
GCA_900142325.1,100.0,1.96,0.0
GCA_900142355.1,99.65,0.14,0.0
GCA_900142405.1,99.67,1.64,0.0
GCA_900142445.1,100.0,0.25,0.0
GCA_900142565.1,100.0,0.0,0.0
GCA_900142615.1,100.0,0.98,0.0
GCA_900142635.1,99.65,0.47,0.0
GCA_900142685.1,99.65,0.12,0.0
GCA_900142695.1,98.94,1.77,0.0
GCA_900142715.1,99.65,1.11,0.0
GCA_900142735.1,99.65,0.52,0.0
GCA_900142775.1,99.29,0.08,0.0
GCA_900142785.1,99.93,0.25,0.0
GCA_900142885.1,98.94,0.0,0.0
GCA_900142975.1,99.43,1.84,33.33
GCA_900143115.1,99.66,1.17,0.0
GCA_900143185.1,100.0,0.0,0.0
GCA_900143245.1,98.94,0.21,0.0
GCA_900143665.1,100.0,0.0,0.0
GCA_900148835.1,99.29,0.35,0.0
GCA_900155985.1,99.67,0.11,0.0
GCA_900156015.1,100.0,0.25,0.0
GCA_900156075.1,100.0,0.25,0.0
GCA_900156145.1,100.0,0.0,0.0
GCA_900156575.1,100.0,0.25,0.0
GCA_900156585.1,100.0,4.17,72.73
GCA_900156625.1,99.67,1.53,0.0
GCA_900156685.1,100.0,0.0,0.0
GCA_900156725.1,100.0,0.49,0.0
GCA_900156735.1,100.0,0.74,0.0
GCA_900156825.1,100.0,0.25,0.0
GCA_900156935.1,100.0,2.94,0.0
GCA_900156945.1,100.0,0.0,0.0
GCA_900156965.1,100.0,0.0,0.0
GCA_900156975.1,100.0,0.0,0.0
GCA_900156985.1,100.0,1.08,0.0
GCA_900156995.1,100.0,1.08,0.0
GCA_900157015.1,100.0,0.0,0.0
GCA_900157025.1,100.0,0.0,0.0
GCA_900157035.1,100.0,1.08,0.0
GCA_900167905.1,100.0,0.98,0.0
GCA_900167935.1,99.5,0.54,0.0
GCA_900168045.1,99.43,0.57,0.0
GCA_900168115.1,98.1,1.48,0.0
GCA_900168205.1,100.0,0.0,0.0
GCA_900168265.1,99.24,0.76,0.0
GCA_900169075.1,100.0,0.25,0.0
GCA_900176315.1,100.0,0.25,0.0
GCA_900176415.1,99.67,0.0,0.0
GCA_900176425.1,99.46,1.08,0.0
GCA_900177645.1,99.67,0.54,0.0
GCA_900182645.1,99.65,0.56,20.0
GCA_900182655.1,100.0,0.25,0.0
GCA_900182675.1,99.65,0.41,0.0
GCA_900186345.1,99.29,0.44,0.0
GCA_900186365.1,99.29,0.62,0.0
GCA_900186375.1,99.29,0.44,0.0
GCA_900186385.1,99.29,0.44,0.0
GCA_900186395.1,99.29,0.97,50.0
GCA_900186405.1,99.29,0.44,0.0
GCA_900186415.1,99.29,0.35,0.0
GCA_900186425.1,99.29,0.44,0.0
GCA_900186435.1,99.29,0.44,0.0
GCA_900186445.1,99.12,0.35,0.0
GCA_900186455.1,99.29,0.97,50.0
GCA_900186475.1,98.06,0.35,0.0
GCA_900186485.1,95.95,1.54,28.57
GCA_900186495.1,97.7,0.35,0.0
GCA_900186515.1,92.54,1.67,70.0
GCA_900186525.1,99.29,0.62,0.0
GCA_900186545.1,99.29,0.35,0.0
GCA_900186555.1,97.35,0.0,0.0
GCA_900186565.1,99.29,0.44,0.0
GCA_900186575.1,94.95,1.5,20.0
GCA_900186595.1,94.64,1.8,71.43
GCA_900186605.1,96.64,0.44,0.0
GCA_900186645.1,95.7,1.62,57.14
GCA_900186665.1,99.29,0.44,0.0
GCA_900186685.1,99.29,0.44,0.0
GCA_900186755.1,99.29,0.35,0.0
GCA_900186785.1,99.29,0.44,0.0
GCA_900186805.1,99.29,0.44,0.0
GCA_900186815.1,99.29,0.35,0.0
GCA_900186825.1,99.29,0.35,0.0
GCA_900186945.1,100.0,0.0,0.0
GCA_900187185.1,100.0,1.72,0.0
GCA_900187255.1,100.0,1.43,0.0
GCA_900187965.1,99.65,0.98,25.0
GCA_900188235.1,97.65,2.69,10.0
GCA_900188275.1,99.62,0.92,0.0
GCA_900188355.1,98.15,1.35,0.0
GCA_900188415.1,99.67,0.99,0.0
GCA_900197635.1,99.67,0.0,0.0
GCA_900198195.1,99.66,0.45,0.0
GCA_900215295.1,99.62,0.38,0.0
GCA_900215465.1,99.67,0.22,0.0
GCA_900239185.1,99.11,0.0,0.0
GCA_900239305.1,98.77,0.34,0.0
GCA_900239345.1,98.77,0.17,0.0
GCA_900239455.1,98.77,0.34,0.0
GCA_900239485.1,99.11,0.34,0.0
GCA_900239495.1,99.11,0.5,0.0
GCA_900239505.1,98.94,0.0,0.0
GCA_900290975.1,99.65,0.0,0.0
GCA_900299385.1,87.19,1.49,14.29
GCA_900299465.1,89.99,1.18,75.0
GCA_900299475.1,99.62,1.33,0.0
GCA_900299485.1,99.62,1.01,0.0
GCA_900299505.1,99.62,0.19,0.0
GCA_900299525.1,99.62,1.33,0.0
GCA_900299535.1,95.25,2.09,0.0
GCA_900312735.1,99.62,1.77,0.0
GCA_900312745.1,99.62,0.76,0.0
GCA_900312815.1,99.62,0.57,0.0
GCA_900445655.1,100.0,0.25,0.0
GCA_900445675.1,99.51,0.25,0.0
GCA_900446675.1,100.0,2.41,71.43
GCA_900446695.1,99.52,0.0,0.0
GCA_900446705.1,100.0,4.41,93.1
GCA_900446785.1,97.47,0.0,0.0
GCA_900446825.1,97.79,0.25,0.0
GCA_900446845.1,100.0,0.0,0.0
GCA_900446855.1,98.53,0.65,0.0
GCA_900446865.1,100.0,0.0,0.0
GCA_900447195.1,98.66,1.08,0.0
GCA_900447295.1,100.0,0.0,0.0
GCA_900447345.1,100.0,2.15,33.33
GCA_900447425.1,100.0,3.23,50.0
GCA_900450525.1,99.65,0.14,0.0
GCA_900453725.1,99.65,1.41,0.0
GCA_900453765.1,99.65,1.24,75.0
GCA_900453865.1,99.65,1.23,0.0
GCA_900460495.1,100.0,0.0,0.0
GCA_900460905.1,100.0,0.0,0.0
GCA_900460915.1,97.94,0.0,0.0
GCA_900460995.1,100.0,0.49,0.0
GCA_900475375.1,100.0,0.0,0.0
GCA_900489465.1,99.24,0.0,0.0
GCA_900489485.1,99.62,0.27,0.0
GCA_900489835.1,99.62,0.19,0.0
GCA_900538215.1,98.92,0.0,0.0
GCA_900538225.1,98.92,0.0,0.0
GCA_900543775.1,96.41,0.78,0.0
GCA_900609965.1,98.23,0.09,0.0
GCA_900609975.1,99.29,0.44,0.0
GCA_900609985.1,99.29,0.35,0.0
GCA_900609995.1,99.29,0.44,0.0
GCA_900610005.1,98.23,0.44,0.0
GCA_900610015.1,99.29,0.44,0.0
GCA_900610025.1,99.29,0.44,0.0
GCA_900610035.1,96.64,0.44,0.0
GCA_900610045.1,99.29,0.44,0.0
GCA_900610055.1,85.69,0.44,0.0
GCA_900610065.1,99.29,0.44,0.0
GCA_900610075.1,99.29,0.44,0.0
GCA_900610085.1,99.29,0.35,0.0
GCA_900610095.1,99.29,0.44,0.0
GCA_900610105.1,99.29,0.44,0.0
GCA_900610115.1,98.47,0.44,0.0
GCA_900610125.1,99.29,0.35,0.0
GCA_900610135.1,95.76,0.09,0.0
GCA_900610145.1,96.47,0.44,0.0
GCA_900610155.1,98.59,0.44,0.0
GCA_900610165.1,99.29,0.44,0.0
GCA_900610175.1,99.29,0.44,0.0
GCA_900610185.1,99.29,0.44,0.0
GCA_900610195.1,98.59,0.44,0.0
GCA_900610205.1,98.59,0.09,0.0
GCA_900610215.1,99.29,0.44,0.0
GCA_900610225.1,99.29,0.44,0.0
GCA_900610235.1,99.29,0.44,0.0
GCA_900610245.1,99.29,0.44,0.0
GCA_900610255.1,99.29,0.44,0.0
GCA_900610265.1,99.29,0.44,0.0
GCA_900610275.1,99.29,0.44,0.0
GCA_900610285.1,99.29,0.44,0.0
GCA_900610295.1,99.29,0.44,0.0
GCA_900610305.1,89.05,0.09,0.0
GCA_900610315.1,95.58,0.44,0.0
GCA_900610325.1,99.29,0.35,0.0
GCA_900610335.1,99.29,0.35,0.0
GCA_900610345.1,99.29,0.35,0.0
GCA_900610355.1,99.29,0.44,0.0
GCA_900610385.1,99.29,0.44,0.0
GCA_900618145.1,100.0,0.48,100.0
GCA_900618195.1,100.0,0.25,0.0
GCA_900618225.1,99.64,0.0,0.0
GCA_900624725.1,99.62,1.39,20.0
GCA_900636535.1,99.51,0.0,0.0
GCA_900637665.1,100.0,0.49,50.0
GCA_900637795.1,100.0,0.0,0.0
GCA_900637895.1,100.0,1.14,0.0
GCA_900638125.1,99.52,0.0,0.0
GCA_900638245.1,100.0,1.86,0.0
GCA_900638435.1,100.0,0.24,0.0
GCA_900683405.1,100.0,0.61,0.0
GCA_900683625.1,100.0,0.0,0.0
GCA_900770875.1,90.47,5.44,100.0
GCA_902167265.1,99.65,0.55,0.0
GCA_902167275.1,99.65,0.55,0.0
GCA_902167285.2,99.65,0.55,0.0
GCA_902168145.1,99.65,0.55,0.0
GCA_902168265.1,99.18,5.86,68.42
GCA_902499555.1,99.62,0.53,0.0
GCA_902506175.1,100.0,0.0,0.0
GCA_902506265.1,98.94,0.35,0.0
GCA_902506345.1,99.65,0.0,0.0
GCA_902506355.1,99.67,0.44,0.0
GCA_902516685.1,50.59,0.0,0.0
GCA_902526805.1,86.7,0.0,0.0
GCA_902605145.1,76.74,0.0,0.0
GCA_902705265.1,99.22,0.34,0.0
GCA_902705275.1,99.22,0.34,0.0
GCA_902705285.1,99.22,0.5,0.0
GCA_902705305.1,99.22,0.34,0.0
GCA_902705315.1,99.22,0.34,0.0
GCA_902705345.1,99.22,0.5,0.0
GCA_902705355.1,99.22,0.84,0.0
GCA_902705365.1,99.22,0.34,0.0
GCA_902705375.1,99.22,0.34,0.0
GCA_902705385.1,99.22,0.45,0.0
GCA_902705395.1,99.22,0.62,0.0
GCA_902705415.1,99.22,0.5,0.0
GCA_902705425.1,99.33,0.34,0.0
GCA_902705435.1,99.22,0.34,0.0
GCA_902705445.1,99.22,0.34,0.0
GCA_902705465.1,99.22,0.34,0.0
GCA_902705495.1,99.22,1.17,25.0
GCA_902705515.1,99.22,0.34,0.0
GCA_902705525.1,99.22,0.34,0.0
GCA_902705535.1,99.22,0.67,0.0
GCA_902705555.1,99.22,0.5,0.0
GCA_902705565.1,99.22,0.5,0.0
GCA_902706275.1,100.0,0.0,0.0
GCA_902728265.1,99.93,0.98,0.0
GCA_902728305.1,100.0,0.49,0.0
GCA_902729325.1,100.0,0.49,0.0
GCA_902804475.1,99.47,0.91,25.0
GCA_902804485.1,99.65,1.24,25.0
GCA_903166575.1,99.75,0.0,0.0
GCA_903819335.1,99.65,1.14,0.0
GCA_903819435.1,99.65,1.18,0.0
GCA_903819445.1,99.65,1.24,0.0
GCA_903969135.1,100.0,0.0,0.0
