#BGC Name	Family Number
GCA_000218485.2_contig010.region002	1895
GCA_000224085.1_contig1.region003	1903
GCA_010500845.1_contig12.region001	1903
GCA_011068285.1_contig1.region002	1903
GCA_000240095.3_contig1.region003	1912
GCA_001051975.1_contig10.region001	1912
GCA_002022025.1_contig1.region002	1912
GCA_002023665.2_contig1.region003	1912
GCA_002310515.1_contig1.region003	1912
GCA_002310535.1_contig1.region003	1912
GCA_900447425.1_contig3.region004	1912
GCA_000240095.3_contig1.region004	1913
GCA_002022025.1_contig1.region001	1913
GCA_002023665.2_contig1.region004	1913
GCA_002310515.1_contig1.region004	1913
GCA_002310535.1_contig1.region004	1913
GCA_900447425.1_contig3.region006	1913
GCA_000243275.1_contig1.region003	1983
GCA_000297875.1_contig01.region001	1983
GCA_001549985.1_contig44.region001	1983
GCA_014145635.1_contig55.region001	1983
GCA_014145665.1_contig57.region001	1983
GCA_900453865.1_contig2.region001	1983
GCA_000333355.1_contig134.region001	2011
GCA_000367325.1_contig32.region001	2041
GCA_001521755.1_contig21.region001	2041
GCA_002022105.1_contig1.region001	2041
GCA_002023055.1_contig16.region001	2041
GCA_002023505.1_contig10.region001	2041
GCA_002023585.1_contig07.region002	2041
GCA_002887275.1_contig1.region001	2041
GCA_009764275.1_contig07.region001	2041
GCA_011612125.1_contig1.region002	2041
GCA_900092105.1_contig09.region001	2041
GCA_900143665.1_contig23.region001	2041
GCA_900475375.1_contig1.region002	2041
GCA_000382125.1_contig02.region001	2051
GCA_000424985.1_contig001.region001	2111
GCA_000430665.1_contig011.region001	2186
GCA_000430825.1_contig13.region001	2202
GCA_000430845.1_contig17.region001	2209
GCA_000468575.1_contig21.region001	2226
GCA_000468615.2_contig1.region003	2226
GCA_009797025.1_contig1.region004	2226
GCA_000477035.2_contig1.region001	2227
GCA_000495935.2_contig1.region001	2239
GCA_000495955.1_contig11.region001	2239
GCA_000495975.1_contig09.region001	2239
GCA_000495995.1_contig01.region001	2239
GCA_000496015.1_contig09.region001	2239
GCA_000496035.1_contig25.region001	2239
GCA_000509405.1_contig147.region001	2266
GCA_902705385.1_contig017.region001	2266
GCA_000520955.1_contig003.region001	2285
GCA_000520955.1_contig026.region001	2291
GCA_000520975.1_contig122.region001	2308
GCA_000708615.2_contig07.region001	2381
GCA_000735715.2_contig01.region003	2410
GCA_002017935.1_contig10.region001	2410
GCA_903819435.1_contig079.region001	2410
GCA_000737705.1_contig01.region001	2431
GCA_012952015.1_contig12.region001	2431
GCA_013283775.1_contig12.region001	2431
GCA_000737715.1_contig01.region001	2440
GCA_000737715.1_contig13.region001	2447
GCA_000800075.1_contig10.region001	2447
GCA_000800075.1_contig10.region002	2447
GCA_003520985.1_contig18.region002	2447
GCA_900128945.1_contig03.region001	2447
GCA_000737765.1_contig08.region001	2459
GCA_900129105.1_contig11.region003	2459
GCA_000737785.1_contig01.region001	2471
GCA_000737785.1_contig01.region002	2472
GCA_000744555.1_contig2.region004	2517
GCA_000745185.1_contig1.region002	2526
GCA_000282115.1_contig062.region001	2559
GCA_000744495.1_contig24.region001	2559
GCA_000746315.1_contig24.region001	2559
GCA_000799195.1_contig08.region001	2559
GCA_000799645.1_contig05.region001	2559
GCA_000829375.1_contig1.region011	2559
GCA_001045455.1_contig01.region001	2559
GCA_002216065.1_contig1.region006	2559
GCA_002455915.1_contig464.region001	2559
GCA_003061225.1_contig722.region001	2559
GCA_003385455.1_contig11.region001	2559
GCA_003729935.1_contig23.region002	2559
GCA_003815615.1_contig1.region004	2559
GCA_003815635.1_contig1.region003	2559
GCA_003971235.1_contig1.region007	2559
GCA_011752975.1_contig11.region002	2559
GCA_014204415.1_contig01.region002	2559
GCA_900156735.1_contig08.region001	2559
GCA_902728265.1_contig015.region001	2559
GCA_902729325.1_contig007.region001	2559
GCA_000773465.1_contig010.region001	2632
GCA_000799195.1_contig08.region002	2645
GCA_000799325.1_contig10.region001	2662
GCA_000799335.1_contig06.region003	2678
GCA_000799375.1_contig3.region003	2678
GCA_002294525.1_contig05.region001	2678
GCA_002899875.1_contig01.region004	2678
GCA_003815755.1_contig1.region011	2678
GCA_003815875.1_contig1.region005	2678
GCA_004328965.1_contig1.region011	2678
GCA_006716485.1_contig2.region003	2678
GCA_903969135.1_contig1.region007	2678
GCA_000799375.1_contig3.region001	2686
GCA_001593385.1_contig12.region001	2686
GCA_002025665.1_contig1.region007	2686
GCA_003729985.1_contig20.region002	2686
GCA_006716485.1_contig2.region001	2686
GCA_009648515.1_contig1.region001	2686
GCA_000799645.1_contig07.region002	2710
GCA_002899825.2_contig044.region002	2710
GCA_003385455.1_contig06.region001	2710
GCA_003385515.1_contig45.region001	2710
GCA_003755145.1_contig01.region002	2710
GCA_004119455.1_contig022.region001	2710
GCA_007991415.1_contig008.region001	2710
GCA_009900745.1_contig01.region002	2710
GCA_900176315.1_contig06.region003	2710
GCA_000812985.1_contig098.region001	2768
GCA_000934685.1_contig1.region003	2845
GCA_000967805.1_contig01.region001	2862
GCA_000967805.1_contig02.region001	2863
GCA_000967805.1_contig10.region001	2864
GCA_000971785.2_contig06.region003	2886
GCA_000982575.1_contig31.region001	2898
GCA_001050935.1_contig27.region001	2898
GCA_002023385.1_contig09.region001	2898
GCA_002023715.1_contig16.region001	2898
GCA_000154725.1_contig1.region006	2901
GCA_001005305.1_contig12.region001	2901
GCA_001005315.1_contig143.region001	2901
GCA_003352465.1_contig1.region002	2901
GCA_006383075.2_contig01.region001	2901
GCA_009901525.1_contig1.region007	2901
GCA_014397005.1_contig16.region001	2901
GCA_001021975.1_contig1.region004	2936
GCA_001027725.1_contig06.region001	2947
GCA_001045445.1_contig2.region005	2966
GCA_001045455.1_contig07.region001	2973
GCA_001045465.1_contig04.region001	2981
GCA_002754245.1_contig1.region004	2981
GCA_900115055.1_contig09.region001	2981
GCA_001306415.1_contig01.region001	3032
GCA_001401755.1_contig01.region001	3038
GCA_001401755.1_contig11.region001	3047
GCA_000745775.1_contig06.region002	3067
GCA_001404985.1_contig16.region001	3067
GCA_002754195.1_contig1.region006	3067
GCA_001420285.1_contig02.region002	3084
GCA_001421435.1_contig144.region001	3091
GCA_001423985.1_contig12.region001	3103
GCA_001899155.1_contig14.region001	3103
GCA_002846575.1_contig01.region002	3103
GCA_003241955.1_contig222.region001	3103
GCA_003663835.1_contig01.region001	3103
GCA_004799385.1_contig42.region001	3103
GCA_006385255.1_contig39.region001	3103
GCA_900543775.1_contig015.region001	3103
GCA_001424105.1_contig11.region001	3106
GCA_001428525.1_contig01.region002	3122
GCA_002482975.1_contig32.region001	3122
GCA_001485515.1_contig010.region001	3188
GCA_006777745.1_contig036.region001	3188
GCA_006777825.1_contig063.region001	3188
GCA_006778065.1_contig112.region001	3188
GCA_006778185.1_contig014.region001	3188
GCA_006778265.1_contig020.region001	3188
GCA_001507425.1_contig20.region001	3202
GCA_000708615.2_contig03.region002	3258
GCA_001556235.1_contig256.region001	3258
GCA_002434285.1_contig032.region002	3258
GCA_003815615.1_contig1.region003	3258
GCA_003815635.1_contig1.region002	3258
GCA_003815835.1_contig1.region002	3258
GCA_902168265.1_contig139.region001	3258
GCA_001563495.1_contig16.region002	3269
GCA_900169075.1_contig4.region002	3269
GCA_001593385.1_contig44.region001	3287
GCA_009648515.1_contig1.region006	3287
GCA_000520975.1_contig071.region001	3315
GCA_000626715.1_contig01.region003	3315
GCA_001632745.1_contig02.region002	3315
GCA_003443715.1_contig1.region002	3315
GCA_003626835.1_contig50.region001	3315
GCA_900089995.1_contig01.region003	3315
GCA_900299485.1_contig13.region001	3315
GCA_900624725.1_contig024.region001	3315
GCA_001632745.1_contig60.region001	3319
GCA_003443715.1_contig1.region006	3319
GCA_003626835.1_contig08.region001	3319
GCA_001637325.1_contig26.region001	3324
GCA_001641405.1_contig066.region002	3338
GCA_000769435.1_contig9.region003	3353
GCA_001653755.1_contig1.region002	3353
GCA_001683915.1_contig166.region001	3394
GCA_001684965.1_contig12.region001	3409
GCA_003812705.1_contig1.region007	3409
GCA_001684975.1_contig49.region001	3417
GCA_001686925.1_contig27.region001	3421
GCA_002222045.1_contig047.region001	3421
GCA_009664855.1_contig1.region004	3421
GCA_000737665.1_contig01.region002	3439
GCA_000799515.1_contig03.region001	3439
GCA_001424105.1_contig11.region003	3439
GCA_001693475.1_contig24.region001	3439
GCA_900116415.1_contig06.region001	3439
GCA_001697185.1_contig1.region001	3442
GCA_900130035.1_contig01.region001	3442
GCA_001705175.1_contig1.region001	3446
GCA_001735745.1_contig1.region002	3459
GCA_001747085.1_contig47.region001	3463
GCA_001879205.1_contig13.region002	3542
GCA_000971785.2_contig06.region001	3544
GCA_001887135.1_contig007.region001	3544
GCA_002150215.1_contig52.region001	3544
GCA_900186365.1_contig66.region001	3544
GCA_900186555.1_contig087.region001	3544
GCA_900186605.1_contig038.region001	3544
GCA_900186755.1_contig47.region001	3544
GCA_001898245.1_contig03.region001	3555
GCA_002379575.1_contig19.region001	3555
GCA_013389455.1_contig1.region003	3555
GCA_001898245.1_contig31.region002	3558
GCA_002379575.1_contig17.region001	3558
GCA_013389455.1_contig1.region002	3558
GCA_001898245.1_contig36.region001	3559
GCA_002379575.1_contig30.region001	3559
GCA_004801375.1_contig01.region001	3559
GCA_013389455.1_contig1.region006	3559
GCA_001898255.1_contig07.region001	3560
GCA_001899155.1_contig12.region001	3565
GCA_004799385.1_contig31.region001	3565
GCA_900543775.1_contig013.region001	3565
GCA_002007065.3_contig1.region004	3634
GCA_001521815.1_contig13.region001	3660
GCA_002022085.1_contig1.region002	3660
GCA_002023195.1_contig05.region002	3660
GCA_002023585.1_contig07.region001	3660
GCA_002888615.1_contig21.region001	3660
GCA_004328965.1_contig1.region002	3660
GCA_004916905.1_contig40.region001	3660
GCA_900156075.1_contig64.region001	3660
GCA_900182655.1_contig01.region001	3660
GCA_002022085.1_contig1.region005	3663
GCA_002023195.1_contig20.region001	3697
GCA_002022045.1_contig1.region001	3698
GCA_002022085.1_contig1.region003	3698
GCA_002023135.1_contig038.region001	3698
GCA_002023195.1_contig53.region001	3698
GCA_002023545.1_contig27.region001	3698
GCA_002557775.1_contig1.region003	3698
GCA_003971175.1_contig1.region003	3698
GCA_009865685.1_contig34.region001	3698
GCA_900092085.1_contig57.region001	3698
GCA_900157025.1_contig23.region001	3698
GCA_000769445.1_contig25.region001	3753
GCA_001521735.1_contig11.region001	3753
GCA_001521745.1_contig10.region001	3753
GCA_002023205.1_contig11.region001	3753
GCA_002023475.1_contig05.region001	3753
GCA_002023575.1_contig01.region001	3753
GCA_002023685.1_contig14.region001	3753
GCA_002024805.1_contig1.region004	3753
GCA_005234115.1_contig1.region002	3753
GCA_007923145.1_contig1.region003	3753
GCA_900157015.1_contig06.region001	3753
GCA_900447195.1_contig15.region001	3753
GCA_000745535.1_contig30.region001	3799
GCA_000799375.1_contig2.region001	3799
GCA_002025665.1_contig1.region003	3799
GCA_003347605.1_contig02.region001	3799
GCA_006716485.1_contig1.region004	3799
GCA_002150205.1_contig308.region001	3822
GCA_000813005.1_contig19.region001	3843
GCA_002156885.1_contig025.region001	3843
GCA_002163675.1_contig1.region002	3852
GCA_000735715.2_contig01.region002	3935
GCA_001275605.1_contig05.region001	3935
GCA_001429765.1_contig01.region001	3935
GCA_002017935.1_contig10.region002	3935
GCA_002210235.1_contig04.region001	3935
GCA_002482975.1_contig46.region001	3935
GCA_003070725.1_contig126.region001	3935
GCA_003202405.1_contig21.region004	3935
GCA_004339485.1_contig04.region001	3935
GCA_010614725.1_contig11.region002	3935
GCA_010645075.1_contig21.region002	3935
GCA_900129555.1_contig22.region001	3935
GCA_903819435.1_contig079.region002	3935
GCA_002216065.1_contig1.region003	3948
GCA_002216065.1_contig1.region009	3954
GCA_000737775.1_contig27.region001	4105
GCA_002285635.2_contig1.region006	4105
GCA_002338325.1_contig03.region001	4286
GCA_002392055.1_contig06.region001	4286
GCA_003385595.1_contig08.region001	4286
GCA_002338325.1_contig03.region002	4287
GCA_002392055.1_contig03.region001	4287
GCA_003385595.1_contig05.region001	4287
GCA_002345305.1_contig04.region001	4311
GCA_002352665.1_contig128.region001	4322
GCA_002390165.1_contig008.region001	4497
GCA_002338325.1_contig02.region001	4520
GCA_002392055.1_contig05.region002	4520
GCA_002401105.1_contig125.region001	4531
GCA_002416265.1_contig048.region001	4569
GCA_002484105.1_contig07.region001	4569
GCA_002420545.1_contig07.region001	4572
GCA_002899945.2_contig01.region002	4572
GCA_003201365.1_contig07.region001	4572
GCA_003384725.1_contig18.region001	4572
GCA_003663845.1_contig1.region002	4572
GCA_003852415.1_contig15.region002	4572
GCA_003971235.1_contig1.region009	4572
GCA_004119445.1_contig022.region001	4572
GCA_004916905.1_contig61.region001	4572
GCA_008386485.1_contig18.region001	4572
GCA_008386505.1_contig05.region002	4572
GCA_011752975.1_contig29.region002	4572
GCA_014207835.1_contig2.region002	4572
GCA_900108365.1_contig09.region002	4572
GCA_900156015.1_contig23.region001	4572
GCA_002455915.1_contig028.region001	4711
GCA_002472765.1_contig015.region001	4745
GCA_000253275.1_contig1.region002	4815
GCA_002217205.1_contig101.region001	4815
GCA_002530755.1_contig127.region001	4815
GCA_006716585.1_contig1.region002	4815
GCA_002695545.1_contig42.region001	4889
GCA_000023465.1_contig1.region003	4926
GCA_002358695.1_contig347.region001	4926
GCA_002453085.1_contig452.region001	4926
GCA_002690095.1_contig066.region001	4926
GCA_002698895.1_contig34.region001	4926
GCA_002719535.1_contig06.region001	4926
GCA_002480405.1_contig27.region001	4930
GCA_002699205.1_contig40.region001	4930
GCA_002700005.1_contig1093.region001	4940
GCA_013373485.1_contig50.region001	4940
GCA_002705485.1_contig70.region001	4965
GCA_002711825.1_contig142.region001	5001
GCA_002728635.1_contig36.region001	5064
GCA_002733285.1_contig08.region001	5068
GCA_002733415.1_contig57.region001	5070
GCA_002733585.1_contig070.region001	5078
GCA_002733665.1_contig18.region001	5080
GCA_002742325.1_contig09.region001	5094
GCA_001602525.1_contig15.region001	5108
GCA_002754195.1_contig1.region002	5108
GCA_003633785.1_contig1.region001	5108
GCA_004339525.1_contig1.region001	5108
GCA_006438875.1_contig07.region002	5108
GCA_900142685.1_contig10.region002	5108
GCA_902804475.1_contig022.region001	5108
GCA_002754195.1_contig1.region010	5116
GCA_002770595.1_contig1.region002	5138
GCA_002770595.1_contig1.region003	5139
GCA_001971785.1_contig1.region001	5152
GCA_002781485.1_contig029.region001	5152
GCA_009994075.1_contig150.region001	5152
GCA_002797935.1_contig1.region003	5190
GCA_002797935.1_contig1.region004	5191
GCA_002813295.1_contig1.region002	5211
GCA_002813915.1_contig1.region004	5218
GCA_004345825.1_contig05.region001	5218
GCA_002831645.1_contig1.region002	5226
GCA_002831645.1_contig1.region004	5228
GCA_002846555.1_contig1.region006	5278
GCA_002715085.1_contig50.region001	5293
GCA_002862755.1_contig03.region002	5293
GCA_006491645.1_contig07.region002	5293
GCA_009753805.1_contig07.region002	5293
GCA_902506265.1_contig54.region002	5293
GCA_002888615.1_contig36.region001	5306
GCA_002895435.1_contig06.region001	5318
GCA_006443095.1_contig12.region004	5318
GCA_007489275.1_contig261.region001	5318
GCA_002899945.2_contig12.region003	5362
GCA_002420545.1_contig01.region001	5365
GCA_002899945.2_contig34.region002	5365
GCA_002979455.1_contig23.region001	5365
GCA_003201365.1_contig05.region001	5365
GCA_003852415.1_contig16.region004	5365
GCA_004119415.1_contig111.region001	5365
GCA_004916905.1_contig17.region001	5365
GCA_008386485.1_contig32.region002	5365
GCA_900108365.1_contig11.region001	5365
GCA_900156015.1_contig13.region001	5365
GCA_002954605.1_contig1.region001	5445
GCA_000735205.1_contig01.region001	5500
GCA_002023565.1_contig16.region001	5500
GCA_002023695.1_contig07.region001	5500
GCA_002422095.1_contig014.region001	5500
GCA_002843925.1_contig2.region003	5500
GCA_002843945.1_contig9.region001	5500
GCA_002979455.1_contig12.region001	5500
GCA_002995685.1_contig26.region001	5500
GCA_002995695.1_contig34.region001	5500
GCA_002995725.1_contig12.region001	5500
GCA_003001695.1_contig1.region002	5511
GCA_000430845.1_contig01.region001	5539
GCA_000737705.1_contig07.region002	5539
GCA_000737765.1_contig12.region002	5539
GCA_001045445.1_contig4.region002	5539
GCA_001421435.1_contig120.region001	5539
GCA_002899895.2_contig12.region001	5539
GCA_003020585.1_contig08.region002	5539
GCA_003290185.1_contig01.region001	5539
GCA_003385495.1_contig28.region001	5539
GCA_003537025.1_contig04.region001	5539
GCA_003815775.1_contig1.region001	5539
GCA_007991435.1_contig03.region003	5539
GCA_009900745.1_contig11.region001	5539
GCA_014204235.1_contig01.region004	5539
GCA_014207845.1_contig01.region001	5539
GCA_900129105.1_contig08.region001	5539
GCA_900156585.1_contig16.region001	5539
GCA_003054265.1_contig03.region001	5558
GCA_006383075.2_contig02.region003	5558
GCA_003054265.1_contig07.region001	5560
GCA_003055625.1_contig1.region004	5570
GCA_003097535.1_contig1.region003	5570
GCA_003061225.1_contig069.region001	5577
GCA_003061395.1_contig1249.region001	5604
GCA_001275605.1_contig03.region001	5606
GCA_002017935.1_contig10.region004	5606
GCA_002210235.1_contig01.region001	5606
GCA_003070725.1_contig044.region001	5606
GCA_003076475.1_contig1.region003	5621
GCA_003094695.1_contig037.region001	5625
GCA_003094695.1_contig141.region001	5629
GCA_003122385.1_contig1.region004	5664
GCA_003122385.1_contig1.region006	5666
GCA_003148385.1_contig1.region002	5674
GCA_003202405.1_contig21.region001	5713
GCA_003208535.1_contig04.region002	5733
GCA_003217415.1_contig04.region001	5733
GCA_004341805.1_contig04.region001	5733
GCA_900187965.1_contig16.region001	5733
GCA_003269425.1_contig1.region003	5857
GCA_003290185.1_contig14.region001	5868
GCA_007991435.1_contig22.region001	5868
GCA_000769445.1_contig35.region001	5878
GCA_002023765.1_contig12.region001	5878
GCA_002023775.1_contig04.region001	5878
GCA_003298875.1_contig03.region001	5878
GCA_007923145.1_contig1.region002	5878
GCA_008124555.1_contig06.region001	5878
GCA_011601205.1_contig397.region001	5878
GCA_003312425.1_contig10.region001	5881
GCA_003352465.1_contig1.region003	5938
GCA_003352465.1_contig1.region004	5939
GCA_003384775.1_contig1.region003	5966
GCA_003385395.1_contig002.region001	5980
GCA_001898785.1_contig15.region001	5983
GCA_002294105.1_contig072.region001	5983
GCA_002476905.1_contig087.region001	5983
GCA_003248755.1_contig003.region001	5983
GCA_003385395.1_contig014.region001	5983
GCA_003457445.1_contig089.region001	5983
GCA_003860605.1_contig1.region001	5983
GCA_003385395.1_contig025.region001	5984
GCA_003385495.1_contig20.region001	6012
GCA_000799255.1_contig01.region001	6033
GCA_001421435.1_contig123.region001	6033
GCA_001507335.1_contig02.region001	6033
GCA_002177115.1_contig042.region001	6033
GCA_003094695.1_contig050.region001	6033
GCA_003385535.1_contig010.region001	6033
GCA_003455905.1_contig043.region001	6033
GCA_008329705.1_contig04.region001	6033
GCA_013184525.1_contig02.region002	6033
GCA_014218905.1_contig25.region001	6033
GCA_014218915.1_contig012.region001	6033
GCA_014218945.1_contig014.region001	6033
GCA_900129245.1_contig25.region001	6033
GCA_900156825.1_contig15.region001	6033
GCA_003391035.1_contig78.region001	6074
GCA_003443695.1_contig1.region007	6116
GCA_001643375.1_contig08.region001	6209
GCA_003511565.1_contig76.region001	6209
GCA_012273575.1_contig1.region002	6209
GCA_900108115.1_contig35.region001	6209
GCA_003513105.1_contig119.region001	6216
GCA_003517615.1_contig008.region001	6236
GCA_003626755.1_contig07.region001	6332
GCA_001632745.1_contig24.region001	6343
GCA_003443715.1_contig1.region007	6343
GCA_003626835.1_contig86.region001	6343
GCA_000430645.1_contig01.region001	6346
GCA_003443675.1_contig1.region004	6346
GCA_003443695.1_contig1.region008	6346
GCA_003626845.1_contig015.region001	6346
GCA_003626865.1_contig001.region001	6346
GCA_900109375.1_contig05.region001	6346
GCA_900299505.1_contig18.region001	6346
GCA_003241515.1_contig127.region001	6397
GCA_003634455.1_contig01.region001	6397
GCA_014138495.1_contig1.region001	6397
GCA_003664185.1_contig07.region001	6434
GCA_003852675.1_contig75.region001	6434
GCA_003668995.1_contig1.region006	6444
GCA_003669035.1_contig1.region003	6447
GCA_003709475.1_contig13.region002	6501
GCA_003710065.1_contig2.region004	6501
GCA_902728265.1_contig017.region001	6501
GCA_003709475.1_contig14.region002	6506
GCA_003710065.1_contig2.region009	6506
GCA_003709475.1_contig14.region005	6509
GCA_003710065.1_contig2.region012	6509
GCA_902728265.1_contig001.region002	6509
GCA_003725735.1_contig045.region001	6521
GCA_003725735.1_contig122.region001	6528
GCA_900119185.1_contig53.region001	6528
GCA_003725735.1_contig150.region001	6530
GCA_003729935.1_contig23.region001	6538
GCA_003729935.1_contig24.region001	6542
GCA_001187685.1_contig17.region001	6547
GCA_003729955.1_contig2.region001	6547
GCA_004365465.1_contig1.region004	6547
GCA_000143785.1_contig1.region006	6558
GCA_000612925.1_contig08.region001	6558
GCA_000799235.1_contig13.region002	6558
GCA_000799325.1_contig12.region001	6558
GCA_000799335.1_contig04.region001	6558
GCA_000799375.1_contig1.region003	6558
GCA_000799645.1_contig06.region001	6558
GCA_000820645.1_contig08.region001	6558
GCA_001021975.1_contig1.region007	6558
GCA_001593385.1_contig01.region003	6558
GCA_002025665.1_contig1.region001	6558
GCA_002294525.1_contig06.region001	6558
GCA_002338325.1_contig06.region003	6558
GCA_002390905.1_contig069.region001	6558
GCA_002392055.1_contig01.region001	6558
GCA_002835665.1_contig12.region001	6558
GCA_002899825.2_contig001.region001	6558
GCA_002899875.1_contig03.region001	6558
GCA_002899945.2_contig23.region001	6558
GCA_002979455.1_contig10.region001	6558
GCA_002979665.1_contig07.region003	6558
GCA_002979755.1_contig01.region001	6558
GCA_003182335.1_contig30.region001	6558
GCA_003201365.1_contig15.region001	6558
GCA_003347605.1_contig20.region001	6558
GCA_003384725.1_contig21.region001	6558
GCA_003385455.1_contig22.region001	6558
GCA_003385595.1_contig07.region001	6558
GCA_003610675.1_contig01.region001	6558
GCA_003663845.1_contig1.region003	6558
GCA_003729985.1_contig17.region002	6558
GCA_003815755.1_contig1.region001	6558
GCA_003815875.1_contig1.region006	6558
GCA_003852415.1_contig14.region001	6558
GCA_003971235.1_contig1.region001	6558
GCA_004119445.1_contig122.region001	6558
GCA_004137745.1_contig1.region009	6558
GCA_004328965.1_contig1.region003	6558
GCA_004916905.1_contig02.region003	6558
GCA_005503635.1_contig12.region001	6558
GCA_006716485.1_contig1.region001	6558
GCA_006829085.1_contig01.region002	6558
GCA_007991415.1_contig049.region001	6558
GCA_008274625.1_contig13.region003	6558
GCA_008386485.1_contig08.region001	6558
GCA_008386505.1_contig01.region001	6558
GCA_009648515.1_contig1.region005	6558
GCA_009648535.1_contig1.region008	6558
GCA_011752975.1_contig30.region001	6558
GCA_012273615.1_contig1.region006	6558
GCA_012927325.1_contig21.region001	6558
GCA_014207835.1_contig1.region001	6558
GCA_014220755.1_contig55.region001	6558
GCA_014220895.1_contig33.region001	6558
GCA_900108365.1_contig08.region001	6558
GCA_900129755.1_contig11.region002	6558
GCA_900156935.1_contig07.region001	6558
GCA_900176315.1_contig05.region002	6558
GCA_900182655.1_contig01.region002	6558
GCA_900636535.1_contig1.region002	6558
GCA_903969135.1_contig1.region008	6558
GCA_000799235.1_contig11.region002	6561
GCA_000799325.1_contig10.region002	6561
GCA_000799335.1_contig05.region001	6561
GCA_000799375.1_contig2.region003	6561
GCA_001013295.1_contig116.region001	6561
GCA_001593385.1_contig23.region001	6561
GCA_002025665.1_contig1.region005	6561
GCA_002979665.1_contig01.region002	6561
GCA_002979755.1_contig01.region005	6561
GCA_003182335.1_contig11.region001	6561
GCA_003201365.1_contig03.region002	6561
GCA_003347605.1_contig01.region001	6561
GCA_003523505.1_contig030.region001	6561
GCA_003610675.1_contig01.region005	6561
GCA_003729985.1_contig22.region001	6561
GCA_004916905.1_contig25.region002	6561
GCA_006716485.1_contig1.region006	6561
GCA_009648515.1_contig1.region009	6561
GCA_014220045.1_contig20.region001	6561
GCA_014220635.1_contig17.region001	6561
GCA_014220755.1_contig04.region001	6561
GCA_014220895.1_contig08.region001	6561
GCA_900100115.1_contig5.region002	6561
GCA_900156015.1_contig26.region001	6561
GCA_900156935.1_contig02.region001	6561
GCA_903969135.1_contig1.region004	6561
GCA_000482305.1_contig05.region001	6606
GCA_000520835.1_contig22.region001	6606
GCA_000738495.1_contig07.region003	6606
GCA_002208925.2_contig1.region002	6606
GCA_002314375.1_contig08.region001	6606
GCA_002340165.1_contig10.region001	6606
GCA_002429685.1_contig056.region001	6606
GCA_002472905.1_contig41.region001	6606
GCA_002476825.1_contig009.region001	6606
GCA_002591275.1_contig1.region002	6606
GCA_003812605.1_contig1.region006	6606
GCA_003812865.1_contig1.region006	6606
GCA_003815935.1_contig1.region002	6606
GCA_005862425.1_contig11.region001	6606
GCA_012273135.1_contig1.region006	6606
GCA_014218785.1_contig51.region001	6606
GCA_014218825.1_contig33.region002	6606
GCA_014218885.1_contig02.region001	6606
GCA_014220055.1_contig27.region001	6606
GCA_014220145.1_contig32.region001	6606
GCA_014220155.1_contig44.region001	6606
GCA_014220165.1_contig33.region001	6606
GCA_014220225.1_contig26.region001	6606
GCA_014220245.1_contig32.region001	6606
GCA_014220265.1_contig26.region001	6606
GCA_014220395.1_contig10.region001	6606
GCA_014220465.1_contig35.region001	6606
GCA_014220475.1_contig079.region001	6606
GCA_014220695.1_contig55.region001	6606
GCA_900113975.1_contig08.region002	6606
GCA_900460995.1_contig1.region002	6606
GCA_900683405.1_contig1.region002	6606
GCA_000430825.1_contig10.region001	6620
GCA_000430845.1_contig02.region001	6620
GCA_000737705.1_contig02.region002	6620
GCA_001297705.1_contig10.region001	6620
GCA_001425355.1_contig03.region001	6620
GCA_001648155.1_contig1.region003	6620
GCA_002455915.1_contig048.region001	6620
GCA_003524725.1_contig341.region001	6620
GCA_003815655.1_contig1.region001	6620
GCA_007991455.1_contig010.region001	6620
GCA_900099685.1_contig17.region001	6620
GCA_900111495.1_contig9.region001	6620
GCA_900114875.1_contig22.region001	6620
GCA_900142445.1_contig53.region002	6620
GCA_003815655.1_contig1.region007	6626
GCA_002899895.2_contig05.region001	6633
GCA_003537025.1_contig20.region001	6633
GCA_003815675.1_contig2.region001	6633
GCA_900156585.1_contig15.region001	6633
GCA_000612925.1_contig07.region001	6637
GCA_000737765.1_contig05.region001	6637
GCA_000737785.1_contig12.region001	6637
GCA_000820645.1_contig07.region001	6637
GCA_001563495.1_contig01.region004	6637
GCA_002754245.1_contig1.region010	6637
GCA_002943655.1_contig08.region001	6637
GCA_003290185.1_contig20.region001	6637
GCA_003385495.1_contig19.region001	6637
GCA_003515005.1_contig03.region001	6637
GCA_003815695.1_contig1.region004	6637
GCA_003815855.1_contig1.region001	6637
GCA_007991435.1_contig19.region001	6637
GCA_012927325.1_contig20.region001	6637
GCA_900129105.1_contig13.region002	6637
GCA_900129755.1_contig07.region003	6637
GCA_900142785.1_contig40.region001	6637
GCA_900156575.1_contig06.region005	6637
GCA_900169075.1_contig4.region007	6637
GCA_900446825.1_contig1.region001	6637
GCA_000737715.1_contig08.region001	6641
GCA_000737785.1_contig21.region001	6641
GCA_000800075.1_contig22.region001	6641
GCA_001013295.1_contig120.region001	6641
GCA_001045465.1_contig05.region001	6641
GCA_001295265.1_contig56.region001	6641
GCA_001563495.1_contig16.region001	6641
GCA_001684965.1_contig01.region001	6641
GCA_002315415.1_contig31.region001	6641
GCA_002430025.1_contig09.region001	6641
GCA_002439165.1_contig18.region001	6641
GCA_002754245.1_contig1.region005	6641
GCA_002943655.1_contig37.region001	6641
GCA_003515005.1_contig75.region001	6641
GCA_003520985.1_contig18.region001	6641
GCA_003523505.1_contig022.region001	6641
GCA_003729935.1_contig29.region001	6641
GCA_003812705.1_contig1.region001	6641
GCA_003815695.1_contig1.region008	6641
GCA_003815855.1_contig1.region005	6641
GCA_009602705.1_contig1.region001	6641
GCA_014220045.1_contig87.region001	6641
GCA_014220635.1_contig01.region001	6641
GCA_900115055.1_contig10.region003	6641
GCA_900128945.1_contig03.region002	6641
GCA_900142785.1_contig23.region001	6641
GCA_900156575.1_contig18.region001	6641
GCA_900169075.1_contig4.region003	6641
GCA_900446825.1_contig1.region005	6641
GCA_000829375.1_contig1.region010	6649
GCA_003384725.1_contig20.region001	6649
GCA_003815715.1_contig1.region006	6649
GCA_003815735.1_contig1.region001	6649
GCA_009900745.1_contig03.region001	6649
GCA_900637665.1_contig1.region003	6649
GCA_001456155.1_contig1.region003	6650
GCA_001684955.1_contig113.region001	6650
GCA_001684965.1_contig01.region005	6650
GCA_001684975.1_contig01.region001	6650
GCA_002338325.1_contig01.region001	6650
GCA_002392055.1_contig07.region001	6650
GCA_002899875.1_contig35.region001	6650
GCA_002899895.2_contig01.region003	6650
GCA_003020585.1_contig07.region001	6650
GCA_003384775.1_contig1.region002	6650
GCA_003385515.1_contig25.region001	6650
GCA_003385595.1_contig21.region001	6650
GCA_003537025.1_contig12.region002	6650
GCA_003755145.1_contig01.region003	6650
GCA_003812705.1_contig1.region005	6650
GCA_003815675.1_contig1.region005	6650
GCA_003815715.1_contig1.region005	6650
GCA_003815735.1_contig1.region002	6650
GCA_003815755.1_contig1.region006	6650
GCA_003815775.1_contig1.region005	6650
GCA_003815875.1_contig1.region011	6650
GCA_003815975.1_contig1.region008	6650
GCA_004119415.1_contig111.region002	6650
GCA_004119455.1_contig199.region001	6650
GCA_009900745.1_contig09.region001	6650
GCA_014218785.1_contig02.region002	6650
GCA_014218825.1_contig44.region001	6650
GCA_014218885.1_contig64.region002	6650
GCA_900078205.2_contig7.region005	6650
GCA_900100075.1_contig19.region002	6650
GCA_900142615.1_contig07.region002	6650
GCA_900156585.1_contig12.region002	6650
GCA_900156585.1_contig19.region002	6650
GCA_900446855.1_contig06.region002	6650
GCA_900637665.1_contig1.region004	6650
GCA_000745535.1_contig07.region001	6655
GCA_000829375.1_contig1.region005	6655
GCA_001297705.1_contig03.region001	6655
GCA_001544435.1_contig335.region001	6655
GCA_001684955.1_contig005.region001	6655
GCA_001684975.1_contig23.region003	6655
GCA_002420545.1_contig08.region003	6655
GCA_002421065.1_contig06.region001	6655
GCA_003385515.1_contig12.region002	6655
GCA_003755145.1_contig02.region001	6655
GCA_003815675.1_contig1.region001	6655
GCA_003815715.1_contig1.region002	6655
GCA_003815735.1_contig1.region007	6655
GCA_003815955.1_contig1.region001	6655
GCA_003815975.1_contig1.region004	6655
GCA_004119415.1_contig222.region001	6655
GCA_004119455.1_contig111.region002	6655
GCA_900078205.2_contig7.region001	6655
GCA_900100075.1_contig14.region001	6655
GCA_900142615.1_contig10.region001	6655
GCA_900156015.1_contig15.region001	6655
GCA_900156735.1_contig15.region001	6655
GCA_900446855.1_contig11.region001	6655
GCA_900637665.1_contig1.region002	6655
GCA_003815695.1_contig1.region005	6679
GCA_003815855.1_contig1.region002	6679
GCA_900142785.1_contig14.region001	6679
GCA_900446825.1_contig1.region002	6679
GCA_002943655.1_contig04.region001	6684
GCA_003515005.1_contig35.region001	6684
GCA_003815695.1_contig1.region001	6684
GCA_003815855.1_contig1.region007	6684
GCA_900142785.1_contig08.region001	6684
GCA_900156575.1_contig11.region001	6684
GCA_900446825.1_contig1.region007	6684
GCA_002899875.1_contig12.region001	6695
GCA_003815755.1_contig1.region004	6695
GCA_003815875.1_contig1.region009	6695
GCA_003391035.1_contig10.region001	6699
GCA_003815895.1_contig1.region002	6699
GCA_900446865.1_contig1.region003	6699
GCA_902706275.1_contig13.region001	6699
GCA_000799645.1_contig05.region002	6717
GCA_002899825.2_contig055.region001	6717
GCA_003385455.1_contig09.region001	6717
GCA_003385515.1_contig15.region001	6717
GCA_003755145.1_contig02.region004	6717
GCA_003815955.1_contig1.region008	6717
GCA_004119415.1_contig554.region001	6717
GCA_004119455.1_contig111.region003	6717
GCA_007991415.1_contig001.region001	6717
GCA_900176315.1_contig09.region001	6717
GCA_003815975.1_contig1.region001	6718
GCA_003815995.1_contig1.region002	6727
GCA_900168205.1_contig31.region001	6727
GCA_900446785.1_contig15.region001	6727
GCA_003852415.1_contig16.region003	6739
GCA_003860525.1_contig1.region001	6754
GCA_001027945.1_contig03.region001	6775
GCA_003867075.1_contig1.region001	6775
GCA_009362255.1_contig1.region001	6775
GCA_011952225.1_contig2.region001	6775
GCA_900129475.1_contig08.region001	6775
GCA_003992595.1_contig42.region001	6862
GCA_003992595.1_contig49.region001	6864
GCA_003996965.1_contig243.region001	6878
GCA_004028155.1_contig25.region001	6902
GCA_004150225.1_contig01.region001	6989
GCA_004211145.1_contig46.region001	7003
GCA_004216895.1_contig01.region002	7027
GCA_004216895.1_contig01.region003	7028
GCA_004216895.1_contig02.region002	7030
GCA_004310335.1_contig12.region001	7057
GCA_004310335.1_contig32.region002	7059
GCA_000143785.1_contig1.region003	7069
GCA_000737775.1_contig06.region001	7069
GCA_001021975.1_contig1.region002	7069
GCA_002285635.2_contig1.region001	7069
GCA_002294525.1_contig08.region003	7069
GCA_002315415.1_contig40.region001	7069
GCA_002390905.1_contig231.region001	7069
GCA_002430025.1_contig40.region001	7069
GCA_002770595.1_contig1.region004	7069
GCA_002835665.1_contig52.region001	7069
GCA_002899945.2_contig12.region001	7069
GCA_002979455.1_contig14.region001	7069
GCA_003384725.1_contig02.region001	7069
GCA_003634775.1_contig1.region001	7069
GCA_003663845.1_contig1.region008	7069
GCA_003710065.1_contig2.region005	7069
GCA_003729955.1_contig2.region003	7069
GCA_003852415.1_contig16.region002	7069
GCA_004119445.1_contig023.region001	7069
GCA_004137745.1_contig1.region002	7069
GCA_004328965.1_contig1.region006	7069
GCA_004365465.1_contig1.region002	7069
GCA_005503635.1_contig18.region001	7069
GCA_006829085.1_contig03.region001	7069
GCA_007991415.1_contig032.region001	7069
GCA_008274625.1_contig01.region004	7069
GCA_008386485.1_contig31.region001	7069
GCA_008386505.1_contig01.region005	7069
GCA_009648535.1_contig1.region003	7069
GCA_012273615.1_contig1.region001	7069
GCA_013410675.1_contig1.region006	7069
GCA_014207835.1_contig1.region005	7069
GCA_900108365.1_contig11.region002	7069
GCA_900176315.1_contig09.region002	7069
GCA_900182655.1_contig06.region001	7069
GCA_900636535.1_contig1.region005	7069
GCA_004337695.1_contig071.region001	7083
GCA_004337695.1_contig093.region001	7086
GCA_002754195.1_contig1.region009	7101
GCA_003633785.1_contig2.region004	7101
GCA_004339525.1_contig1.region009	7101
GCA_003208535.1_contig30.region001	7113
GCA_003217415.1_contig30.region001	7113
GCA_004341805.1_contig30.region001	7113
GCA_003996965.1_contig210.region002	7117
GCA_004345565.1_contig02.region001	7117
GCA_004369705.1_contig0729.region001	7117
GCA_011751075.1_contig001.region001	7117
GCA_002813915.1_contig1.region005	7128
GCA_004345825.1_contig07.region001	7128
GCA_000383355.1_contig41.region001	7165
GCA_003202435.1_contig01.region001	7165
GCA_004352915.1_contig55.region002	7165
GCA_009674775.1_contig024.region001	7165
GCA_009711165.1_contig005.region001	7165
GCA_009789235.1_contig01.region001	7165
GCA_010614725.1_contig09.region002	7165
GCA_903819435.1_contig082.region001	7165
GCA_004359435.1_contig3.region001	7174
GCA_004362015.1_contig15.region001	7183
GCA_004368785.1_contig01.region002	7231
GCA_004745595.1_contig07.region001	7272
GCA_004801375.1_contig04.region001	7298
GCA_004804315.1_contig12.region001	7304
GCA_004804315.1_contig22.region001	7306
GCA_004843725.1_contig1.region002	7309
GCA_004959765.1_contig01.region001	7323
GCA_005885635.1_contig01.region003	7374
GCA_006175945.1_contig1.region002	7404
GCA_001686935.1_contig18.region001	7423
GCA_001857965.1_contig1.region004	7423
GCA_002454195.1_contig37.region001	7423
GCA_006386525.1_contig07.region001	7423
GCA_007989005.1_contig01.region001	7423
GCA_014305095.1_contig01.region002	7423
GCA_014305115.1_contig01.region001	7423
GCA_900100165.1_contig04.region002	7423
GCA_006438875.1_contig01.region001	7428
GCA_006438875.1_contig49.region001	7436
GCA_006443095.1_contig23.region001	7445
GCA_006491595.2_contig03.region001	7447
GCA_006491595.2_contig17.region001	7452
GCA_006491595.2_contig19.region001	7453
GCA_006714895.1_contig1.region004	7474
GCA_006716585.1_contig1.region003	7487
GCA_002207815.1_contig009.region001	7508
GCA_006778465.1_contig032.region001	7508
GCA_006778585.1_contig051.region001	7508
GCA_006829085.1_contig07.region002	7525
GCA_007109225.1_contig33.region002	7578
GCA_007197735.1_contig1.region002	7586
GCA_007341385.1_contig08.region001	7591
GCA_007489275.1_contig003.region001	7606
GCA_003634755.1_contig01.region002	7638
GCA_007830355.1_contig01.region002	7638
GCA_007845585.1_contig17.region003	7652
GCA_007845595.1_contig14.region003	7652
GCA_007845635.1_contig24.region003	7652
GCA_007923165.1_contig1.region002	7662
GCA_000799645.1_contig24.region001	7684
GCA_007991415.1_contig019.region001	7684
GCA_003290185.1_contig01.region003	7695
GCA_007991435.1_contig03.region001	7695
GCA_008017835.1_contig62.region001	7769
GCA_008370685.1_contig189.region001	7850
GCA_008370685.1_contig197.region001	7852
GCA_008370685.1_contig207.region001	7854
GCA_008370685.1_contig243.region001	7862
GCA_008386635.1_contig1.region002	7883
GCA_002966125.1_contig1.region002	7888
GCA_008501705.1_contig103.region001	7888
GCA_008692195.1_contig32.region001	7896
GCA_000382425.1_contig02.region001	7897
GCA_002469685.1_contig06.region001	7897
GCA_007990795.1_contig43.region001	7897
GCA_008705155.1_contig1.region001	7897
GCA_008806755.1_contig24.region001	7910
GCA_008806755.1_contig24.region003	7912
GCA_009360735.1_contig0957.region001	7947
GCA_009659705.1_contig26.region001	8003
GCA_003122675.1_contig104.region001	8004
GCA_009663485.1_contig219.region001	8004
GCA_009664855.1_contig1.region003	8007
GCA_000496035.1_contig33.region001	8049
GCA_000496055.1_contig20.region001	8049
GCA_000955665.1_contig1.region003	8049
GCA_001482795.1_contig11.region001	8049
GCA_001596175.2_contig1.region003	8049
GCA_001618465.2_contig1.region003	8049
GCA_001618505.2_contig1.region003	8049
GCA_001618545.2_contig1.region003	8049
GCA_002023105.1_contig18.region001	8049
GCA_002023385.1_contig04.region002	8049
GCA_002023705.1_contig20.region001	8049
GCA_002023715.1_contig13.region001	8049
GCA_009697265.1_contig1.region004	8049
GCA_009764235.1_contig34.region001	8049
GCA_014219685.1_contig22.region001	8049
GCA_014219745.1_contig22.region002	8049
GCA_014219775.1_contig22.region001	8049
GCA_014219815.1_contig22.region001	8049
GCA_014220735.1_contig22.region001	8049
GCA_009707955.1_contig02.region002	8051
GCA_009707955.1_contig11.region001	8056
GCA_009764685.1_contig54.region001	8121
GCA_009764715.1_contig055.region001	8121
GCA_002746415.1_contig22.region001	8144
GCA_009797885.1_contig44.region001	8144
GCA_009826975.1_contig01.region002	8155
GCA_007474535.1_contig30.region001	8179
GCA_007474545.1_contig01.region003	8179
GCA_009832605.1_contig54.region001	8179
GCA_900103755.1_contig15.region001	8179
GCA_900683625.1_contig1.region004	8179
GCA_009834475.1_contig1.region001	8183
GCA_002022085.1_contig1.region004	8196
GCA_002023195.1_contig11.region001	8196
GCA_009865615.1_contig12.region001	8196
GCA_009865685.1_contig36.region001	8196
GCA_000738495.1_contig07.region001	8215
GCA_001021975.1_contig1.region009	8215
GCA_002835665.1_contig56.region001	8215
GCA_009900745.1_contig24.region001	8215
GCA_012273615.1_contig1.region004	8215
GCA_009901575.1_contig03.region001	8230
GCA_009901585.1_contig15.region001	8240
GCA_009904105.1_contig208.region001	8247
GCA_009904105.1_contig294.region001	8248
GCA_009993745.1_contig189.region001	8268
GCA_009995175.1_contig243.region001	8268
GCA_009994925.1_contig85.region001	8282
GCA_009995145.1_contig117.region001	8282
GCA_002770945.1_contig106.region001	8286
GCA_002789195.1_contig138.region001	8286
GCA_009993745.1_contig189.region002	8286
GCA_009995175.1_contig243.region002	8286
GCA_010671605.1_contig1.region001	8333
GCA_010993815.1_contig2.region003	8350
GCA_011087845.1_contig120.region001	8392
GCA_014075215.1_contig1.region002	8392
GCA_002204895.1_contig059.region001	8407
GCA_011316545.1_contig03.region001	8407
GCA_011316565.1_contig03.region001	8407
GCA_011316575.1_contig04.region001	8407
GCA_011316665.1_contig04.region001	8407
GCA_011330545.1_contig165.region001	8431
GCA_000186265.1_contig1.region004	8441
GCA_011378975.1_contig057.region001	8441
GCA_001521735.1_contig03.region001	8486
GCA_001521745.1_contig04.region001	8486
GCA_001521765.1_contig01.region001	8486
GCA_001675285.1_contig27.region001	8486
GCA_002022125.1_contig1.region002	8486
GCA_002023065.1_contig04.region001	8486
GCA_002023205.1_contig18.region001	8486
GCA_002023365.1_contig14.region002	8486
GCA_002023405.1_contig07.region002	8486
GCA_002023475.1_contig02.region001	8486
GCA_002023515.1_contig09.region001	8486
GCA_002023545.1_contig11.region001	8486
GCA_002023575.1_contig18.region001	8486
GCA_002023685.1_contig13.region001	8486
GCA_002024805.1_contig1.region001	8486
GCA_002557775.1_contig1.region002	8486
GCA_002738605.1_contig11.region001	8486
GCA_003014895.1_contig37.region001	8486
GCA_004119445.1_contig097.region001	8486
GCA_005234115.1_contig1.region003	8486
GCA_005844065.1_contig1.region002	8486
GCA_009938095.1_contig1.region002	8486
GCA_011601185.1_contig168.region001	8486
GCA_011601245.1_contig330.region001	8486
GCA_900092045.1_contig34.region001	8486
GCA_900157015.1_contig09.region001	8486
GCA_900157035.1_contig036.region001	8486
GCA_900447195.1_contig12.region001	8486
GCA_011762155.1_contig01.region001	8516
GCA_011952225.1_contig1.region001	8536
GCA_012032075.1_contig309.region001	8543
GCA_012272815.1_contig1.region001	8551
GCA_000708615.2_contig03.region001	8588
GCA_001556235.1_contig310.region001	8588
GCA_002434285.1_contig032.region001	8588
GCA_003815835.1_contig1.region003	8588
GCA_012927265.1_contig1.region001	8588
GCA_900109935.1_contig23.region001	8588
GCA_900129385.1_contig15.region001	8588
GCA_902168265.1_contig040.region001	8588
GCA_000708615.2_contig01.region002	8590
GCA_012927265.1_contig1.region003	8590
GCA_902168265.1_contig200.region001	8590
GCA_012927265.1_contig3.region001	8592
GCA_012932585.1_contig01.region002	8606
GCA_013002355.1_contig0397.region001	8642
GCA_013003025.1_contig51.region001	8647
GCA_013042075.1_contig213.region001	8647
GCA_013042595.1_contig29.region001	8647
GCA_013043685.1_contig66.region001	8647
GCA_013042245.1_contig128.region001	8669
GCA_013042685.1_contig198.region001	8689
GCA_013116755.1_contig49.region001	8725
GCA_013184525.1_contig05.region001	8731
GCA_013184525.1_contig07.region001	8734
GCA_013214425.1_contig363.region001	8759
GCA_013215105.1_contig087.region001	8769
GCA_013333875.2_contig059.region001	8808
GCA_013388355.1_contig1.region003	8841
GCA_001898245.1_contig23.region001	8846
GCA_002379575.1_contig14.region001	8846
GCA_013389455.1_contig1.region004	8846
GCA_013391805.1_contig1.region001	8850
GCA_013391805.1_contig1.region002	8851
GCA_013410675.1_contig1.region008	8936
GCA_014145665.1_contig55.region001	8981
GCA_002007065.3_contig1.region006	8983
GCA_003633595.1_contig09.region001	8983
GCA_014156605.1_contig020.region001	8983
GCA_014204415.1_contig03.region001	9006
GCA_000737765.1_contig07.region002	9045
GCA_002429685.1_contig172.region001	9045
GCA_004916905.1_contig02.region001	9045
GCA_014218815.1_contig33.region001	9045
GCA_014219895.1_contig33.region001	9045
GCA_014219965.1_contig33.region002	9045
GCA_014219975.1_contig33.region002	9045
GCA_014219985.1_contig33.region001	9045
GCA_014220005.1_contig33.region002	9045
GCA_014220065.1_contig48.region001	9045
GCA_014220105.1_contig38.region001	9045
GCA_014220115.1_contig33.region002	9045
GCA_014220185.1_contig33.region002	9045
GCA_014220275.1_contig33.region002	9045
GCA_014220285.1_contig33.region002	9045
GCA_014220295.1_contig33.region002	9045
GCA_014220345.1_contig33.region002	9045
GCA_014220365.1_contig33.region002	9045
GCA_014220375.1_contig33.region002	9045
GCA_014220405.1_contig46.region001	9045
GCA_014220445.1_contig33.region001	9045
GCA_014220505.1_contig33.region002	9045
GCA_014220515.1_contig33.region002	9045
GCA_014220525.1_contig33.region002	9045
GCA_014220565.1_contig48.region001	9045
GCA_014220575.1_contig33.region001	9045
GCA_014220605.1_contig33.region002	9045
GCA_014220615.1_contig33.region002	9045
GCA_014220655.1_contig148.region001	9045
GCA_900129105.1_contig11.region001	9045
GCA_014218785.1_contig02.region001	9055
GCA_014218825.1_contig44.region002	9055
GCA_014218885.1_contig64.region001	9055
GCA_014218785.1_contig22.region001	9061
GCA_014218825.1_contig22.region001	9061
GCA_014218885.1_contig22.region001	9061
GCA_900142445.1_contig49.region001	9061
GCA_000612925.1_contig01.region002	9077
GCA_000800075.1_contig03.region001	9077
GCA_000820645.1_contig01.region002	9077
GCA_001563495.1_contig11.region001	9077
GCA_003385535.1_contig007.region001	9077
GCA_003520985.1_contig21.region001	9077
GCA_014218915.1_contig107.region001	9077
GCA_014218945.1_contig109.region001	9077
GCA_900169075.1_contig3.region003	9077
GCA_002023365.1_contig18.region001	9125
GCA_002023515.1_contig13.region001	9125
GCA_009697265.1_contig1.region003	9125
GCA_014219595.1_contig06.region001	9125
GCA_014219625.1_contig021.region001	9125
GCA_014219885.1_contig06.region001	9125
GCA_014219905.1_contig06.region001	9125
GCA_900156995.1_contig20.region001	9125
GCA_900447425.1_contig3.region003	9125
GCA_014219665.1_contig21.region001	9134
GCA_014219765.1_contig22.region001	9134
GCA_014220675.1_contig27.region001	9134
GCA_014220925.1_contig47.region001	9134
GCA_002023425.1_contig01.region001	9157
GCA_014219575.1_contig33.region001	9157
GCA_014219595.1_contig22.region001	9157
GCA_014219625.1_contig037.region001	9157
GCA_014219635.1_contig41.region001	9157
GCA_014219695.1_contig22.region001	9157
GCA_014219705.1_contig22.region001	9157
GCA_014219805.1_contig22.region001	9157
GCA_014219825.1_contig29.region001	9157
GCA_014219865.1_contig29.region001	9157
GCA_014219885.1_contig22.region001	9157
GCA_014219905.1_contig22.region001	9157
GCA_014220725.1_contig22.region001	9157
GCA_014220885.1_contig22.region001	9157
GCA_900156995.1_contig25.region001	9157
GCA_900447425.1_contig3.region005	9157
GCA_000482305.1_contig01.region003	9212
GCA_000520835.1_contig25.region001	9212
GCA_000738495.1_contig04.region001	9212
GCA_000745535.1_contig24.region001	9212
GCA_001544435.1_contig301.region001	9212
GCA_002208925.2_contig1.region006	9212
GCA_002314375.1_contig05.region001	9212
GCA_002340165.1_contig03.region001	9212
GCA_002420545.1_contig12.region001	9212
GCA_002421065.1_contig26.region001	9212
GCA_002429685.1_contig260.region001	9212
GCA_002472905.1_contig04.region001	9212
GCA_002476825.1_contig075.region001	9212
GCA_002591275.1_contig1.region006	9212
GCA_002899825.2_contig044.region003	9212
GCA_003061395.1_contig1125.region001	9212
GCA_003455775.1_contig232.region001	9212
GCA_003709475.1_contig13.region003	9212
GCA_003812605.1_contig1.region002	9212
GCA_003812865.1_contig1.region002	9212
GCA_003815935.1_contig1.region006	9212
GCA_005862425.1_contig10.region001	9212
GCA_012273135.1_contig1.region002	9212
GCA_014218815.1_contig11.region001	9212
GCA_014219895.1_contig11.region001	9212
GCA_014219965.1_contig11.region004	9212
GCA_014219975.1_contig11.region001	9212
GCA_014219985.1_contig11.region004	9212
GCA_014220005.1_contig11.region004	9212
GCA_014220055.1_contig11.region001	9212
GCA_014220065.1_contig11.region004	9212
GCA_014220105.1_contig11.region004	9212
GCA_014220115.1_contig11.region001	9212
GCA_014220145.1_contig22.region001	9212
GCA_014220155.1_contig11.region001	9212
GCA_014220165.1_contig11.region001	9212
GCA_014220185.1_contig11.region001	9212
GCA_014220225.1_contig11.region001	9212
GCA_014220245.1_contig22.region001	9212
GCA_014220265.1_contig11.region004	9212
GCA_014220275.1_contig11.region001	9212
GCA_014220285.1_contig11.region001	9212
GCA_014220295.1_contig11.region001	9212
GCA_014220345.1_contig11.region001	9212
GCA_014220365.1_contig11.region001	9212
GCA_014220375.1_contig11.region001	9212
GCA_014220395.1_contig33.region001	9212
GCA_014220405.1_contig11.region001	9212
GCA_014220445.1_contig11.region001	9212
GCA_014220465.1_contig22.region001	9212
GCA_014220475.1_contig046.region004	9212
GCA_014220505.1_contig11.region001	9212
GCA_014220515.1_contig11.region001	9212
GCA_014220525.1_contig11.region004	9212
GCA_014220565.1_contig11.region001	9212
GCA_014220575.1_contig11.region001	9212
GCA_014220605.1_contig11.region004	9212
GCA_014220615.1_contig11.region001	9212
GCA_014220655.1_contig111.region004	9212
GCA_014220695.1_contig22.region001	9212
GCA_900113975.1_contig07.region001	9212
GCA_900460995.1_contig1.region007	9212
GCA_900683405.1_contig1.region006	9212
GCA_001013295.1_contig108.region001	9496
GCA_003523505.1_contig009.region001	9496
GCA_014220045.1_contig43_0.region001	9496
GCA_014220635.1_contig43.region001	9496
GCA_014220755.1_contig66.region001	9496
GCA_014220895.1_contig62.region001	9496
GCA_014238425.1_contig22.region001	9526
GCA_014238425.1_contig40.region001	9527
GCA_014270105.1_contig01.region002	9539
GCA_014303495.1_contig1.region001	9554
GCA_014353055.1_contig1.region001	9584
GCA_014385425.1_contig1.region003	9594
GCA_003054265.1_contig02.region001	9605
GCA_006383075.2_contig05.region001	9605
GCA_014397005.1_contig34.region001	9605
GCA_002022045.1_contig1.region004	9647
GCA_002023135.1_contig013.region001	9647
GCA_002023625.1_contig10.region001	9647
GCA_900092085.1_contig10.region002	9647
GCA_900099675.1_contig28.region001	9653
GCA_900105985.1_contig1.region001	9765
GCA_900108115.1_contig71.region001	9809
GCA_900109375.1_contig05.region002	9835
GCA_001428525.1_contig13.region001	9848
GCA_002482975.1_contig49.region001	9848
GCA_900110335.1_contig10.region001	9848
GCA_900129795.1_contig08.region002	9848
GCA_903819335.1_contig43.region001	9848
GCA_900111495.1_contig5.region001	9866
GCA_000520835.1_contig30.region002	9909
GCA_002208925.2_contig1.region008	9909
GCA_002340165.1_contig14.region001	9909
GCA_002421065.1_contig12.region001	9909
GCA_002472905.1_contig36.region002	9909
GCA_003815935.1_contig1.region009	9909
GCA_900113975.1_contig06.region001	9909
GCA_900460995.1_contig1.region010	9909
GCA_900114085.1_contig22.region001	9923
GCA_900114875.1_contig44.region001	9932
GCA_900114875.1_contig46.region001	9933
GCA_001421435.1_contig063.region001	9940
GCA_900115055.1_contig07.region002	9940
GCA_003285545.1_contig39.region001	9973
GCA_003725735.1_contig187.region001	9973
GCA_900119185.1_contig14.region001	9973
GCA_900119185.1_contig34.region001	9978
GCA_003725735.1_contig012.region002	9979
GCA_900119185.1_contig40.region001	9979
GCA_000737715.1_contig11.region001	9983
GCA_000800075.1_contig09.region001	9983
GCA_001045445.1_contig2.region004	9983
GCA_001045465.1_contig03.region001	9983
GCA_001295265.1_contig12.region001	9983
GCA_002439165.1_contig41.region001	9983
GCA_003520985.1_contig08.region001	9983
GCA_009602705.1_contig1.region006	9983
GCA_014204235.1_contig01.region001	9983
GCA_014207845.1_contig01.region004	9983
GCA_900115055.1_contig07.region004	9983
GCA_900128945.1_contig02.region001	9983
GCA_000737715.1_contig03.region001	10005
GCA_000737765.1_contig07.region001	10005
GCA_000800075.1_contig04.region001	10005
GCA_001045465.1_contig03.region004	10005
GCA_001563495.1_contig01.region002	10005
GCA_002023335.1_contig4.region001	10005
GCA_002216065.1_contig1.region004	10005
GCA_002754245.1_contig1.region008	10005
GCA_003520985.1_contig14.region001	10005
GCA_011752975.1_contig22.region001	10005
GCA_012927325.1_contig02.region002	10005
GCA_900115055.1_contig07.region001	10005
GCA_900128945.1_contig02.region003	10005
GCA_900129105.1_contig11.region002	10005
GCA_900169075.1_contig4.region005	10005
GCA_900129665.1_contig04.region001	10060
GCA_900141785.1_contig10.region001	10101
GCA_900141785.1_contig11.region001	10103
GCA_900142035.1_contig08.region001	10123
GCA_900142035.1_contig15.region001	10126
GCA_900142565.1_contig10.region001	10155
GCA_001684955.1_contig063.region001	10158
GCA_900142615.1_contig07.region001	10158
GCA_001684955.1_contig001.region001	10162
GCA_900142615.1_contig12.region002	10162
GCA_900142735.1_contig13.region001	10194
GCA_003515005.1_contig13.region001	10204
GCA_003815695.1_contig1.region009	10204
GCA_003815855.1_contig1.region006	10204
GCA_900142785.1_contig20.region001	10204
GCA_900446825.1_contig1.region006	10204
GCA_002943655.1_contig07.region001	10253
GCA_900156575.1_contig06.region003	10253
GCA_002943655.1_contig23.region001	10256
GCA_900156575.1_contig10.region001	10256
GCA_002943675.1_contig42.region001	10276
GCA_900156685.1_contig11.region001	10276
GCA_003208535.1_contig01.region001	10500
GCA_003217415.1_contig01.region001	10500
GCA_004341805.1_contig01.region001	10500
GCA_900187965.1_contig17.region001	10500
GCA_900188275.1_contig10.region001	10508
GCA_900188275.1_contig17.region001	10512
GCA_900198195.1_contig1.region002	10522
GCA_900215465.1_contig12.region001	10529
GCA_900239455.1_contig05.region001	10535
GCA_900239495.1_contig15.region001	10538
GCA_900290975.1_contig019.region001	10541
GCA_004010215.1_contig1.region003	10544
GCA_900290975.1_contig068.region001	10544
GCA_000520975.1_contig006.region001	10565
GCA_000520995.1_contig001.region001	10565
GCA_000626715.1_contig02.region001	10565
GCA_900089995.1_contig02.region001	10565
GCA_900299475.1_contig099.region001	10565
GCA_900299485.1_contig09.region001	10565
GCA_900299525.1_contig16.region001	10565
GCA_900312745.1_contig12.region001	10565
GCA_900624725.1_contig007.region001	10565
GCA_000520995.1_contig014.region001	10589
GCA_900299475.1_contig089.region001	10589
GCA_900299525.1_contig29.region002	10589
GCA_000520975.1_contig003.region001	10616
GCA_000626715.1_contig01.region001	10616
GCA_900089995.1_contig01.region005	10616
GCA_900299485.1_contig10.region001	10616
GCA_900312745.1_contig02.region004	10616
GCA_900624725.1_contig054.region001	10616
GCA_900312815.1_contig07.region002	10625
GCA_000243275.1_contig1.region001	10692
GCA_000297875.1_contig01.region003	10692
GCA_900453865.1_contig2.region004	10692
GCA_000243275.1_contig1.region002	10693
GCA_000297875.1_contig01.region002	10693
GCA_900453865.1_contig2.region005	10693
GCA_000520835.1_contig16.region001	10702
GCA_900113975.1_contig08.region001	10702
GCA_900460995.1_contig1.region003	10702
GCA_900538225.1_contig13.region001	10723
GCA_003815735.1_contig1.region004	10872
GCA_900637665.1_contig1.region006	10872
GCA_002413625.1_contig08.region001	10940
GCA_002453075.1_contig55.region001	10940
GCA_002695545.1_contig35.region002	10940
GCA_002696985.1_contig23.region002	10940
GCA_002719535.1_contig13.region002	10940
GCA_902499555.1_contig02.region002	10940
GCA_902706275.1_contig02.region001	11007
GCA_902729325.1_contig147.region001	11058
GCA_902804485.1_contig064.region001	11079
GCA_902804485.1_contig157.region001	11086
GCA_903819445.1_contig218.region001	11112
GCA_903819445.1_contig243.region001	11113
