#BGC Name	Clan Number	Family Number
BGC0001672.1	4935	1639
GCA_001975985.1_contig06.region001	4935	1639
GCA_000154725.1_contig1.region002	4935	1850
GCA_000154725.1_contig1.region005	4935	1853
GCA_000171875.1_contig5.region002	4935	1858
GCA_000218485.2_contig148.region001	4935	1897
GCA_000283015.1_contig06.region001	4935	1974
GCA_900141715.1_contig08.region001	4935	1974
GCA_000332115.1_contig1.region001	4935	2008
GCA_000335775.1_contig04.region001	4935	2017
GCA_001853485.1_contig22.region001	4935	2017
GCA_002217445.1_contig19.region001	4935	2017
GCA_002217475.1_contig016.region001	4935	2017
GCA_000335775.1_contig10.region001	4935	2021
GCA_000335775.1_contig14.region001	4935	2023
GCA_000335775.1_contig44.region001	4935	2027
GCA_000335775.1_contig59.region001	4935	2028
GCA_000335775.1_contig64.region001	4935	2029
GCA_000424985.1_contig039.region001	4935	2115
GCA_000425425.1_contig06.region001	4935	2119
GCA_000429545.1_contig17.region001	4935	2161
GCA_000430545.1_contig11.region001	4935	2168
GCA_000430545.1_contig19.region001	4935	2170
GCA_000430545.1_contig27.region001	4935	2171
GCA_000430645.1_contig04.region002	4935	2176
GCA_003443695.1_contig1.region005	4935	2176
GCA_000430665.1_contig003.region001	4935	2182
GCA_000430665.1_contig009.region001	4935	2185
GCA_000430665.1_contig011.region001	4935	2186
GCA_000430665.1_contig016.region001	4935	2187
GCA_000430665.1_contig039.region001	4935	2190
GCA_000430665.1_contig045.region001	4935	2192
GCA_000430665.1_contig069.region001	4935	2194
GCA_000430665.1_contig074.region001	4935	2196
GCA_000430665.1_contig084.region001	4935	2197
GCA_000430665.1_contig096.region001	4935	2198
GCA_000430665.1_contig098.region001	4935	2199
GCA_000430845.1_contig17.region001	4935	2209
GCA_000430845.1_contig35.region001	4935	2210
GCA_000520955.1_contig011.region001	4935	2289
GCA_000520955.1_contig023.region001	4935	2290
GCA_000520955.1_contig032.region001	4935	2292
GCA_000520975.1_contig015.region001	4935	2298
GCA_000520975.1_contig104.region001	4935	2306
GCA_000520975.1_contig109.region001	4935	2307
GCA_000626715.1_contig03.region001	4935	2342
GCA_000695795.1_contig32.region001	4935	2370
GCA_000737705.1_contig02.region001	4935	2433
GCA_000737715.1_contig05.region001	4935	2442
GCA_000737785.1_contig07.region001	4935	2474
GCA_000738495.1_contig38.region001	4935	2489
GCA_000744275.1_contig2.region001	4935	2497
GCA_000744275.1_contig4.region001	4935	2498
GCA_000744275.1_contig5.region001	4935	2499
GCA_000744275.1_contig5.region005	4935	2503
GCA_000744275.1_contig7.region001	4935	2504
GCA_000744275.1_contig9.region001	4935	2505
GCA_000745535.1_contig26.region001	4935	2538
GCA_002025665.1_contig1.region003	4935	2538
GCA_000745775.1_contig12.region001	4935	2547
GCA_009674815.1_contig21.region001	4935	2547
GCA_000745775.1_contig15.region001	4935	2548
GCA_000745775.1_contig16.region001	4935	2549
GCA_009674815.1_contig24.region001	4935	2549
GCA_000764835.1_contig49.region001	4935	2601
GCA_000789235.1_contig1.region002	4935	2637
GCA_000799465.1_contig1.region001	4935	2694
GCA_000826655.1_contig024.region001	4935	2797
GCA_000828715.1_contig1.region002	4935	2806
GCA_000829375.1_contig1.region008	4935	2814
GCA_000943555.1_contig19.region001	4935	2850
GCA_000943565.1_contig15.region001	4935	2853
GCA_001005305.1_contig05.region001	4935	2899
GCA_001005305.1_contig06.region001	4935	2900
GCA_001005305.1_contig34.region001	4935	2902
GCA_001005315.1_contig001.region001	4935	2906
GCA_001005315.1_contig012.region001	4935	2907
GCA_001005315.1_contig026.region001	4935	2908
GCA_001005305.1_contig43.region001	4935	2909
GCA_001005315.1_contig134.region001	4935	2909
GCA_003054265.1_contig14.region001	4935	2909
GCA_003352465.1_contig1.region009	4935	2909
GCA_006383075.2_contig08.region001	4935	2909
GCA_001005315.1_contig146.region001	4935	2911
GCA_001005315.1_contig156.region001	4935	2912
GCA_001005315.1_contig174.region001	4935	2913
GCA_001005315.1_contig177.region001	4935	2914
GCA_001005315.1_contig183.region001	4935	2915
GCA_001005315.1_contig199.region001	4935	2918
GCA_001020565.1_contig1.region001	4935	2929
GCA_001021975.1_contig1.region006	4935	2938
GCA_012273615.1_contig1.region007	4935	2938
GCA_000738495.1_contig04.region003	4935	2942
GCA_001021975.1_contig1.region010	4935	2942
GCA_012273615.1_contig1.region003	4935	2942
GCA_001027725.1_contig22.region001	4935	2952
GCA_001027725.1_contig36.region001	4935	2954
GCA_001045465.1_contig03.region003	4935	2979
GCA_000737715.1_contig27.region001	4935	2984
GCA_001045465.1_contig11.region001	4935	2984
GCA_001401755.1_contig02.region001	4935	3041
GCA_001401755.1_contig03.region001	4935	3042
GCA_001401755.1_contig05.region001	4935	3043
GCA_001401755.1_contig05.region002	4935	3044
GCA_001401755.1_contig09.region001	4935	3045
GCA_001401755.1_contig12.region001	4935	3048
GCA_001401755.1_contig22.region001	4935	3050
GCA_001401755.1_contig29.region001	4935	3051
GCA_001401755.1_contig48.region001	4935	3052
GCA_001401755.1_contig52.region001	4935	3053
GCA_001401755.1_contig55.region001	4935	3054
GCA_001404985.1_contig12.region001	4935	3064
GCA_001404985.1_contig15.region001	4935	3094
GCA_001422725.1_contig08.region001	4935	3094
GCA_001975985.1_contig03.region001	4935	3094
GCA_001422725.1_contig10.region001	4935	3095
GCA_001422725.1_contig11.region001	4935	3096
GCA_001975985.1_contig04.region001	4935	3096
GCA_001422725.1_contig21.region001	4935	3099
GCA_001507425.1_contig36.region001	4935	3203
GCA_001507425.1_contig52.region001	4935	3204
GCA_001529295.1_contig34.region001	4935	3235
GCA_001549985.1_contig01.region001	4935	3250
GCA_001602525.1_contig01.region002	4935	3293
GCA_900142685.1_contig19.region003	4935	3293
GCA_001648155.1_contig1.region001	4935	3348
GCA_001678675.1_contig001.region001	4935	3379
GCA_003259265.1_contig11.region001	4935	3379
GCA_001686925.1_contig21.region001	4935	3420
GCA_002222045.1_contig035.region001	4935	3420
GCA_003633595.1_contig04.region001	4935	3420
GCA_001747085.1_contig07.region001	4935	3461
GCA_001747085.1_contig48.region001	4935	3464
GCA_001853485.1_contig10.region001	4935	3506
GCA_002217445.1_contig58.region001	4935	3506
GCA_001853485.1_contig14.region001	4935	3511
GCA_002217445.1_contig02.region001	4935	3511
GCA_002217445.1_contig59.region001	4935	3511
GCA_001853485.1_contig15.region001	4935	3512
GCA_002217445.1_contig04.region001	4935	3512
GCA_001936575.1_contig007.region001	4935	3577
GCA_001936575.1_contig010.region001	4935	3579
GCA_001936575.1_contig023.region001	4935	3582
GCA_001936575.1_contig062.region001	4935	3584
GCA_001936575.1_contig076.region001	4935	3585
GCA_001936575.1_contig081.region001	4935	3586
GCA_001936575.1_contig084.region001	4935	3588
GCA_001936575.1_contig086.region001	4935	3589
GCA_001936575.1_contig087.region001	4935	3590
GCA_001936575.1_contig089.region001	4935	3591
GCA_001936575.1_contig090.region001	4935	3591
GCA_001936575.1_contig097.region001	4935	3591
GCA_001975985.1_contig10.region001	4935	3608
GCA_001975985.1_contig12.region001	4935	3609
GCA_001975985.1_contig18.region001	4935	3612
GCA_001975985.1_contig21.region001	4935	3613
GCA_002167435.2_contig126.region001	4935	3862
GCA_002216065.1_contig1.region001	4935	3946
GCA_002217285.1_contig021.region001	4935	3974
GCA_002217285.1_contig024.region001	4935	3975
GCA_001422725.1_contig13.region001	4935	4001
GCA_002217365.1_contig01.region001	4935	4001
GCA_900142715.1_contig06.region001	4935	4001
GCA_001853485.1_contig12.region001	4935	4021
GCA_002217445.1_contig03.region001	4935	4021
GCA_001853485.1_contig05.region001	4935	4025
GCA_002217445.1_contig14.region001	4935	4025
GCA_002217445.1_contig15.region001	4935	4026
GCA_000335775.1_contig09.region001	4935	4029
GCA_001853485.1_contig07.region001	4935	4029
GCA_002217445.1_contig32.region001	4935	4029
GCA_002217475.1_contig013.region001	4935	4029
GCA_000335775.1_contig12.region001	4935	4031
GCA_001853485.1_contig29.region001	4935	4031
GCA_002217445.1_contig34.region001	4935	4031
GCA_002217475.1_contig012.region001	4935	4031
GCA_002217445.1_contig50.region001	4935	4035
GCA_002217445.1_contig56.region001	4935	4036
GCA_001853485.1_contig08.region001	4935	4045
GCA_002217445.1_contig35.region001	4935	4045
GCA_002217475.1_contig026.region001	4935	4045
GCA_002222055.1_contig074.region001	4935	4066
GCA_003148525.1_contig03.region001	4935	4066
GCA_002222055.1_contig133.region001	4935	4067
GCA_000737775.1_contig05.region001	4935	4104
GCA_002285635.2_contig1.region005	4935	4104
GCA_002291725.1_contig011.region001	4935	4110
GCA_002296255.1_contig306.region001	4935	4151
GCA_002699205.1_contig51.region001	4935	4151
GCA_002711455.1_contig08.region001	4935	4151
GCA_002304765.1_contig140.region001	4935	4200
GCA_002311535.1_contig33.region001	4935	4215
GCA_002291725.1_contig010.region001	4935	4252
GCA_002320855.1_contig03.region001	4935	4252
GCA_002323395.1_contig104.region001	4935	4252
GCA_002379965.1_contig043.region001	4935	4252
GCA_002452945.1_contig065.region001	4935	4252
GCA_002700185.1_contig4.region001	4935	4252
GCA_002715605.1_contig23.region001	4935	4252
GCA_002715605.1_contig24.region001	4935	4252
GCA_003687485.1_contig1.region004	4935	4252
GCA_000423005.1_contig15.region001	4935	4604
GCA_002426755.1_contig32.region001	4935	4604
GCA_002426835.1_contig082.region001	4935	4608
GCA_009746565.1_contig36.region001	4935	4608
GCA_002439165.1_contig26.region001	4935	4668
GCA_002455915.1_contig016.region001	4935	4710
GCA_002476825.1_contig087.region001	4935	4764
GCA_002696215.1_contig092.region001	4935	4896
GCA_002696215.1_contig160.region001	4935	4898
GCA_002697475.1_contig019.region001	4935	4916
GCA_002697475.1_contig114.region001	4935	4917
GCA_002697475.1_contig115.region001	4935	4918
GCA_002697475.1_contig144.region001	4935	4919
GCA_002699205.1_contig05.region001	4935	4928
GCA_002711825.1_contig130.region001	4935	4928
GCA_002700005.1_contig0447.region001	4935	4935
GCA_003387615.1_contig02.region001	4935	4935
GCA_002708845.1_contig08.region001	4935	4980
GCA_002711825.1_contig001.region001	4935	4998
GCA_002733415.1_contig93.region001	4935	5071
GCA_002733585.1_contig017.region001	4935	5073
GCA_002742365.1_contig18.region001	4935	5096
GCA_001404985.1_contig04.region001	4935	5110
GCA_001975985.1_contig23.region001	4935	5110
GCA_002754195.1_contig1.region004	4935	5110
GCA_002754245.1_contig1.region003	4935	5120
GCA_002754245.1_contig1.region007	4935	5124
GCA_002770595.1_contig1.region005	4935	5141
GCA_002797535.1_contig3.region001	4935	5186
GCA_002813285.1_contig1.region001	4935	5204
GCA_002835665.1_contig28.region001	4935	5243
GCA_002843175.1_contig22.region001	4935	5265
GCA_002846555.1_contig1.region002	4935	5274
GCA_002846555.1_contig1.region004	4935	5276
GCA_002895435.1_contig03.region001	4935	5317
GCA_002895435.1_contig36.region001	4935	5322
GCA_002895435.1_contig37.region001	4935	5323
GCA_002899825.2_contig066.region002	4935	5338
GCA_002899875.1_contig01.region002	4935	5341
GCA_002916795.1_contig113.region001	4935	5384
GCA_002916795.1_contig132.region001	4935	5384
GCA_002916795.1_contig123.region001	4935	5385
GCA_002920895.1_contig19.region001	4935	5394
GCA_002924285.1_contig002.region001	4935	5396
GCA_002924285.1_contig049.region001	4935	5400
GCA_900299535.1_contig57.region001	4935	5400
GCA_002924285.1_contig062.region001	4935	5401
GCA_002924285.1_contig192.region001	4935	5404
GCA_002943655.1_contig34.region001	4935	5416
GCA_002954325.1_contig1.region002	4935	5434
GCA_003054265.1_contig02.region002	4935	5557
GCA_003054265.1_contig04.region001	4935	5559
GCA_003054265.1_contig14.region002	4935	5564
GCA_003054265.1_contig15.region001	4935	5565
GCA_003054265.1_contig25.region001	4935	5566
GCA_003061345.1_contig0865.region001	4935	5586
GCA_003076455.1_contig1.region002	4935	5617
GCA_003143755.1_contig04.region001	4935	5671
GCA_003148525.1_contig32.region001	4935	5682
GCA_003148525.1_contig33.region001	4935	5683
GCA_003148525.1_contig36.region001	4935	5684
GCA_003217215.1_contig02.region001	4935	5738
GCA_003208535.1_contig18.region001	4935	5748
GCA_003217415.1_contig20.region001	4935	5748
GCA_004341805.1_contig20.region001	4935	5748
GCA_003232435.1_contig165.region001	4935	5757
GCA_003232435.1_contig223.region001	4935	5758
GCA_003243255.1_contig102.region001	4935	5771
GCA_003243255.1_contig626.region001	4935	5774
GCA_003254015.1_contig04.region001	4935	5793
GCA_003254015.1_contig10.region001	4935	5795
GCA_003254015.1_contig11.region001	4935	5796
GCA_003254015.1_contig15.region001	4935	5797
GCA_003254015.1_contig19.region001	4935	5798
GCA_003254015.1_contig21.region001	4935	5799
GCA_003254565.1_contig047.region001	4935	5809
GCA_900182675.1_contig20.region001	4935	5809
GCA_003254625.1_contig39.region001	4935	5826
GCA_003258355.1_contig076.region001	4935	5833
GCA_001678675.1_contig027.region001	4935	5837
GCA_003259265.1_contig05.region001	4935	5837
GCA_003318185.1_contig02.region001	4935	5894
GCA_900105985.1_contig1.region002	4935	5894
GCA_003318185.1_contig03.region001	4935	5895
GCA_003318185.1_contig08.region001	4935	5896
GCA_003318185.1_contig16.region001	4935	5899
GCA_003318185.1_contig25.region001	4935	5900
GCA_003337305.1_contig02.region001	4935	5917
GCA_003347605.1_contig37.region001	4935	5929
GCA_003352465.1_contig1.region001	4935	5936
GCA_003352465.1_contig1.region005	4935	5940
GCA_003352465.1_contig1.region006	4935	5941
GCA_003352465.1_contig1.region010	4935	5945
GCA_003384725.1_contig01.region001	4935	5953
GCA_003384725.1_contig09.region001	4935	5957
GCA_003384725.1_contig30.region001	4935	5963
GCA_003385115.1_contig01.region002	4935	5974
GCA_003385115.1_contig16.region001	4935	5978
GCA_003385455.1_contig18.region001	4935	5998
GCA_003385455.1_contig47.region001	4935	6002
GCA_003385455.1_contig56.region001	4935	6003
GCA_007991415.1_contig068.region001	4935	6003
GCA_003385495.1_contig10.region003	4935	6009
GCA_003385515.1_contig08.region001	4935	6021
GCA_003385515.1_contig55.region001	4935	6030
GCA_003455775.1_contig020.region001	4935	6151
GCA_003455795.1_contig387.region001	4935	6159
GCA_003507755.1_contig475.region001	4935	6202
GCA_003513105.1_contig415.region001	4935	6217
GCA_003515005.1_contig43.region001	4935	6225
GCA_003564185.1_contig045.region001	4935	6302
GCA_003626845.1_contig099.region001	4935	6350
GCA_003626845.1_contig119.region001	4935	6351
GCA_003626845.1_contig229.region001	4935	6354
GCA_003626845.1_contig450.region001	4935	6356
GCA_003626865.1_contig067.region001	4935	6361
GCA_003443675.1_contig1.region005	4935	6362
GCA_003626865.1_contig089.region001	4935	6362
GCA_003626865.1_contig276.region001	4935	6366
GCA_002754195.1_contig1.region002	4935	6383
GCA_003633785.1_contig1.region006	4935	6383
GCA_003633785.1_contig2.region001	4935	6383
GCA_004339525.1_contig1.region006	4935	6383
GCA_003687485.1_contig1.region002	4935	6450
GCA_003386855.1_contig02.region001	4935	6458
GCA_003688345.1_contig02.region001	4935	6458
GCA_003709475.1_contig08.region001	4935	6481
GCA_003709475.1_contig09.region001	4935	6482
GCA_003709475.1_contig10.region001	4935	6483
GCA_003709475.1_contig11.region001	4935	6484
GCA_003709475.1_contig12.region001	4935	6485
GCA_003709475.1_contig13.region001	4935	6485
GCA_003709475.1_contig13.region002	4935	6487
GCA_003710065.1_contig2.region004	4935	6487
GCA_902728265.1_contig027.region001	4935	6487
GCA_003709475.1_contig13.region005	4935	6490
GCA_003709475.1_contig14.region001	4935	6491
GCA_902729325.1_contig012.region001	4935	6491
GCA_003709475.1_contig14.region002	4935	6492
GCA_003709475.1_contig14.region004	4935	6494
GCA_003710065.1_contig2.region011	4935	6494
GCA_902728265.1_contig001.region001	4935	6494
GCA_003710065.1_contig2.region003	4935	6500
GCA_003710065.1_contig2.region007	4935	6504
GCA_902728265.1_contig018.region001	4935	6504
GCA_003710065.1_contig2.region008	4935	6505
GCA_003710065.1_contig2.region009	4935	6506
GCA_003709475.1_contig14.region003	4935	6507
GCA_003710065.1_contig2.region010	4935	6507
GCA_003709475.1_contig14.region006	4935	6511
GCA_003710065.1_contig2.region014	4935	6511
GCA_902728265.1_contig005.region001	4935	6511
GCA_902729325.1_contig070.region001	4935	6511
GCA_003709475.1_contig15.region001	4935	6512
GCA_003710065.1_contig2.region015	4935	6512
GCA_003725735.1_contig052.region001	4935	6522
GCA_003725735.1_contig059.region001	4935	6523
GCA_003725735.1_contig198.region001	4935	6533
GCA_003725735.1_contig219.region001	4935	6534
GCA_003729935.1_contig09.region001	4935	6536
GCA_003729935.1_contig18.region001	4935	6537
GCA_003755145.1_contig02.region002	4935	6576
GCA_003812705.1_contig1.region004	4935	6596
GCA_003815655.1_contig1.region007	4935	6626
GCA_003852675.1_contig65.region001	4935	6746
GCA_013373485.1_contig10.region001	4935	6746
GCA_002700005.1_contig0643.region003	4935	6773
GCA_003387615.1_contig01.region001	4935	6773
GCA_003867015.1_contig1.region004	4935	6773
GCA_003937815.1_contig16.region002	4935	6773
GCA_002700005.1_contig0457.region001	4935	6797
GCA_003867015.1_contig1.region005	4935	6797
GCA_003937815.1_contig18.region001	4935	6797
GCA_003515005.1_contig11.region001	4935	6844
GCA_003815695.1_contig1.region005	4935	6844
GCA_003815855.1_contig1.region002	4935	6844
GCA_003971235.1_contig1.region005	4935	6844
GCA_900142785.1_contig14.region001	4935	6844
GCA_900446825.1_contig1.region002	4935	6844
GCA_003973595.1_contig233.region001	4935	6851
GCA_003996965.1_contig276.region001	4935	6879
GCA_004104075.1_contig28.region001	4935	6919
GCA_004115975.1_contig40.region001	4935	6929
GCA_004139715.1_contig1.region003	4935	6986
GCA_004216895.1_contig02.region003	4935	7031
GCA_004310325.1_contig34.region001	4935	7055
GCA_004310335.1_contig01.region001	4935	7056
GCA_004328055.1_contig10.region001	4935	7062
GCA_000143785.1_contig1.region002	4935	7070
GCA_002294525.1_contig08.region002	4935	7070
GCA_002390905.1_contig161.region001	4935	7070
GCA_004137745.1_contig1.region003	4935	7070
GCA_004328965.1_contig1.region007	4935	7070
GCA_008274625.1_contig01.region005	4935	7070
GCA_009648535.1_contig1.region002	4935	7070
GCA_900636535.1_contig1.region006	4935	7070
GCA_004337695.1_contig037.region001	4935	7081
GCA_004337695.1_contig073.region001	4935	7084
GCA_004341235.1_contig03.region001	4935	7102
GCA_004345565.1_contig21.region001	4935	7125
GCA_004349355.1_contig24.region001	4935	7159
GCA_004349355.1_contig31.region002	4935	7161
GCA_003061345.1_contig0885.region001	4935	7162
GCA_004349355.1_contig36.region001	4935	7162
GCA_004355225.1_contig1.region003	4935	7170
GCA_004362015.1_contig05.region001	4935	7179
GCA_004362055.1_contig10.region001	4935	7186
GCA_004368785.1_contig11.region001	4935	7238
GCA_004368785.1_contig12.region001	4935	7239
GCA_004368785.1_contig13.region001	4935	7240
GCA_004368785.1_contig17.region001	4935	7241
GCA_004368785.1_contig18.region001	4935	7242
GCA_004368785.1_contig21.region001	4935	7243
GCA_004345565.1_contig07.region001	4935	7255
GCA_004369705.1_contig1284.region001	4935	7255
GCA_009674775.1_contig023.region001	4935	7255
GCA_004345565.1_contig09.region001	4935	7256
GCA_004369705.1_contig1506.region001	4935	7256
GCA_004745595.1_contig05.region001	4935	7271
GCA_004745595.1_contig08.region001	4935	7275
GCA_004745595.1_contig10.region001	4935	7276
GCA_004762155.1_contig45.region001	4935	7283
GCA_004959765.1_contig07.region001	4935	7325
GCA_004959765.1_contig23.region001	4935	7327
GCA_004959765.1_contig44.region001	4935	7329
GCA_004959765.1_contig47.region001	4935	7331
GCA_005780245.1_contig03.region001	4935	7352
GCA_005885635.1_contig15.region001	4935	7376
GCA_006383075.2_contig03.region001	4935	7416
GCA_006383075.2_contig13.region001	4935	7419
GCA_006438875.1_contig07.region001	4935	7431
GCA_006443095.1_contig12.region002	4935	7441
GCA_006491595.2_contig05.region002	4935	7450
GCA_006539745.1_contig018.region001	4935	7461
GCA_900142775.1_contig23.region001	4935	7461
GCA_006829085.1_contig07.region001	4935	7524
GCA_006829085.1_contig24.region001	4935	7529
GCA_006829085.1_contig27.region001	4935	7530
GCA_006829085.1_contig28.region001	4935	7531
GCA_007097365.1_contig22.region001	4935	7561
GCA_007109265.1_contig213.region001	4935	7561
GCA_007097385.1_contig09.region001	4935	7563
GCA_007097385.1_contig12.region001	4935	7564
GCA_007097385.1_contig17.region001	4935	7566
GCA_007097385.1_contig20.region001	4935	7568
GCA_007097385.1_contig42.region001	4935	7570
GCA_007097385.1_contig56.region001	4935	7571
GCA_007097385.1_contig57.region001	4935	7572
GCA_001632745.1_contig04.region001	4935	7607
GCA_003443715.1_contig1.region001	4935	7607
GCA_003626835.1_contig48.region001	4935	7607
GCA_007489275.1_contig057.region001	4935	7607
GCA_900312735.1_contig14.region001	4935	7607
GCA_007845585.1_contig17.region001	4935	7647
GCA_007845595.1_contig14.region001	4935	7647
GCA_007845635.1_contig24.region001	4935	7647
GCA_000799645.1_contig17.region001	4935	7687
GCA_003385455.1_contig12.region001	4935	7687
GCA_007991415.1_contig025.region001	4935	7687
GCA_900176315.1_contig06.region002	4935	7687
GCA_007991415.1_contig066.region001	4935	7692
GCA_007997285.1_contig25.region001	4935	7745
GCA_007997385.1_contig32.region001	4935	7755
GCA_008124785.1_contig04.region002	4935	7799
GCA_008124785.1_contig05.region001	4935	7800
GCA_008274625.1_contig06.region001	4935	7810
GCA_003385515.1_contig01.region002	4935	7811
GCA_008274625.1_contig10.region001	4935	7811
GCA_008367235.1_contig10.region001	4935	7834
GCA_008367275.1_contig12.region001	4935	7834
GCA_008370685.1_contig024.region001	4935	7841
GCA_008370685.1_contig029.region001	4935	7842
GCA_008370685.1_contig055.region001	4935	7843
GCA_008370685.1_contig103.region001	4935	7847
GCA_008370685.1_contig206.region001	4935	7853
GCA_008370685.1_contig234.region001	4935	7857
GCA_008370685.1_contig240.region001	4935	7859
GCA_008370685.1_contig242.region001	4935	7861
GCA_002150785.1_contig048.region001	4935	7900
GCA_008711145.1_contig002.region001	4935	7900
GCA_008806755.1_contig09.region001	4935	7908
GCA_008806755.1_contig25.region001	4935	7913
GCA_008806755.1_contig30.region001	4935	7914
GCA_008806755.1_contig79.region001	4935	7915
GCA_008806755.1_contig85.region001	4935	7916
GCA_009649685.1_contig01.region001	4935	7995
GCA_009649685.1_contig08.region001	4935	8001
GCA_004345565.1_contig06.region001	4935	8015
GCA_004369705.1_contig1173.region002	4935	8015
GCA_009674775.1_contig012.region002	4935	8015
GCA_009674775.1_contig036.region001	4935	8020
GCA_009674775.1_contig045.region001	4935	8022
GCA_009674775.1_contig046.region001	4935	8023
GCA_009674775.1_contig048.region001	4935	8024
GCA_009674775.1_contig049.region001	4935	8025
GCA_009674775.1_contig052.region001	4935	8026
GCA_009674775.1_contig054.region001	4935	8027
GCA_009674775.1_contig058.region001	4935	8028
GCA_009674815.1_contig19.region001	4935	8034
GCA_009674815.1_contig22.region001	4935	8036
GCA_009674815.1_contig23.region001	4935	8037
GCA_009707955.1_contig21.region001	4935	8059
GCA_009707955.1_contig25.region001	4935	8059
GCA_902506265.1_contig54.region001	4935	8059
GCA_009711165.1_contig001.region002	4935	8068
GCA_009711165.1_contig031.region001	4935	8074
GCA_009711165.1_contig046.region001	4935	8076
GCA_009711165.1_contig056.region001	4935	8077
GCA_000744555.1_contig2.region002	4935	8082
GCA_009725985.1_contig021.region001	4935	8082
GCA_009725995.1_contig18.region001	4935	8088
GCA_009797885.1_contig07.region001	4935	8140
GCA_000764755.1_contig40.region001	4935	8149
GCA_004368925.1_contig04.region001	4935	8149
GCA_009796825.1_contig1.region002	4935	8149
GCA_009807485.1_contig22.region001	4935	8149
GCA_009830375.1_contig21.region001	4935	8149
GCA_900112395.1_contig29.region001	4935	8149
GCA_003755145.1_contig06.region001	4935	8220
GCA_009900745.1_contig56.region001	4935	8220
GCA_009901525.1_contig1.region001	4935	8221
GCA_009901525.1_contig1.region002	4935	8222
GCA_009901525.1_contig1.region003	4935	8223
GCA_009901575.1_contig04.region002	4935	8232
GCA_009901575.1_contig08.region001	4935	8235
GCA_009901585.1_contig15.region003	4935	8242
GCA_009909155.2_contig12.region001	4935	8252
GCA_010365135.1_contig158.region001	4935	8298
GCA_010365135.1_contig214.region001	4935	8300
GCA_010671605.1_contig2.region001	4935	8336
GCA_010993815.1_contig2.region002	4935	8349
GCA_011050085.1_contig66.region001	4935	8370
GCA_900101815.1_contig44.region001	4935	8370
GCA_002204835.1_contig088.region001	4935	8415
GCA_002204895.1_contig050.region001	4935	8415
GCA_002916795.1_contig205.region001	4935	8415
GCA_011316545.1_contig12.region001	4935	8415
GCA_011316565.1_contig12.region001	4935	8415
GCA_011316575.1_contig12.region001	4935	8415
GCA_011316665.1_contig55.region001	4935	8415
GCA_002204895.1_contig106.region001	4935	8425
GCA_011316545.1_contig42.region001	4935	8425
GCA_011316565.1_contig41.region001	4935	8425
GCA_011316575.1_contig40.region001	4935	8425
GCA_011316665.1_contig40.region001	4935	8425
GCA_011751075.1_contig057.region001	4935	8496
GCA_011751075.1_contig234.region001	4935	8502
GCA_001027725.1_contig02.region001	4935	8506
GCA_011751075.1_contig256.region001	4935	8506
GCA_012272815.1_contig2.region001	4935	8554
GCA_012273615.1_contig1.region008	4935	8576
GCA_003385515.1_contig14.region001	4935	8599
GCA_003755145.1_contig02.region003	4935	8599
GCA_012927325.1_contig34.region001	4935	8599
GCA_013184525.1_contig01.region001	4935	8726
GCA_013184525.1_contig05.region003	4935	8733
GCA_013184525.1_contig11.region001	4935	8735
GCA_013184525.1_contig12.region001	4935	8736
GCA_013184525.1_contig13.region001	4935	8737
GCA_013184525.1_contig15.region001	4935	8738
GCA_013214425.1_contig121.region001	4935	8755
GCA_013214425.1_contig167.region001	4935	8756
GCA_013214425.1_contig271.region001	4935	8757
GCA_013214425.1_contig357.region001	4935	8758
GCA_013214625.1_contig245.region001	4935	8764
GCA_013215095.1_contig114.region001	4935	8768
GCA_013294075.1_contig06.region002	4935	8799
GCA_013365535.1_contig1.region001	4935	8815
GCA_013365535.1_contig1.region002	4935	8816
GCA_013365535.1_contig1.region003	4935	8817
GCA_013365535.1_contig1.region004	4935	8818
GCA_013373485.1_contig62.region001	4935	8831
GCA_013373485.1_contig82.region001	4935	8834
GCA_013394655.1_contig1.region004	4935	8875
GCA_013403865.1_contig44.region001	4935	8897
GCA_013403985.1_contig22.region001	4935	8912
GCA_013394675.1_contig1.region002	4935	8924
GCA_013404085.1_contig1.region001	4935	8924
GCA_014062315.1_contig01.region001	4935	8963
GCA_011087845.1_contig079.region001	4935	8971
GCA_014075215.1_contig1.region003	4935	8971
GCA_011087845.1_contig119.region001	4935	8973
GCA_014075215.1_contig1.region005	4935	8973
GCA_014204415.1_contig11.region001	4935	9008
GCA_014218785.1_contig11.region001	4935	9060
GCA_014218825.1_contig11.region001	4935	9060
GCA_014218885.1_contig11.region001	4935	9060
GCA_000520835.1_contig27.region002	4935	9386
GCA_001544435.1_contig172.region001	4935	9386
GCA_002421065.1_contig27.region002	4935	9386
GCA_002429685.1_contig106.region001	4935	9386
GCA_002472905.1_contig23.region001	4935	9386
GCA_003812865.1_contig1.region004	4935	9386
GCA_003815935.1_contig1.region004	4935	9386
GCA_014218815.1_contig11.region003	4935	9386
GCA_014219895.1_contig11.region003	4935	9386
GCA_014219965.1_contig11.region002	4935	9386
GCA_014219975.1_contig11.region003	4935	9386
GCA_014219985.1_contig11.region002	4935	9386
GCA_014220005.1_contig11.region002	4935	9386
GCA_014220055.1_contig11.region003	4935	9386
GCA_014220065.1_contig11.region002	4935	9386
GCA_014220105.1_contig11.region002	4935	9386
GCA_014220115.1_contig11.region003	4935	9386
GCA_014220145.1_contig11.region002	4935	9386
GCA_014220155.1_contig11.region003	4935	9386
GCA_014220165.1_contig11.region003	4935	9386
GCA_014220185.1_contig11.region003	4935	9386
GCA_014220225.1_contig11.region003	4935	9386
GCA_014220245.1_contig11.region002	4935	9386
GCA_014220265.1_contig11.region002	4935	9386
GCA_014220275.1_contig11.region003	4935	9386
GCA_014220285.1_contig11.region003	4935	9386
GCA_014220295.1_contig11.region003	4935	9386
GCA_014220345.1_contig11.region003	4935	9386
GCA_014220365.1_contig11.region003	4935	9386
GCA_014220375.1_contig11.region003	4935	9386
GCA_014220395.1_contig11.region002	4935	9386
GCA_014220405.1_contig11.region003	4935	9386
GCA_014220445.1_contig11.region003	4935	9386
GCA_014220465.1_contig11.region001	4935	9386
GCA_014220475.1_contig046.region002	4935	9386
GCA_014220505.1_contig11.region003	4935	9386
GCA_014220515.1_contig11.region003	4935	9386
GCA_014220525.1_contig11.region002	4935	9386
GCA_014220565.1_contig11.region003	4935	9386
GCA_014220575.1_contig11.region003	4935	9386
GCA_014220605.1_contig11.region002	4935	9386
GCA_014220615.1_contig11.region003	4935	9386
GCA_014220655.1_contig111.region002	4935	9386
GCA_900113975.1_contig05.region002	4935	9386
GCA_900460995.1_contig1.region005	4935	9386
GCA_014270105.1_contig16.region001	4935	9540
GCA_014284085.1_contig07.region001	4935	9552
GCA_014297365.1_contig07.region001	4935	9552
GCA_014377455.1_contig137.region001	4935	9587
GCA_014397005.1_contig03.region001	4935	9595
GCA_014397005.1_contig04.region001	4935	9596
GCA_014397005.1_contig06.region001	4935	9597
GCA_014397005.1_contig08.region001	4935	9598
GCA_014397005.1_contig12.region001	4935	9600
GCA_014397005.1_contig17.region001	4935	9602
GCA_014397005.1_contig19.region001	4935	9603
GCA_014397005.1_contig22.region001	4935	9604
GCA_003426735.1_contig26.region001	4935	9608
GCA_014397245.1_contig17.region001	4935	9608
GCA_900099685.1_contig12.region001	4935	9655
GCA_900099685.1_contig19.region001	4935	9657
GCA_900099685.1_contig23.region001	4935	9658
GCA_900099685.1_contig25.region001	4935	9659
GCA_900099995.1_contig20.region001	4935	9669
GCA_900103215.1_contig36.region002	4935	9728
GCA_000427335.1_contig057.region001	4935	9755
GCA_003386275.1_contig02.region001	4935	9755
GCA_003387355.1_contig02.region001	4935	9755
GCA_013403915.1_contig94.region001	4935	9755
GCA_013403925.1_contig53.region001	4935	9755
GCA_900105425.1_contig1.region002	4935	9755
GCA_900105455.1_contig4.region001	4935	9756
GCA_900105455.1_contig4.region002	4935	9757
GCA_900105455.1_contig8.region001	4935	9758
GCA_900105985.1_contig1.region003	4935	9767
GCA_900109345.1_contig20.region001	4935	9831
GCA_900111025.1_contig03.region001	4935	9862
GCA_900111495.1_contig9.region002	4935	9872
GCA_900111495.1_contig9.region006	4935	9876
GCA_900114085.1_contig03.region001	4935	9920
GCA_900114085.1_contig19.region001	4935	9922
GCA_900114085.1_contig27.region001	4935	9924
GCA_900114085.1_contig28.region001	4935	9925
GCA_900115205.1_contig3.region001	4935	9957
GCA_900119185.1_contig10.region001	4935	9972
GCA_900119185.1_contig14.region002	4935	9974
GCA_900129575.1_contig13.region001	4935	10042
GCA_900129585.1_contig26.region001	4935	10048
GCA_002217195.1_contig22.region001	4935	10053
GCA_900129595.1_contig40.region001	4935	10053
GCA_003996965.1_contig066.region001	4935	10085
GCA_900110335.1_contig16.region001	4935	10085
GCA_900129795.1_contig17.region001	4935	10085
GCA_903819335.1_contig49.region001	4935	10085
GCA_900141785.1_contig08.region001	4935	10100
GCA_900141785.1_contig23.region001	4935	10106
GCA_900141785.1_contig27.region001	4935	10107
GCA_900141855.1_contig16.region001	4935	10108
GCA_000016645.1_contig1.region004	4935	10138
GCA_002221975.1_contig58.region001	4935	10138
GCA_003633855.1_contig1.region005	4935	10138
GCA_003688785.1_contig1.region004	4935	10138
GCA_008329825.1_contig1.region007	4935	10138
GCA_900142355.1_contig13.region001	4935	10138
GCA_001602525.1_contig18.region001	4935	10172
GCA_900142685.1_contig19.region001	4935	10172
GCA_002217365.1_contig28.region001	4935	10180
GCA_900142715.1_contig03.region001	4935	10180
GCA_900142785.1_contig43.region001	4935	10209
GCA_900142785.1_contig51.region001	4935	10211
GCA_003075045.1_contig05.region001	4935	10236
GCA_900155985.1_contig10.region001	4935	10236
GCA_900156575.1_contig11.region002	4935	10258
GCA_900156825.1_contig29.region001	4935	10290
GCA_000799645.1_contig51.region001	4935	10356
GCA_900176315.1_contig07.region001	4935	10356
GCA_000799645.1_contig01.region001	4935	10357
GCA_007991415.1_contig065.region001	4935	10357
GCA_900176315.1_contig08.region001	4935	10357
GCA_900176315.1_contig15.region001	4935	10364
GCA_000745775.1_contig10.region001	4935	10377
GCA_009674815.1_contig11.region001	4935	10377
GCA_900182645.1_contig07.region001	4935	10377
GCA_900182645.1_contig12.region001	4935	10379
GCA_900182645.1_contig13.region001	4935	10380
GCA_900182645.1_contig15.region001	4935	10381
GCA_900182645.1_contig16.region001	4935	10382
GCA_900182655.1_contig08.region001	4935	10392
GCA_003254565.1_contig117.region001	4935	10398
GCA_008369745.1_contig1.region001	4935	10398
GCA_900182675.1_contig08.region001	4935	10398
GCA_003254565.1_contig005.region001	4935	10399
GCA_004368785.1_contig04.region001	4935	10399
GCA_900182675.1_contig14.region001	4935	10399
GCA_900182645.1_contig09.region001	4935	10400
GCA_900182675.1_contig17.region001	4935	10400
GCA_003254565.1_contig100.region001	4935	10401
GCA_900182675.1_contig18.region001	4935	10401
GCA_900182675.1_contig22.region001	4935	10403
GCA_900182675.1_contig25.region001	4935	10404
GCA_900187965.1_contig04.region001	4935	10495
GCA_900187965.1_contig08.region001	4935	10496
GCA_900187965.1_contig28.region001	4935	10502
GCA_003385115.1_contig23.region001	4935	10506
GCA_900187965.1_contig47.region001	4935	10506
GCA_900188275.1_contig15.region001	4935	10511
GCA_900188275.1_contig19.region001	4935	10513
GCA_900188275.1_contig21.region001	4935	10514
GCA_900299475.1_contig104.region001	4935	10556
GCA_900299525.1_contig04.region001	4935	10556
GCA_900299475.1_contig143.region001	4935	10560
GCA_900299505.1_contig07.region001	4935	10575
GCA_900299535.1_contig23.region001	4935	10594
GCA_900299535.1_contig44.region001	4935	10596
GCA_900299535.1_contig58.region001	4935	10600
GCA_007489275.1_contig260.region001	4935	10602
GCA_900312735.1_contig02.region001	4935	10602
GCA_007489275.1_contig246.region001	4935	10603
GCA_900312735.1_contig03.region001	4935	10603
GCA_900312735.1_contig20.region001	4935	10608
GCA_900312735.1_contig21.region001	4935	10609
GCA_900312815.1_contig03.region001	4935	10621
GCA_900312815.1_contig05.region001	4935	10623
GCA_900312815.1_contig11.region001	4935	10628
GCA_000738495.1_contig07.region004	4935	10655
GCA_000799235.1_contig14.region001	4935	10655
GCA_000799335.1_contig06.region001	4935	10655
GCA_000829375.1_contig1.region003	4935	10655
GCA_001684955.1_contig345.region001	4935	10655
GCA_003755145.1_contig03.region001	4935	10655
GCA_003815755.1_contig1.region009	4935	10655
GCA_003815875.1_contig1.region003	4935	10655
GCA_009900745.1_contig54.region002	4935	10655
GCA_900078205.2_contig6.region001	4935	10655
GCA_900100075.1_contig09.region001	4935	10655
GCA_900142615.1_contig12.region001	4935	10655
GCA_900446855.1_contig01.region001	4935	10655
GCA_900453725.1_contig1.region002	4935	10687
GCA_902167265.1_contig1.region001	4935	10896
GCA_902167265.1_contig1.region008	4935	10903
GCA_902167265.1_contig2.region001	4935	10904
GCA_902167275.1_contig3.region001	4935	10906
GCA_902167275.1_contig4.region001	4935	10907
GCA_902167275.1_contig4.region008	4935	10914
GCA_902167285.2_contig1.region001	4935	10916
GCA_902167275.1_contig5.region001	4935	10923
GCA_902167285.2_contig3.region001	4935	10923
GCA_902167275.1_contig1.region001	4935	10928
GCA_902168145.1_contig07.region001	4935	10928
GCA_902168145.1_contig10.region001	4935	10930
GCA_902168145.1_contig14.region001	4935	10932
GCA_902728265.1_contig002.region001	4935	11013
GCA_003709475.1_contig05.region002	4935	11015
GCA_003710065.1_contig2.region001	4935	11015
GCA_902728265.1_contig008.region001	4935	11015
GCA_902729325.1_contig009.region001	4935	11015
GCA_902728265.1_contig022.region001	4935	11020
GCA_902728265.1_contig035.region001	4935	11022
GCA_902728265.1_contig045.region001	4935	11023
GCA_902728265.1_contig051.region001	4935	11024
GCA_902728265.1_contig052.region001	4935	11025
GCA_902728265.1_contig057.region001	4935	11026
GCA_902728265.1_contig059.region001	4935	11027
GCA_902728265.1_contig062.region001	4935	11028
GCA_902728265.1_contig063.region001	4935	11029
GCA_902728265.1_contig064.region001	4935	11030
GCA_902728265.1_contig073.region001	4935	11031
GCA_902728265.1_contig074.region001	4935	11032
GCA_902728265.1_contig082.region001	4935	11033
GCA_902728265.1_contig083.region001	4935	11034
GCA_902728265.1_contig084.region001	4935	11035
GCA_902728265.1_contig085.region001	4935	11036
GCA_902728265.1_contig086.region001	4935	11037
GCA_902728265.1_contig092.region001	4935	11038
GCA_902728265.1_contig093.region001	4935	11039
GCA_902728265.1_contig097.region001	4935	11040
GCA_902728265.1_contig099.region001	4935	11041
GCA_902729325.1_contig040.region001	4935	11048
GCA_902729325.1_contig098.region001	4935	11052
GCA_902729325.1_contig104.region001	4935	11054
GCA_902729325.1_contig108.region001	4935	11055
GCA_902729325.1_contig126.region001	4935	11056
GCA_902729325.1_contig138.region001	4935	11057
GCA_902729325.1_contig152.region001	4935	11059
GCA_902729325.1_contig164.region001	4935	11060
GCA_902729325.1_contig171.region001	4935	11061
GCA_902804485.1_contig012.region001	4935	11067
GCA_902804485.1_contig015.region001	4935	11068
GCA_902804485.1_contig021.region001	4935	11069
GCA_902804485.1_contig024.region001	4935	11070
GCA_000737765.1_contig03.region001	4935	11071
GCA_003020585.1_contig07.region003	4935	11071
GCA_003384725.1_contig12.region001	4935	11071
GCA_003729935.1_contig23.region004	4935	11071
GCA_003755145.1_contig01.region005	4935	11071
GCA_011751075.1_contig046.region001	4935	11071
GCA_900129105.1_contig10.region002	4935	11071
GCA_900156735.1_contig08.region003	4935	11071
GCA_902804485.1_contig036.region001	4935	11071
GCA_902804485.1_contig038.region001	4935	11072
GCA_902804485.1_contig047.region001	4935	11074
GCA_902804485.1_contig051.region001	4935	11075
GCA_902804485.1_contig055.region001	4935	11077
GCA_902804485.1_contig066.region001	4935	11080
GCA_902804485.1_contig132.region001	4935	11085
GCA_902804485.1_contig159.region001	4935	11087
GCA_902804485.1_contig161.region001	4935	11088
GCA_903819435.1_contig082.region002	4935	11107
GCA_000689455.1_contig145.region001	3528	3528
GCA_000689515.1_contig15.region001	3528	3528
GCA_000769445.1_contig06.region001	3528	3528
GCA_000955665.1_contig1.region002	3528	3528
GCA_001483145.1_contig24.region001	3528	3528
GCA_001521735.1_contig05.region001	3528	3528
GCA_001521765.1_contig13.region001	3528	3528
GCA_001675285.1_contig03.region001	3528	3528
GCA_001867305.1_contig11.region001	3528	3528
GCA_002022125.1_contig1.region004	3528	3528
GCA_002023065.1_contig14.region001	3528	3528
GCA_002023205.1_contig20.region001	3528	3528
GCA_002023365.1_contig02.region001	3528	3528
GCA_002023405.1_contig09.region001	3528	3528
GCA_002023515.1_contig06.region001	3528	3528
GCA_002023545.1_contig26.region001	3528	3528
GCA_002023575.1_contig16.region001	3528	3528
GCA_002023765.1_contig07.region001	3528	3528
GCA_002023775.1_contig15.region001	3528	3528
GCA_002557775.1_contig1.region004	3528	3528
GCA_002738605.1_contig09.region001	3528	3528
GCA_003014895.1_contig23.region001	3528	3528
GCA_003298875.1_contig04.region001	3528	3528
GCA_005844065.1_contig1.region003	3528	3528
GCA_008124555.1_contig03.region001	3528	3528
GCA_009938095.1_contig1.region003	3528	3528
GCA_011601205.1_contig332.region001	3528	3528
GCA_011601245.1_contig302.region001	3528	3528
GCA_014219685.1_contig22.region002	3528	3528
GCA_014219745.1_contig22.region001	3528	3528
GCA_014219775.1_contig22.region002	3528	3528
GCA_014220735.1_contig22.region002	3528	3528
GCA_900092045.1_contig41.region001	3528	3528
GCA_900157035.1_contig048.region001	3528	3528
GCA_001521745.1_contig01.region001	10668	10668
GCA_002023335.1_contig6.region001	10668	10668
GCA_002023385.1_contig04.region001	10668	10668
GCA_002023475.1_contig10.region001	10668	10668
GCA_002023685.1_contig03.region001	10668	10668
GCA_002023715.1_contig13.region002	10668	10668
GCA_002024805.1_contig1.region003	10668	10668
GCA_005234115.1_contig1.region001	10668	10668
GCA_011601185.1_contig276.region001	10668	10668
GCA_900156945.1_contig022.region001	10668	10668
GCA_900157015.1_contig10.region001	10668	10668
GCA_900447195.1_contig14.region001	10668	10668
GCA_000832125.1_contig16.region001	10927	4196
GCA_002217285.1_contig024.region002	10927	4196
GCA_002217315.1_contig06.region001	10927	4196
GCA_002304005.1_contig12.region001	10927	4196
GCA_002482975.1_contig14.region001	10927	4196
GCA_003254625.1_contig41.region001	10927	4196
GCA_003312915.1_contig1.region005	10927	4196
GCA_004366435.1_contig02.region001	10927	4196
GCA_014207905.1_contig03.region001	10927	4196
GCA_900129555.1_contig08.region001	10927	4196
GCA_900142735.1_contig09.region002	10927	4196
GCA_900450525.1_contig4.region001	10927	4196
GCA_001275605.1_contig02.region001	10927	9847
GCA_001428525.1_contig10.region002	10927	9847
GCA_001429295.1_contig08.region002	10927	9847
GCA_002210235.1_contig24.region001	10927	9847
GCA_003070725.1_contig189.region001	10927	9847
GCA_900110335.1_contig07.region001	10927	9847
GCA_900129795.1_contig15.region001	10927	9847
GCA_903819335.1_contig47.region001	10927	9847
GCA_003122385.1_contig1.region007	10927	10927
GCA_013393195.1_contig23.region001	10927	10927
GCA_014204385.1_contig03.region001	10927	10927
GCA_900112575.1_contig09.region001	10927	10927
GCA_902167265.1_contig1.region007	10927	10927
GCA_902167275.1_contig4.region007	10927	10927
GCA_902167285.2_contig2.region006	10927	10927
GCA_902168145.1_contig06.region001	10927	10927
GCA_001865655.1_contig1.region002	4148	4148
GCA_002295505.1_contig078.region001	4148	4148
GCA_002325035.1_contig16.region001	4148	4148
GCA_002362375.1_contig18.region001	4148	4148
GCA_002388445.1_contig27.region001	4148	4148
GCA_002435115.1_contig02.region001	4148	4148
GCA_002700155.1_contig1.region002	4148	4148
GCA_900105545.1_contig2.region002	4148	4148
GCA_900142175.1_contig02.region002	4148	4148
GCA_902506355.1_contig1.region002	4148	4148
GCA_000482305.1_contig07.region001	9237	2284
GCA_000520835.1_contig31.region001	9237	2284
GCA_001544435.1_contig199.region001	9237	2284
GCA_002314375.1_contig18.region001	9237	2284
GCA_002340165.1_contig06.region001	9237	2284
GCA_002429685.1_contig031.region001	9237	2284
GCA_002591275.1_contig1.region001	9237	2284
GCA_002899825.2_contig055.region002	9237	2284
GCA_003812605.1_contig1.region007	9237	2284
GCA_005862425.1_contig22.region001	9237	2284
GCA_014220695.1_contig01.region001	9237	2284
GCA_900113975.1_contig11.region001	9237	2284
GCA_900460995.1_contig1.region001	9237	2284
GCA_900683405.1_contig1.region001	9237	2284
GCA_002208925.2_contig1.region001	9237	9237
GCA_002421065.1_contig02.region001	9237	9237
GCA_002472905.1_contig34.region001	9237	9237
GCA_003812865.1_contig1.region007	9237	9237
GCA_003815935.1_contig1.region001	9237	9237
GCA_012273135.1_contig1.region007	9237	9237
GCA_014218815.1_contig22.region001	9237	9237
GCA_014219895.1_contig22.region001	9237	9237
GCA_014219965.1_contig22.region001	9237	9237
GCA_014219975.1_contig22.region001	9237	9237
GCA_014219985.1_contig22.region001	9237	9237
GCA_014220005.1_contig22.region001	9237	9237
GCA_014220055.1_contig26.region001	9237	9237
GCA_014220065.1_contig22.region001	9237	9237
GCA_014220105.1_contig22.region001	9237	9237
GCA_014220115.1_contig22.region001	9237	9237
GCA_014220145.1_contig34.region001	9237	9237
GCA_014220155.1_contig33.region001	9237	9237
GCA_014220165.1_contig32.region001	9237	9237
GCA_014220185.1_contig22.region001	9237	9237
GCA_014220225.1_contig25.region001	9237	9237
GCA_014220245.1_contig34.region001	9237	9237
GCA_014220265.1_contig25.region001	9237	9237
GCA_014220275.1_contig22.region001	9237	9237
GCA_014220285.1_contig22.region001	9237	9237
GCA_014220295.1_contig22.region001	9237	9237
GCA_014220345.1_contig22.region001	9237	9237
GCA_014220365.1_contig22.region001	9237	9237
GCA_014220375.1_contig22.region001	9237	9237
GCA_014220395.1_contig22.region001	9237	9237
GCA_014220405.1_contig22.region001	9237	9237
GCA_014220445.1_contig22.region001	9237	9237
GCA_014220465.1_contig37.region001	9237	9237
GCA_014220475.1_contig068.region001	9237	9237
GCA_014220505.1_contig22.region001	9237	9237
GCA_014220515.1_contig22.region001	9237	9237
GCA_014220525.1_contig22.region001	9237	9237
GCA_014220565.1_contig22.region001	9237	9237
GCA_014220575.1_contig22.region001	9237	9237
GCA_014220605.1_contig22.region001	9237	9237
GCA_014220615.1_contig22.region001	9237	9237
GCA_014220655.1_contig137.region001	9237	9237
GCA_003061395.1_contig0580.region001	7071	5598
GCA_003523505.1_contig028.region001	7071	5598
GCA_003663845.1_contig1.region009	7071	5598
GCA_003729935.1_contig26.region001	7071	5598
GCA_003755145.1_contig01.region001	7071	5598
GCA_013410675.1_contig1.region005	7071	5598
GCA_014219815.1_contig22.region002	7071	5598
GCA_900142445.1_contig32.region001	7071	5598
GCA_900156075.1_contig14.region001	7071	5598
GCA_000737775.1_contig12.region001	7071	6651
GCA_001297705.1_contig06.region001	7071	6651
GCA_003815715.1_contig1.region004	7071	6651
GCA_003815735.1_contig1.region003	7071	6651
GCA_007991455.1_contig018.region001	7071	6651
GCA_009900745.1_contig01.region001	7071	6651
GCA_013184525.1_contig03.region001	7071	6651
GCA_014218785.1_contig08.region001	7071	6651
GCA_014218825.1_contig45.region001	7071	6651
GCA_014218885.1_contig08.region001	7071	6651
GCA_900100075.1_contig11.region001	7071	6651
GCA_900446855.1_contig10.region001	7071	6651
GCA_900637665.1_contig1.region005	7071	6651
GCA_000143785.1_contig1.region001	7071	7071
GCA_001013295.1_contig098.region001	7071	7071
GCA_001045455.1_contig06.region001	7071	7071
GCA_002216065.1_contig1.region007	7071	7071
GCA_002285635.2_contig1.region007	7071	7071
GCA_002294525.1_contig08.region001	7071	7071
GCA_002390905.1_contig034.region001	7071	7071
GCA_002835665.1_contig47.region001	7071	7071
GCA_002899875.1_contig05.region001	7071	7071
GCA_002899945.2_contig34.region001	7071	7071
GCA_002979455.1_contig67.region001	7071	7071
GCA_003815755.1_contig1.region007	7071	7071
GCA_003815875.1_contig1.region001	7071	7071
GCA_003852415.1_contig16.region005	7071	7071
GCA_004328965.1_contig1.region008	7071	7071
GCA_006829085.1_contig09.region001	7071	7071
GCA_008386485.1_contig32.region001	7071	7071
GCA_011752975.1_contig11.region001	7071	7071
GCA_014220045.1_contig55.region001	7071	7071
GCA_014220635.1_contig55.region001	7071	7071
GCA_014220755.1_contig22.region001	7071	7071
GCA_014220895.1_contig44.region001	7071	7071
GCA_900176315.1_contig06.region004	7071	7071
GCA_900636535.1_contig1.region007	7071	7071
GCA_000282115.1_contig050.region001	4573	2557
GCA_000744495.1_contig07.region001	4573	2557
GCA_000745535.1_contig01.region001	4573	2557
GCA_000746315.1_contig08.region001	4573	2557
GCA_002392055.1_contig05.region002	4573	2557
GCA_003385515.1_contig01.region001	4573	2557
GCA_003634775.1_contig3.region001	4573	2557
GCA_003729955.1_contig3.region001	4573	2557
GCA_004365465.1_contig3.region001	4573	2557
GCA_012927325.1_contig73.region001	4573	2557
GCA_900129245.1_contig31.region001	4573	2557
GCA_900142615.1_contig12.region003	4573	2557
GCA_900460995.1_contig1.region009	4573	2557
GCA_000612925.1_contig01.region001	4573	2961
GCA_000800075.1_contig03.region002	4573	2961
GCA_000820645.1_contig01.region001	4573	2961
GCA_001045445.1_contig1.region002	4573	2961
GCA_001563495.1_contig11.region002	4573	2961
GCA_003290185.1_contig02.region001	4573	2961
GCA_003385495.1_contig01.region001	4573	2961
GCA_007991435.1_contig06.region001	4573	2961
GCA_900115055.1_contig12.region001	4573	2961
GCA_900128945.1_contig04.region001	4573	2961
GCA_900129755.1_contig08.region001	4573	2961
GCA_000143785.1_contig3.region001	4573	4510
GCA_000520835.1_contig30.region001	4573	4510
GCA_000737765.1_contig01.region001	4573	4510
GCA_000799235.1_contig14.region002	4573	4510
GCA_000799375.1_contig3.region002	4573	4510
GCA_000829375.1_contig1.region002	4573	4510
GCA_001593385.1_contig12.region002	4573	4510
GCA_001684955.1_contig001.region002	4573	4510
GCA_002025665.1_contig1.region008	4573	4510
GCA_002294525.1_contig05.region002	4573	4510
GCA_002338325.1_contig02.region001	4573	4510
GCA_002390905.1_contig115.region001	4573	4510
GCA_002899945.2_contig01.region001	4573	4510
GCA_002979455.1_contig01.region001	4573	4510
GCA_002979665.1_contig08.region001	4573	4510
GCA_002979755.1_contig04.region001	4573	4510
GCA_003248465.1_contig0355.region001	4573	4510
GCA_003610675.1_contig02.region001	4573	4510
GCA_003663845.1_contig1.region001	4573	4510
GCA_003729935.1_contig28.region001	4573	4510
GCA_003815955.1_contig1.region007	4573	4510
GCA_003852415.1_contig15.region001	4573	4510
GCA_004137745.1_contig1.region008	4573	4510
GCA_008386505.1_contig05.region001	4573	4510
GCA_009360585.1_contig04.region002	4573	4510
GCA_009648515.1_contig1.region004	4573	4510
GCA_009648535.1_contig1.region009	4573	4510
GCA_009900745.1_contig54.region001	4573	4510
GCA_012273615.1_contig1.region009	4573	4510
GCA_013410675.1_contig1.region003	4573	4510
GCA_900111495.1_contig5.region002	4573	4510
GCA_900182655.1_contig02.region001	4573	4510
GCA_900636535.1_contig1.region009	4573	4510
GCA_000738495.1_contig10.region001	4573	4573
GCA_000799335.1_contig06.region002	4573	4573
GCA_001021975.1_contig1.region005	4573	4573
GCA_002420545.1_contig07.region002	4573	4573
GCA_002835665.1_contig17.region001	4573	4573
GCA_003182335.1_contig04.region001	4573	4573
GCA_003347605.1_contig23.region001	4573	4573
GCA_003385595.1_contig12.region001	4573	4573
GCA_003520985.1_contig21.region002	4573	4573
GCA_003729985.1_contig20.region001	4573	4573
GCA_003815975.1_contig1.region003	4573	4573
GCA_003971235.1_contig1.region010	4573	4573
GCA_004119445.1_contig084.region001	4573	4573
GCA_004328965.1_contig1.region010	4573	4573
GCA_005503635.1_contig50.region001	4573	4573
GCA_006716485.1_contig2.region002	4573	4573
GCA_006829085.1_contig04.region001	4573	4573
GCA_008274625.1_contig10.region002	4573	4573
GCA_008386485.1_contig22.region001	4573	4573
GCA_014207835.1_contig2.region001	4573	4573
GCA_900108365.1_contig09.region001	4573	4573
GCA_900129105.1_contig05.region002	4573	4573
GCA_900156935.1_contig08.region001	4573	4573
GCA_900176315.1_contig08.region002	4573	4573
GCA_903969135.1_contig1.region006	4573	4573
GCA_001544435.1_contig275.region001	4573	6608
GCA_002340165.1_contig09.region001	4573	6608
GCA_002421065.1_contig12.region002	4573	6608
GCA_002429685.1_contig222.region001	4573	6608
GCA_002899825.2_contig066.region001	4573	6608
GCA_002899875.1_contig01.region003	4573	6608
GCA_003812865.1_contig1.region008	4573	6608
GCA_003815935.1_contig1.region008	4573	6608
GCA_014220055.1_contig22.region001	4573	6608
GCA_014220145.1_contig28.region001	4573	6608
GCA_014220155.1_contig22.region001	4573	6608
GCA_014220165.1_contig22.region001	4573	6608
GCA_014220225.1_contig22.region001	4573	6608
GCA_014220245.1_contig28.region001	4573	6608
GCA_014220265.1_contig22.region001	4573	6608
GCA_014220395.1_contig49.region001	4573	6608
GCA_014220465.1_contig31.region001	4573	6608
GCA_014220475.1_contig057.region001	4573	6608
GCA_900113975.1_contig06.region002	4573	6608
GCA_001684965.1_contig12.region002	4573	9214
GCA_002472905.1_contig36.region001	4573	9214
GCA_002797535.1_contig2.region002	4573	9214
GCA_003061395.1_contig0631.region001	4573	9214
GCA_003755145.1_contig03.region002	4573	9214
GCA_003812705.1_contig1.region008	4573	9214
GCA_003815755.1_contig1.region010	4573	9214
GCA_003815875.1_contig1.region004	4573	9214
GCA_014218815.1_contig33.region002	4573	9214
GCA_014219895.1_contig33.region002	4573	9214
GCA_014219965.1_contig33.region001	4573	9214
GCA_014219975.1_contig33.region001	4573	9214
GCA_014219985.1_contig33.region002	4573	9214
GCA_014220005.1_contig33.region001	4573	9214
GCA_014220065.1_contig47.region001	4573	9214
GCA_014220105.1_contig37.region001	4573	9214
GCA_014220115.1_contig33.region001	4573	9214
GCA_014220185.1_contig33.region001	4573	9214
GCA_014220275.1_contig33.region001	4573	9214
GCA_014220285.1_contig33.region001	4573	9214
GCA_014220295.1_contig33.region001	4573	9214
GCA_014220345.1_contig33.region001	4573	9214
GCA_014220365.1_contig33.region001	4573	9214
GCA_014220375.1_contig33.region001	4573	9214
GCA_014220405.1_contig45.region001	4573	9214
GCA_014220445.1_contig33.region002	4573	9214
GCA_014220505.1_contig33.region001	4573	9214
GCA_014220515.1_contig33.region001	4573	9214
GCA_014220525.1_contig33.region001	4573	9214
GCA_014220565.1_contig49.region001	4573	9214
GCA_014220575.1_contig33.region002	4573	9214
GCA_014220605.1_contig33.region001	4573	9214
GCA_014220615.1_contig33.region001	4573	9214
GCA_014220655.1_contig148.region002	4573	9214
GCA_000688315.1_contig2.region001	3167	3167
GCA_000744105.1_contig1.region002	3167	3167
GCA_001447995.1_contig01.region003	3167	3167
GCA_004364165.1_contig01.region002	3167	3167
GCA_900105105.1_contig1.region003	3167	3167
GCA_900112245.1_contig9.region002	3167	3167
