BGC	Accesion ID	Description	Product Prediction	BiG-SCAPE class	Organism	Taxonomy
BGC0000062.1	BGC0000062.1	Fumonisin biosynthetic gene cluster	t1pks.nrps	PKS-NRP_Hybrids	Fusarium verticillioides	Eukaryota,Fungi,Dikarya,Ascomycota,Pezizomycotina,Sordariomycetes,Hypocreomycetidae,Hypocreales,Nectriaceae,Fusarium,Fusarium fujikuroi species complex
BGC0000063.1	BGC0000063.1	Fumonisin biosynthetic gene cluster	t1pks.nrps	PKS-NRP_Hybrids	Fusarium oxysporum	Eukaryota,Fungi,Dikarya,Ascomycota,Pezizomycotina,Sordariomycetes,Hypocreomycetidae,Hypocreales,Nectriaceae,Fusarium,Fusarium oxysporum species complex
BGC0000064.1	BGC0000064.1	Fusarin biosynthetic gene cluster	t1pks.nrps	PKS-NRP_Hybrids	Fusarium verticillioides	Eukaryota,Fungi,Dikarya,Ascomycota,Pezizomycotina,Sordariomycetes,Hypocreomycetidae,Hypocreales,Nectriaceae,Fusarium,Fusarium fujikuroi species complex
BGC0000081.1	BGC0000081.1	Kedarcidin biosynthetic gene cluster	t1pks.nrps	PKS-NRP_Hybrids	Streptoalloteichus sp. ATCC 53650	Bacteria,Actinobacteria,Actinobacteridae,Actinomycetales,Pseudonocardineae,Pseudonocardiaceae,Streptoalloteichus
BGC0000145.1	BGC0000145.1	Salinosporamide A biosynthetic gene cluster	transatpks.t1pks.nrps	PKS-NRP_Hybrids	Salinispora tropica	Bacteria,Actinobacteria,Actinobacteridae,Actinomycetales,Micromonosporineae,Micromonosporaceae,Salinispora
BGC0000150.1	BGC0000150.1	Sporolide biosynthetic gene cluster	t1pks.nrps	PKS-NRP_Hybrids	Salinispora tropica CNB-440	Bacteria,Actinobacteria,Actinobacteridae,Actinomycetales,Micromonosporineae,Micromonosporaceae,Salinispora
BGC0000186.1	BGC0000186.1	Thailandamide biosynthetic gene cluster	t2pks.transatpks.nrps	PKS-NRP_Hybrids	Burkholderia thailandensis E264	Bacteria,Proteobacteria,Betaproteobacteria,Burkholderiales,Burkholderiaceae,Burkholderia,pseudomallei group
BGC0000289.1	BGC0000289.1	A40926 biosynthetic gene cluster	t3pks.nrps	PKS-NRP_Hybrids	Nonomuraea sp. ATCC 39727	Bacteria,Actinobacteria,Actinobacteridae,Actinomycetales,Streptosporangineae,Streptosporangiaceae,Nonomuraea
BGC0000290.1	BGC0000290.1	A47934 biosynthetic gene cluster	t3pks.nrps	PKS-NRP_Hybrids	Streptomyces toyocaensis	Bacteria,Actinobacteria,Actinobacteridae,Actinomycetales,Streptomycineae,Streptomycetaceae,Streptomyces
BGC0000311.1	BGC0000311.1	Balhimycin biosynthetic gene cluster	t3pks.nrps	PKS-NRP_Hybrids	Amycolatopsis balhimycina DSM 5908	Bacteria,Actinobacteria,Actinobacteridae,Actinomycetales,Pseudonocardineae,Pseudonocardiaceae,Amycolatopsis
BGC0000322.1	BGC0000322.1	Chloroeremomycin biosynthetic gene cluster	t3pks.nrps	PKS-NRP_Hybrids	Amycolatopsis orientalis	Bacteria,Actinobacteria,Actinobacteridae,Actinomycetales,Pseudonocardineae,Pseudonocardiaceae,Amycolatopsis
BGC0000335.1	BGC0000335.1	Cystomanamides biosynthetic gene cluster	t1pks.nrps	PKS-NRP_Hybrids	Cystobacter fuscus	Bacteria,Proteobacteria,Deltaproteobacteria,Myxococcales,Cystobacterineae,Cystobacteraceae,Cystobacter
BGC0000345.1	BGC0000345.1	Eponemycin biosynthetic gene cluster	t1pks.nrps	PKS-NRP_Hybrids	Streptomyces hygroscopicus	Bacteria,Actinobacteria,Actinobacteridae,Actinomycetales,Streptomycineae,Streptomycetaceae,Streptomyces
BGC0000346.1	BGC0000346.1	Epoxomicin biosynthetic gene cluster	t1pks.nrps	PKS-NRP_Hybrids	Goodfellowiella coeruleoviolacea	Bacteria,Actinobacteria,Actinobacteridae,Actinomycetales,Pseudonocardineae,Pseudonocardiaceae,Goodfellowiella
BGC0000353.1	BGC0000353.1	FK506 biosynthetic gene cluster	t1pks.nrps	PKS-NRP_Hybrids	Streptomyces sp. MA6548	Bacteria,Actinobacteria,Actinobacteridae,Actinomycetales,Streptomycineae,Streptomycetaceae,Streptomyces
BGC0000365.1	BGC0000365.1	Glycopeptidolipid biosynthetic gene cluster	t1pks.nrps	PKS-NRP_Hybrids	Mycobacterium smegmatis str. MC2 155	Bacteria,Actinobacteria,Actinobacteridae,Actinomycetales,Corynebacterineae,Mycobacteriaceae,Mycobacterium
BGC0000380.1	BGC0000380.1	Leupyrrin biosynthetic gene cluster	t1pks.nrps	PKS-NRP_Hybrids	Sorangium cellulosum	Bacteria,Proteobacteria,Deltaproteobacteria,Myxococcales,Sorangiineae,Polyangiaceae,Sorangium
BGC0000383.1	BGC0000383.1	Luminmycin biosynthetic gene cluster	t1pks.nrps	PKS-NRP_Hybrids	Photorhabdus luminescens subsp. laumondii TTO1	Bacteria,Proteobacteria,Gammaproteobacteria,Enterobacteriales,Enterobacteriaceae,Photorhabdus
BGC0000393.1	BGC0000393.1	Myxoprincomide biosynthetic gene cluster	t1pks.nrps	PKS-NRP_Hybrids	Myxococcus xanthus DK 1622	Bacteria,Proteobacteria,Deltaproteobacteria,Myxococcales,Cystobacterineae,Myxococcaceae,Myxococcus
BGC0000402.1	BGC0000402.1	Paenilarvins biosynthetic gene cluster	transatpks.nrps	PKS-NRP_Hybrids	Paenibacillus larvae subsp. larvae DSM 25430	Bacteria,Firmicutes,Bacilli,Bacillales,Paenibacillaceae,Paenibacillus
BGC0000418.1	BGC0000418.1	Ristocetin biosynthetic gene cluster	t3pks.nrps	PKS-NRP_Hybrids	Amycolatopsis lurida	Bacteria,Actinobacteria,Actinobacteridae,Actinomycetales,Pseudonocardineae,Pseudonocardiaceae,Amycolatopsis
BGC0000419.1	BGC0000419.1	Ristomycin A biosynthetic gene cluster	t3pks.nrps	PKS-NRP_Hybrids	Amycolatopsis japonica	Bacteria,Actinobacteria,Actinobacteridae,Actinomycetales,Pseudonocardineae,Pseudonocardiaceae,Amycolatopsis
BGC0000436.1	BGC0000436.1	Syringolin A biosynthetic gene cluster	t1pks.nrps	PKS-NRP_Hybrids	Rhizobium sp. AP16	Bacteria,Proteobacteria,Alphaproteobacteria,Rhizobiales,Rhizobiaceae,Rhizobium/Agrobacterium group,Rhizobium
BGC0000440.1	BGC0000440.1	Teicoplanin biosynthetic gene cluster	t3pks.nrps	PKS-NRP_Hybrids	Actinoplanes teichomyceticus	Bacteria,Actinobacteria,Actinobacteridae,Actinomycetales,Micromonosporineae,Micromonosporaceae,Actinoplanes
BGC0000441.1	BGC0000441.1	Teicoplanin biosynthetic gene cluster	t3pks.nrps	PKS-NRP_Hybrids	Actinoplanes teichomyceticus	Bacteria,Actinobacteria,Actinobacteridae,Actinomycetales,Micromonosporineae,Micromonosporaceae,Actinoplanes
BGC0000455.1	BGC0000455.1	Vancomycin biosynthetic gene cluster	t3pks.nrps	PKS-NRP_Hybrids	Amycolatopsis orientalis HCCB10007	Bacteria,Actinobacteria,Actinobacteridae,Actinomycetales,Pseudonocardineae,Pseudonocardiaceae,Amycolatopsis
BGC0000467.1	BGC0000467.1	Yersiniabactin biosynthetic gene cluster	t1pks.nrps	PKS-NRP_Hybrids	Yersinia enterocolitica	Bacteria,Proteobacteria,Gammaproteobacteria,Enterobacteriales,Enterobacteriaceae,Yersinia
BGC0000954.1	BGC0000954.1	Ajudazol biosynthetic gene cluster	t1pks.nrps	PKS-NRP_Hybrids	Chondromyces crocatus	Bacteria,Proteobacteria,Deltaproteobacteria,Myxococcales,Sorangiineae,Polyangiaceae,Chondromyces
BGC0000955.1	BGC0000955.1	Althiomycin biosynthetic gene cluster	t1pks.nrps	PKS-NRP_Hybrids	Myxococcus xanthus	Bacteria,Proteobacteria,Deltaproteobacteria,Myxococcales,Cystobacterineae,Myxococcaceae,Myxococcus
BGC0000958.1	BGC0000958.1	Antimycin biosynthetic gene cluster	t1pks.nrps	PKS-NRP_Hybrids	Streptomyces sp. S4	Bacteria,Actinobacteria,Actinobacteridae,Actinomycetales,Streptomycineae,Streptomycetaceae,Streptomyces
BGC0000959.1	BGC0000959.1	Aspyridone biosynthetic gene cluster	t1pks.nrps	PKS-NRP_Hybrids	Aspergillus nidulans FGSC A4	Eukaryota,Fungi,Dikarya,Ascomycota,Pezizomycotina,Eurotiomycetes,Eurotiomycetidae,Eurotiales,Aspergillaceae,Aspergillus
BGC0000960.1	BGC0000960.1	Azinomycin B biosynthetic gene cluster	t1pks.nrps	PKS-NRP_Hybrids	Streptomyces sahachiroi	Bacteria,Actinobacteria,Actinobacteridae,Actinomycetales,Streptomycineae,Streptomycetaceae,Streptomyces
BGC0000962.1	BGC0000962.1	Barbamide biosynthetic gene cluster	t1pks.nrps	PKS-NRP_Hybrids	Lyngbya majuscula	Bacteria,Cyanobacteria,Oscillatoriophycideae,Oscillatoriales,Lyngbya
BGC0000963.1	BGC0000963.1	Bleomycin biosynthetic gene cluster	t1pks.nrps	PKS-NRP_Hybrids	Streptomyces verticillus	Bacteria,Actinobacteria,Actinobacteridae,Actinomycetales,Streptomycineae,Streptomycetaceae,Streptomyces
BGC0000965.1	BGC0000965.1	C-1027 biosynthetic gene cluster	t1pks.nrps	PKS-NRP_Hybrids	Streptomyces globisporus	Bacteria,Actinobacteria,Actinobacteridae,Actinomycetales,Streptomycineae,Streptomycetaceae,Streptomyces
BGC0000966.1	BGC0000966.1	Caerulomycin A biosynthetic gene cluster	t1pks.nrps	PKS-NRP_Hybrids	Actinoalloteichus sp. WH1-2216-6	Bacteria,Actinobacteria,Actinobacteridae,Actinomycetales,Pseudonocardineae,Pseudonocardiaceae,Actinoalloteichus
BGC0000967.1	BGC0000967.1	Calyculin biosynthetic gene cluster	t2pks.transatpks.nrps	PKS-NRP_Hybrids	uncultured Candidatus Entotheonella sp.	Bacteria,Proteobacteria,Deltaproteobacteria,Candidatus Entotheonella,environmental samples
BGC0000968.1	BGC0000968.1	Chaetoglobosin biosynthetic gene cluster	t1pks.nrps	PKS-NRP_Hybrids	Penicillium expansum	Eukaryota,Fungi,Dikarya,Ascomycota,Pezizomycotina,Eurotiomycetes,Eurotiomycetidae,Eurotiales,Aspergillaceae,Penicillium
BGC0000969.1	BGC0000969.1	Chondramide biosynthetic gene cluster	t1pks.nrps	PKS-NRP_Hybrids	Chondromyces crocatus	Bacteria,Proteobacteria,Deltaproteobacteria,Myxococcales,Sorangiineae,Polyangiaceae,Chondromyces
BGC0000970.1	BGC0000970.1	Chondrochloren biosynthetic gene cluster	t1pks.nrps	PKS-NRP_Hybrids	Chondromyces crocatus	Bacteria,Proteobacteria,Deltaproteobacteria,Myxococcales,Sorangiineae,Polyangiaceae,Chondromyces
BGC0000971.1	BGC0000971.1	Cinnabaramide biosynthetic gene cluster	transatpks.t1pks.nrps	PKS-NRP_Hybrids	Streptomyces sp. JS360	Bacteria,Actinobacteria,Actinobacteridae,Actinomycetales,Streptomycineae,Streptomycetaceae,Streptomyces
BGC0000972.1	BGC0000972.1	Colibactin biosynthetic gene cluster	t1pks.nrps	PKS-NRP_Hybrids	Escherichia coli	Bacteria,Proteobacteria,Gammaproteobacteria,Enterobacteriales,Enterobacteriaceae,Escherichia
BGC0000973.1	BGC0000973.1	Collismycin A biosynthetic gene cluster	t1pks.nrps	PKS-NRP_Hybrids	Streptomyces sp. CS40	Bacteria,Actinobacteria,Actinobacteridae,Actinomycetales,Streptomycineae,Streptomycetaceae,Streptomyces
BGC0000974.1	BGC0000974.1	Crocacin biosynthetic gene cluster	t1pks.nrps	PKS-NRP_Hybrids	Chondromyces crocatus	Bacteria,Proteobacteria,Deltaproteobacteria,Myxococcales,Sorangiineae,Polyangiaceae,Chondromyces
BGC0000975.1	BGC0000975.1	Cryptophycin biosynthetic gene cluster	t1pks.nrps	PKS-NRP_Hybrids	Nostoc sp. ATCC 53789	Bacteria,Cyanobacteria,Nostocales,Nostocaceae,Nostoc
BGC0000976.1	BGC0000976.1	Curacin biosynthetic gene cluster	t2pks.t1pks.nrps	PKS-NRP_Hybrids	Moorea producens 3L	Bacteria,Cyanobacteria,Oscillatoriophycideae,Oscillatoriales,Moorea
BGC0000982.1	BGC0000982.1	Cystothiazole A biosynthetic gene cluster	t1pks.nrps	PKS-NRP_Hybrids	Cystobacter fuscus	Bacteria,Proteobacteria,Deltaproteobacteria,Myxococcales,Cystobacterineae,Cystobacteraceae,Cystobacter
BGC0000983.1	BGC0000983.1	Cytochalasin biosynthetic gene cluster	t1pks.nrps	PKS-NRP_Hybrids	Aspergillus clavatus NRRL 1	Eukaryota,Fungi,Dikarya,Ascomycota,Pezizomycotina,Eurotiomycetes,Eurotiomycetidae,Eurotiales,Aspergillaceae,Aspergillus
BGC0000984.1	BGC0000984.1	Delftibactin biosynthetic gene cluster	t1pks.nrps	PKS-NRP_Hybrids	Delftia acidovorans SPH-1	Bacteria,Proteobacteria,Betaproteobacteria,Burkholderiales,Comamonadaceae,Delftia
BGC0000988.1	BGC0000988.1	Epothilone biosynthetic gene cluster	t1pks.nrps	PKS-NRP_Hybrids	Sorangium cellulosum	Bacteria,Proteobacteria,Deltaproteobacteria,Myxococcales,Sorangiineae,Polyangiaceae,Sorangium
BGC0000989.1	BGC0000989.1	Epothilone biosynthetic gene cluster	t1pks.nrps	PKS-NRP_Hybrids	Sorangium cellulosum So0157-2	Bacteria,Proteobacteria,Deltaproteobacteria,Myxococcales,Sorangiineae,Polyangiaceae,Sorangium
BGC0000990.1	BGC0000990.1	Epothilone biosynthetic gene cluster	t1pks.nrps	PKS-NRP_Hybrids	Sorangium cellulosum	Bacteria,Proteobacteria,Deltaproteobacteria,Myxococcales,Sorangiineae,Polyangiaceae,Sorangium
BGC0000991.1	BGC0000991.1	Epothilone biosynthetic gene cluster	t1pks.nrps	PKS-NRP_Hybrids	Sorangium cellulosum	Bacteria,Proteobacteria,Deltaproteobacteria,Myxococcales,Sorangiineae,Polyangiaceae,Sorangium
BGC0000994.1	BGC0000994.1	FK520 biosynthetic gene cluster	t1pks.nrps	PKS-NRP_Hybrids	Streptomyces hygroscopicus subsp. ascomyceticus	Bacteria,Actinobacteria,Actinobacteridae,Actinomycetales,Streptomycineae,Streptomycetaceae,Streptomyces
BGC0000995.1	BGC0000995.1	FR901464 biosynthetic gene cluster	t2pks.transatpks.nrps	PKS-NRP_Hybrids	Pseudomonas sp. 2663	Bacteria,Proteobacteria,Gammaproteobacteria,Pseudomonadales,Pseudomonadaceae,Pseudomonas
BGC0000996.1	BGC0000996.1	Frontalamides biosynthetic gene cluster	t1pks.nrps	PKS-NRP_Hybrids	Streptomyces sp. SPB78	Bacteria,Actinobacteria,Actinobacteridae,Actinomycetales,Streptomycineae,Streptomycetaceae,Streptomyces
BGC0000997.1	BGC0000997.1	Glidobactin biosynthetic gene cluster	t1pks.nrps	PKS-NRP_Hybrids	[Polyangium] brachysporum	Bacteria,Proteobacteria,Betaproteobacteria,Burkholderiales
BGC0000998.1	BGC0000998.1	Guadinomine biosynthetic gene cluster	t1pks.nrps	PKS-NRP_Hybrids	Streptomyces sp. K01-0509	Bacteria,Actinobacteria,Actinobacteridae,Actinomycetales,Streptomycineae,Streptomycetaceae,Streptomyces
BGC0000999.1	BGC0000999.1	Heat-stable antifungal factor biosynthetic gene cluster	t1pks.nrps	PKS-NRP_Hybrids	Lysobacter enzymogenes	Bacteria,Proteobacteria,Gammaproteobacteria,Xanthomonadales,Xanthomonadaceae,Lysobacter
BGC0001000.1	BGC0001000.1	Hectochlorin biosynthetic gene cluster	t1pks.nrps	PKS-NRP_Hybrids	Lyngbya majuscula	Bacteria,Cyanobacteria,Oscillatoriophycideae,Oscillatoriales,Lyngbya
BGC0001001.1	BGC0001001.1	Jamaicamide biosynthetic gene cluster	t2pks.t1pks.nrps	PKS-NRP_Hybrids	Lyngbya majuscula	Bacteria,Cyanobacteria,Oscillatoriophycideae,Oscillatoriales,Lyngbya
BGC0001002.1	BGC0001002.1	Jawsamycin biosynthetic gene cluster	t1pks.nrps	PKS-NRP_Hybrids	Streptomyces roseoverticillatus	Bacteria,Actinobacteria,Actinobacteridae,Actinomycetales,Streptomycineae,Streptomycetaceae,Streptomyces
BGC0001003.1	BGC0001003.1	Lipomycin biosynthetic gene cluster	t1pks.nrps	PKS-NRP_Hybrids	Streptomyces aureofaciens	Bacteria,Actinobacteria,Actinobacteridae,Actinomycetales,Streptomycineae,Streptomycetaceae,Streptomyces
BGC0001005.1	BGC0001005.1	Locillomycin biosynthetic gene cluster	transatpks.nrps	PKS-NRP_Hybrids	Bacillus subtilis	Bacteria,Firmicutes,Bacilli,Bacillales,Bacillaceae,Bacillus
BGC0001008.1	BGC0001008.1	Maduropeptin biosynthetic gene cluster	t1pks.nrps	PKS-NRP_Hybrids	Actinomadura madurae	Bacteria,Actinobacteria,Actinobacteridae,Actinomycetales,Streptosporangineae,Thermomonosporaceae,Actinomadura
BGC0001009.1	BGC0001009.1	Melithiazol biosynthetic gene cluster	t1pks.nrps	PKS-NRP_Hybrids	Melittangium lichenicola	Bacteria,Proteobacteria,Deltaproteobacteria,Myxococcales,Cystobacterineae,Cystobacteraceae,Melittangium
BGC0001010.1	BGC0001010.1	Melithiazol biosynthetic gene cluster	t1pks.nrps	PKS-NRP_Hybrids	Melittangium lichenicola	Bacteria,Proteobacteria,Deltaproteobacteria,Myxococcales,Cystobacterineae,Cystobacteraceae,Melittangium
BGC0001011.1	BGC0001011.1	Meridamycin biosynthetic gene cluster	t1pks.nrps	PKS-NRP_Hybrids	Streptomyces sp. NRRL 30748	Bacteria,Actinobacteria,Actinobacteridae,Actinomycetales,Streptomycineae,Streptomycetaceae,Streptomyces
BGC0001012.1	BGC0001012.1	Meridamycin biosynthetic gene cluster	t1pks.nrps	PKS-NRP_Hybrids	Streptomyces violaceusniger	Bacteria,Actinobacteria,Actinobacteridae,Actinomycetales,Streptomycineae,Streptomycetaceae,Streptomyces
BGC0001013.1	BGC0001013.1	Meridamycin biosynthetic gene cluster	t1pks.nrps	PKS-NRP_Hybrids	Streptomyces sp.	Bacteria,Actinobacteria,Actinobacteridae,Actinomycetales,Streptomycineae,Streptomycetaceae,Streptomyces
BGC0001014.1	BGC0001014.1	Micacocidin biosynthetic gene cluster	t1pks.nrps	PKS-NRP_Hybrids	Ralstonia solanacearum GMI1000	Bacteria,Proteobacteria,Betaproteobacteria,Burkholderiales,Burkholderiaceae,Ralstonia
BGC0001015.1	BGC0001015.1	Microcystin biosynthetic gene cluster	t1pks.nrps	PKS-NRP_Hybrids	Planktothrix agardhii NIVA-CYA 126/8	Bacteria,Cyanobacteria,Oscillatoriophycideae,Oscillatoriales,Planktothrix
BGC0001016.1	BGC0001016.1	Microcystin biosynthetic gene cluster	t1pks.nrps	PKS-NRP_Hybrids	Anabaena sp. 90	Bacteria,Cyanobacteria,Nostocales,Nostocaceae,Anabaena
BGC0001017.1	BGC0001017.1	Microcystin biosynthetic gene cluster	t1pks.nrps	PKS-NRP_Hybrids	Microcystis aeruginosa PCC 7806	Bacteria,Cyanobacteria,Oscillatoriophycideae,Chroococcales,Microcystis
BGC0001019.1	BGC0001019.1	Microsclerodermins biosynthetic gene cluster	t1pks.nrps	PKS-NRP_Hybrids	Sorangium cellulosum	Bacteria,Proteobacteria,Deltaproteobacteria,Myxococcales,Sorangiineae,Polyangiaceae,Sorangium
BGC0001022.1	BGC0001022.1	Myxalamid biosynthetic gene cluster	t1pks.nrps	PKS-NRP_Hybrids	Stigmatella aurantiaca	Bacteria,Proteobacteria,Deltaproteobacteria,Myxococcales,Cystobacterineae,Cystobacteraceae,Stigmatella
BGC0001023.1	BGC0001023.1	Myxochromide biosynthetic gene cluster	t1pks.nrps	PKS-NRP_Hybrids	Stigmatella aurantiaca	Bacteria,Proteobacteria,Deltaproteobacteria,Myxococcales,Cystobacterineae,Cystobacteraceae,Stigmatella
BGC0001024.1	BGC0001024.1	Myxothiazol biosynthetic gene cluster	t1pks.nrps	PKS-NRP_Hybrids	Stigmatella aurantiaca DW4/3-1	Bacteria,Proteobacteria,Deltaproteobacteria,Myxococcales,Cystobacterineae,Cystobacteraceae,Stigmatella
BGC0001025.1	BGC0001025.1	Myxovirescin biosynthetic gene cluster	t2pks.transatpks.nrps	PKS-NRP_Hybrids	Myxococcus xanthus DK 1622	Bacteria,Proteobacteria,Deltaproteobacteria,Myxococcales,Cystobacterineae,Myxococcaceae,Myxococcus
BGC0001026.1	BGC0001026.1	NG-391 biosynthetic gene cluster	t1pks.nrps	PKS-NRP_Hybrids	Metarhizium anisopliae	Eukaryota,Fungi,Dikarya,Ascomycota,Pezizomycotina,Sordariomycetes,Hypocreomycetidae,Hypocreales,Clavicipitaceae,mitosporic Clavicipitaceae,Metarhizium
BGC0001028.1	BGC0001028.1	Nostopeptolide biosynthetic gene cluster	t1pks.nrps	PKS-NRP_Hybrids	Nostoc sp. GSV224	Bacteria,Cyanobacteria,Nostocales,Nostocaceae,Nostoc
BGC0001029.1	BGC0001029.1	Nostophycin biosynthetic gene cluster	t1pks.nrps	PKS-NRP_Hybrids	Nostoc sp. 152	Bacteria,Cyanobacteria,Nostocales,Nostocaceae,Nostoc
BGC0001033.1	BGC0001033.1	Paenilamicin biosynthetic gene cluster	t1pks.nrps	PKS-NRP_Hybrids	Paenibacillus larvae subsp. larvae DSM 25430	Bacteria,Firmicutes,Bacilli,Bacillales,Paenibacillaceae,Paenibacillus
BGC0001034.1	BGC0001034.1	Pellasoren biosynthetic gene cluster	t1pks.nrps	PKS-NRP_Hybrids	Sorangium cellulosum	Bacteria,Proteobacteria,Deltaproteobacteria,Myxococcales,Sorangiineae,Polyangiaceae,Sorangium
BGC0001035.1	BGC0001035.1	Pneumocandin biosynthetic gene cluster	t1pks.nrps	PKS-NRP_Hybrids	Glarea lozoyensis ATCC 20868	Eukaryota,Fungi,Dikarya,Ascomycota,Pezizomycotina,Leotiomycetes,Helotiales,Helotiaceae,Glarea
BGC0001036.1	BGC0001036.1	Polyoxypeptin biosynthetic gene cluster	t1pks.nrps	PKS-NRP_Hybrids	Streptomyces sp. MK498-98F14	Bacteria,Actinobacteria,Actinobacteridae,Actinomycetales,Streptomycineae,Streptomycetaceae,Streptomyces
BGC0001037.1	BGC0001037.1	Pseurotin A biosynthetic gene cluster	t1pks.nrps	PKS-NRP_Hybrids	Aspergillus fumigatus Af293	Eukaryota,Fungi,Dikarya,Ascomycota,Pezizomycotina,Eurotiomycetes,Eurotiomycetidae,Eurotiales,Aspergillaceae,Aspergillus
BGC0001039.1	BGC0001039.1	Pyridomycin biosynthetic gene cluster	t1pks.nrps	PKS-NRP_Hybrids	Streptomyces pyridomyceticus	Bacteria,Actinobacteria,Actinobacteridae,Actinomycetales,Streptomycineae,Streptomycetaceae,Streptomyces
BGC0001040.1	BGC0001040.1	Rapamycin biosynthetic gene cluster	t1pks.nrps	PKS-NRP_Hybrids	Streptomyces rapamycinicus	Bacteria,Actinobacteria,Actinobacteridae,Actinomycetales,Streptomycineae,Streptomycetaceae,Streptomyces
BGC0001041.1	BGC0001041.1	Salinosporamide biosynthetic gene cluster	transatpks.t1pks.nrps	PKS-NRP_Hybrids	Salinispora tropica CNB-440	Bacteria,Actinobacteria,Actinobacteridae,Actinomycetales,Micromonosporineae,Micromonosporaceae,Salinispora
BGC0001042.1	BGC0001042.1	Sanglifehrin A biosynthetic gene cluster	t1pks.hglks.nrps	PKS-NRP_Hybrids	Streptomyces flaveolus	Bacteria,Actinobacteria,Actinobacteridae,Actinomycetales,Streptomycineae,Streptomycetaceae,Streptomyces
BGC0001043.1	BGC0001043.1	SGR PTMs biosynthetic gene cluster	t1pks.nrps	PKS-NRP_Hybrids	Streptomyces griseus subsp. griseus NBRC 13350	Bacteria,Actinobacteria,Actinobacteridae,Actinomycetales,Streptomycineae,Streptomycetaceae,Streptomyces
BGC0001047.1	BGC0001047.1	Syringolin A biosynthetic gene cluster	t1pks.nrps	PKS-NRP_Hybrids	Pseudomonas syringae	Bacteria,Proteobacteria,Gammaproteobacteria,Pseudomonadales,Pseudomonadaceae,Pseudomonas
BGC0001048.1	BGC0001048.1	Tallysomycin biosynthetic gene cluster	t1pks.nrps	PKS-NRP_Hybrids	Streptoalloteichus hindustanus	Bacteria,Actinobacteria,Actinobacteridae,Actinomycetales,Pseudonocardineae,Pseudonocardiaceae,Streptoalloteichus
BGC0001049.1	BGC0001049.1	Tenellin biosynthetic gene cluster	t1pks.nrps	PKS-NRP_Hybrids	Beauveria bassiana	Eukaryota,Fungi,Dikarya,Ascomycota,Pezizomycotina,Sordariomycetes,Hypocreomycetidae,Hypocreales,Cordycipitaceae,Beauveria
BGC0001051.1	BGC0001051.1	Thuggacin biosynthetic gene cluster	t1pks.nrps	PKS-NRP_Hybrids	Sorangium cellulosum	Bacteria,Proteobacteria,Deltaproteobacteria,Myxococcales,Sorangiineae,Polyangiaceae,Sorangium
BGC0001052.1	BGC0001052.1	Tirandamycin biosynthetic gene cluster	t1pks.nrps	PKS-NRP_Hybrids	Streptomyces sp. 307-9	Bacteria,Actinobacteria,Actinobacteridae,Actinomycetales,Streptomycineae,Streptomycetaceae,Streptomyces
BGC0001053.1	BGC0001053.1	Tubulysin biosynthetic gene cluster	t1pks.nrps	PKS-NRP_Hybrids	Angiococcus disciformis	Bacteria,Proteobacteria,Deltaproteobacteria,Myxococcales,Cystobacterineae,Cystobacteraceae,Cystobacter
BGC0001054.1	BGC0001054.1	Xenocoumacin biosynthetic gene cluster	t1pks.nrps	PKS-NRP_Hybrids	Xenorhabdus nematophila ATCC 19061	Bacteria,Proteobacteria,Gammaproteobacteria,Enterobacteriales,Enterobacteriaceae,Xenorhabdus
BGC0001055.1	BGC0001055.1	Yersiniabactin biosynthetic gene cluster	t1pks.nrps	PKS-NRP_Hybrids	Escherichia coli	Bacteria,Proteobacteria,Gammaproteobacteria,Enterobacteriales,Enterobacteriaceae,Escherichia
BGC0001056.1	BGC0001056.1	Zeamine biosynthetic gene cluster	t1pks.hglks.nrps	PKS-NRP_Hybrids	Serratia plymuthica RVH1	Bacteria,Proteobacteria,Gammaproteobacteria,Enterobacteriales,Enterobacteriaceae,Serratia
BGC0001057.1	BGC0001057.1	Zearalenone biosynthetic gene cluster	t1pks.nrps	PKS-NRP_Hybrids	Fusarium graminearum	Eukaryota,Fungi,Dikarya,Ascomycota,Pezizomycotina,Sordariomycetes,Hypocreomycetidae,Hypocreales,Nectriaceae,Fusarium
BGC0001059.1	BGC0001059.1	Zwittermycin A biosynthetic gene cluster	t1pks.nrps	PKS-NRP_Hybrids	Bacillus cereus	Bacteria,Firmicutes,Bacilli,Bacillales,Bacillaceae,Bacillus,Bacillus cereus group
BGC0001069.1	BGC0001069.1	Chivosazole biosynthetic gene cluster	transatpks.t1pks.nrps	PKS-NRP_Hybrids	Sorangium cellulosum	Bacteria,Proteobacteria,Deltaproteobacteria,Myxococcales,Sorangiineae,Polyangiaceae,Sorangium
BGC0001070.1	BGC0001070.1	Kirromycin biosynthetic gene cluster	transatpks.t1pks.nrps	PKS-NRP_Hybrids	Streptomyces collinus Tu 365	Bacteria,Actinobacteria,Actinobacteridae,Actinomycetales,Streptomycineae,Streptomycetaceae,Streptomyces
BGC0001071.1	BGC0001071.1	Nosperin biosynthetic gene cluster	t2pks.transatpks.t1pks.nrps	PKS-NRP_Hybrids	Nostoc sp. 'Peltigera membranacea cyanobiont'	Bacteria,Cyanobacteria,Nostocales,Nostocaceae,Nostoc
BGC0001088.1	BGC0001088.1	Albicidin biosynthetic gene cluster	transatpks.nrps	PKS-NRP_Hybrids	Xanthomonas albilineans	Bacteria,Proteobacteria,Gammaproteobacteria,Xanthomonadales,Xanthomonadaceae,Xanthomonas
BGC0001089.1	BGC0001089.1	Bacillaene biosynthetic gene cluster	transatpks.nrps	PKS-NRP_Hybrids	Bacillus amyloliquefaciens subsp. plantarum str. FZB42	Bacteria,Firmicutes,Bacilli,Bacillales,Bacillaceae,Bacillus
BGC0001090.1	BGC0001090.1	Bacillomycin biosynthetic gene cluster	transatpks.nrps	PKS-NRP_Hybrids	Bacillus amyloliquefaciens subsp. plantarum str. FZB42	Bacteria,Firmicutes,Bacilli,Bacillales,Bacillaceae,Bacillus
BGC0001092.1	BGC0001092.1	Diaphorin biosynthetic gene cluster	t2pks.transatpks.nrps	PKS-NRP_Hybrids	Candidatus Profftella armatura	Bacteria,Proteobacteria,Betaproteobacteria,Candidatus Profftella
BGC0001093.1	BGC0001093.1	Disorazole biosynthetic gene cluster	transatpks.nrps	PKS-NRP_Hybrids	Sorangium cellulosum	Bacteria,Proteobacteria,Deltaproteobacteria,Myxococcales,Sorangiineae,Polyangiaceae,Sorangium
BGC0001096.1	BGC0001096.1	FR901464 biosynthetic gene cluster	t2pks.transatpks.nrps	PKS-NRP_Hybrids	Pseudomonas sp. 2663	Bacteria,Proteobacteria,Gammaproteobacteria,Pseudomonadales,Pseudomonadaceae,Pseudomonas
BGC0001098.1	BGC0001098.1	Iturin biosynthetic gene cluster	transatpks.nrps	PKS-NRP_Hybrids	Bacillus subtilis	Bacteria,Firmicutes,Bacilli,Bacillales,Bacillaceae,Bacillus
BGC0001099.1	BGC0001099.1	Kalimantacin / batumin biosynthetic gene cluster	t2pks.transatpks.nrps	PKS-NRP_Hybrids	Pseudomonas fluorescens	Bacteria,Proteobacteria,Gammaproteobacteria,Pseudomonadales,Pseudomonadaceae,Pseudomonas
BGC0001101.1	BGC0001101.1	Leinamycin biosynthetic gene cluster	transatpks.nrps	PKS-NRP_Hybrids	Streptomyces atroolivaceus	Bacteria,Actinobacteria,Actinobacteridae,Actinomycetales,Streptomycineae,Streptomycetaceae,Streptomyces
BGC0001102.1	BGC0001102.1	Malleilactone biosynthetic gene cluster	transatpks.t1pks.nrps	PKS-NRP_Hybrids	Burkholderia thailandensis E264	Bacteria,Proteobacteria,Betaproteobacteria,Burkholderiales,Burkholderiaceae,Burkholderia,pseudomallei group
BGC0001103.1	BGC0001103.1	Mycosubtilin biosynthetic gene cluster	transatpks.nrps	PKS-NRP_Hybrids	Bacillus subtilis subsp. spizizenii ATCC 6633	Bacteria,Firmicutes,Bacilli,Bacillales,Bacillaceae,Bacillus
BGC0001105.1	BGC0001105.1	Onnamide biosynthetic gene cluster	transatpks.nrps	PKS-NRP_Hybrids	Candidatus Entotheonella sp. TSY1	Bacteria,Proteobacteria,Deltaproteobacteria,Candidatus Entotheonella
BGC0001106.1	BGC0001106.1	Oxazolomycin biosynthetic gene cluster	transatpks.nrps	PKS-NRP_Hybrids	Streptomyces albus	Bacteria,Actinobacteria,Actinobacteridae,Actinomycetales,Streptomycineae,Streptomycetaceae,Streptomyces
BGC0001108.1	BGC0001108.1	Pederin biosynthetic gene cluster	transatpks.nrps	PKS-NRP_Hybrids	symbiont bacterium of Paederus fuscipes	Bacteria,Unknown
BGC0001109.1	BGC0001109.1	Pederin biosynthetic gene cluster	transatpks.nrps	PKS-NRP_Hybrids	unidentified	Bacteria,Unknown
BGC0001110.1	BGC0001110.1	Psymberin biosynthetic gene cluster	t2pks.transatpks.nrps	PKS-NRP_Hybrids	uncultured bacterium psy1	Bacteria,environmental samples
BGC0001111.1	BGC0001111.1	Rhizopodins biosynthetic gene cluster	transatpks.nrps	PKS-NRP_Hybrids	Stigmatella aurantiaca Sg a15	Bacteria,Proteobacteria,Deltaproteobacteria,Myxococcales,Cystobacterineae,Cystobacteraceae,Stigmatella
BGC0001112.1	BGC0001112.1	Rhizoxins biosynthetic gene cluster	transatpks.nrps	PKS-NRP_Hybrids	Burkholderia rhizoxinica	Bacteria,Proteobacteria,Betaproteobacteria,Burkholderiales,Burkholderiaceae,Burkholderia
BGC0001113.1	BGC0001113.1	Spliceostatin / FR901464 biosynthetic gene cluster	t2pks.transatpks.nrps	PKS-NRP_Hybrids	Burkholderia sp. FERM BP-3421	Bacteria,Proteobacteria,Betaproteobacteria,Burkholderiales,Burkholderiaceae,Burkholderia
BGC0001114.1	BGC0001114.1	Thailanstatin biosynthetic gene cluster	t2pks.transatpks.nrps	PKS-NRP_Hybrids	Burkholderia thailandensis	Bacteria,Proteobacteria,Betaproteobacteria,Burkholderiales,Burkholderiaceae,Burkholderia,pseudomallei group
BGC0001115.1	BGC0001115.1	Thiomarinol biosynthetic gene cluster	t2pks.transatpks.nrps	PKS-NRP_Hybrids	Pseudoalteromonas sp. SANK 73390	Bacteria,Proteobacteria,Gammaproteobacteria,Alteromonadales,Pseudoalteromonadaceae,Pseudoalteromonas
BGC0001116.1	BGC0001116.1	Virginiamycin biosynthetic gene cluster	t2pks.transatpks.nrps	PKS-NRP_Hybrids	Streptomyces virginiae	Bacteria,Actinobacteria,Actinobacteridae,Actinomycetales,Streptomycineae,Streptomycetaceae,Streptomyces
BGC0001122.1	BGC0001122.1	Isoflavipucine biosynthetic gene cluster	t1pks.nrps	PKS-NRP_Hybrids	Aspergillus terreus NIH2624	Eukaryota,Fungi,Dikarya,Ascomycota,Pezizomycotina,Eurotiomycetes,Eurotiomycetidae,Eurotiales,Aspergillaceae,Aspergillus
BGC0001125.1	BGC0001125.1	Puwainaphycins biosynthetic gene cluster	t1pks.nrps	PKS-NRP_Hybrids	Cylindrospermum alatosporum CCALA 988	Bacteria,Cyanobacteria,Nostocales,Nostocaceae,Cylindrospermum
BGC0001130.1	BGC0001130.1	Fabclavine biosynthetic gene cluster	t1pks.hglks.nrps	PKS-NRP_Hybrids	Xenorhabdus budapestensis	Bacteria,Proteobacteria,Gammaproteobacteria,Enterobacterales,Morganellaceae,Xenorhabdus
BGC0001136.1	BGC0001136.1	Desmethylbassianin biosynthetic gene cluster	t1pks.nrps	PKS-NRP_Hybrids	Beauveria bassiana	Eukaryota,Fungi,Dikarya,Ascomycota,Pezizomycotina,Sordariomycetes,Hypocreomycetidae,Hypocreales,Cordycipitaceae,Beauveria
BGC0001165.1	BGC0001165.1	Curacin biosynthetic gene cluster	t2pks.t1pks.nrps	PKS-NRP_Hybrids	Lyngbya majuscula	Bacteria,Cyanobacteria,Oscillatoriophycideae,Oscillatoriales,Lyngbya
BGC0001178.1	BGC0001178.1	UK-68,597 biosynthetic gene cluster	t3pks.nrps	PKS-NRP_Hybrids	Actinoplanes sp. ATCC 53533	Bacteria,Actinobacteria,Actinobacteridae,Actinomycetales,Micromonosporineae,Micromonosporaceae,Actinoplanes
BGC0001182.1	BGC0001182.1	Chaetoglobosins biosynthetic gene cluster	t1pks.nrps	PKS-NRP_Hybrids	Chaetomium globosum CBS 148.51	Eukaryota,Fungi,Dikarya,Ascomycota,Pezizomycotina,Sordariomycetes,Sordariomycetidae,Sordariales,Chaetomiaceae,Chaetomium
BGC0001187.1	BGC0001187.1	Xenolozoyenone biosynthetic gene cluster	t1pks.nrps	PKS-NRP_Hybrids	Glarea lozoyensis	Eukaryota,Fungi,Dikarya,Ascomycota,Pezizomycotina,Leotiomycetes,Helotiales,Helotiaceae,Glarea
BGC0001195.1	BGC0001195.1	Nocardiopsin biosynthetic gene cluster	t1pks.nrps	PKS-NRP_Hybrids	Nocardiopsis sp. CMB-M0232	Bacteria,Actinobacteria,Streptosporangiales,Nocardiopsaceae,Nocardiopsis
BGC0001202.1	BGC0001202.1	Landepoxcin biosynthetic gene cluster	t1pks.nrps	PKS-NRP_Hybrids	uncultured bacterium AR_412	Bacteria,environmental samples
BGC0001203.1	BGC0001203.1	Clarexpoxcin biosynthetic gene cluster	t1pks.nrps	PKS-NRP_Hybrids	uncultured bacterium AR_456	Bacteria,environmental samples
BGC0001212.1	BGC0001212.1	Nannocystin biosynthetic gene cluster	t1pks.nrps	PKS-NRP_Hybrids	Nannocystis sp. MB1016	Bacteria,Proteobacteria,Deltaproteobacteria,Myxococcales,Nannocystineae,Nannocystaceae,Nannocystis
BGC0001216.1	BGC0001216.1	Splenocin biosynthetic gene cluster	t1pks.nrps	PKS-NRP_Hybrids	Streptomyces sp. CNQ431	Bacteria,Actinobacteria,Streptomycetales,Streptomycetaceae,Streptomyces
BGC0001218.1	BGC0001218.1	Fumosorinone biosynthetic gene cluster	t1pks.nrps	PKS-NRP_Hybrids	Isaria fumosorosea	Eukaryota,Fungi,Dikarya,Ascomycota,Pezizomycotina,Sordariomycetes,Hypocreomycetidae,Hypocreales,Cordycipitaceae,Isaria
BGC0001230.1	BGC0001230.1	Salinamides biosynthetic gene cluster	t1pks.nrps	PKS-NRP_Hybrids	Streptomyces sp. CNB091	Bacteria,Actinobacteria,Streptomycetales,Streptomycetaceae,Streptomyces
BGC0001231.1	BGC0001231.1	Microsclerodermins biosynthetic gene cluster	t1pks.nrps	PKS-NRP_Hybrids	Jahnella sp. MSr9139	Bacteria,Proteobacteria,Deltaproteobacteria,Myxococcales,Sorangiineae,Polyangiaceae,Jahnella
BGC0001233.1	BGC0001233.1	Feglymycin biosynthetic gene cluster	t3pks.nrps	PKS-NRP_Hybrids	Streptomyces sp. DSM 11171	Bacteria,Actinobacteria,Streptomycetales,Streptomycetaceae,Streptomyces
BGC0001235.1	BGC0001235.1	Antalid biosynthetic gene cluster	t1pks.nrps	PKS-NRP_Hybrids	Polyangium spumosum	Bacteria,Proteobacteria,Deltaproteobacteria,Myxococcales,Sorangiineae,Polyangiaceae,Polyangium
BGC0001236.1	BGC0001236.1	Thiotetroamide biosynthetic gene cluster	t1pks.nrps	PKS-NRP_Hybrids	Streptomyces afghaniensis	Bacteria,Actinobacteria,Streptomycetales,Streptomycetaceae,Streptomyces
BGC0001237.1	BGC0001237.1	Thiolactomycin biosynthetic gene cluster	t1pks.nrps	PKS-NRP_Hybrids	Salinispora pacifica DSM 45543	Bacteria,Actinobacteria,Micromonosporales,Micromonosporaceae,Salinispora
BGC0001255.1	BGC0001255.1	Equisetin biosynthetic gene cluster	t1pks.nrps	PKS-NRP_Hybrids	Fusarium heterosporum	Eukaryota,Fungi,Dikarya,Ascomycota,Pezizomycotina,Sordariomycetes,Hypocreomycetidae,Hypocreales,Nectriaceae,Fusarium
BGC0001268.1	BGC0001268.1	Fusarin biosynthetic gene cluster	t1pks.nrps	PKS-NRP_Hybrids	Fusarium fujikuroi	Eukaryota,Fungi,Dikarya,Ascomycota,Pezizomycotina,Sordariomycetes,Hypocreomycetidae,Hypocreales,Nectriaceae,Fusarium,Fusarium fujikuroi species complex
BGC0001290.1	BGC0001290.1	Emericellamide A / emericellamide B biosynthetic gene cluster	t1pks.nrps	PKS-NRP_Hybrids	Aspergillus nidulans FGSC A4	Eukaryota,Fungi,Dikarya,Ascomycota,Pezizomycotina,Eurotiomycetes,Eurotiomycetidae,Eurotiales,Aspergillaceae,Aspergillus
BGC0001327.1	BGC0001327.1	Rakicidin A / rakicidin B biosynthetic gene cluster	t1pks.nrps	PKS-NRP_Hybrids	Micromonospora purpureochromogenes	Bacteria,Actinobacteria,Micromonosporales,Micromonosporaceae,Micromonospora
BGC0001328.1	BGC0001328.1	Rakicidin A / rakicidin B biosynthetic gene cluster	t1pks.nrps	PKS-NRP_Hybrids	Micromonospora sp. M42	Bacteria,Actinobacteria,Actinobacteridae,Actinomycetales,Micromonosporineae,Micromonosporaceae,Micromonospora
BGC0001329.1	BGC0001329.1	Rakicidin D biosynthetic gene cluster	t1pks.nrps	PKS-NRP_Hybrids	Streptomyces lilacinus	Bacteria,Actinobacteria,Streptomycetales,Streptomycetaceae,Streptomyces
BGC0001331.1	BGC0001331.1	BE-43547 A1-C2 biosynthetic gene cluster	t1pks.nrps	PKS-NRP_Hybrids	Salinispora arenicola CNR107	Bacteria,Actinobacteria,Micromonosporales,Micromonosporaceae,Salinispora
BGC0001332.1	BGC0001332.1	Microtermolide A biosynthetic gene cluster	t1pks.nrps	PKS-NRP_Hybrids	Streptomyces sp. MspMP-M5	Bacteria,Actinobacteria,Streptomycetales,Streptomycetaceae,Streptomyces
BGC0001342.1	BGC0001342.1	Thuggacin biosynthetic gene cluster	t1pks.nrps	PKS-NRP_Hybrids	Chondromyces crocatus	Bacteria,Proteobacteria,Deltaproteobacteria,Myxococcales,Sorangiineae,Polyangiaceae,Chondromyces
BGC0001344.1	BGC0001344.1	Tubulysin biosynthetic gene cluster	t1pks.nrps	PKS-NRP_Hybrids	Cystobacter sp. SBCb004	Bacteria,Proteobacteria,Deltaproteobacteria,Myxococcales,Cystobacterineae,Cystobacteraceae,Cystobacter
BGC0001351.1	BGC0001351.1	Cahuitamycins biosynthetic gene cluster	t1pks.nrps	PKS-NRP_Hybrids	Streptomyces gandocaensis	Bacteria,Actinobacteria,Streptomycetales,Streptomycetaceae,Streptomyces
BGC0001352.1	BGC0001352.1	Thiotetronate Tü 3010 biosynthetic gene cluster	t1pks.nrps	PKS-NRP_Hybrids	Streptomyces olivaceus	Bacteria,Actinobacteria,Streptomycetales,Streptomycetaceae,Streptomyces
BGC0001353.1	BGC0001353.1	Thiolactomycin biosynthetic gene cluster	t1pks.nrps	PKS-NRP_Hybrids	Lentzea sp. ATCC 31319	Bacteria,Actinobacteria,Pseudonocardiales,Pseudonocardiaceae,Lentzea
BGC0001354.1	BGC0001354.1	U-68204 biosynthetic gene cluster	t1pks.nrps	PKS-NRP_Hybrids	Streptomyces thiolactonus	Bacteria,Actinobacteria,Streptomycetales,Streptomycetaceae,Streptomyces
BGC0001355.1	BGC0001355.1	U-68204 biosynthetic gene cluster	t1pks.nrps	PKS-NRP_Hybrids	Streptomyces sp. MG11	Bacteria,Actinobacteria,Streptomycetales,Streptomycetaceae,Streptomyces
BGC0001358.1	BGC0001358.1	Leucinostatins biosynthetic gene cluster	t1pks.nrps	PKS-NRP_Hybrids	Purpureocillium lilacinum	Eukaryota,Fungi,Dikarya,Ascomycota,Pezizomycotina,Sordariomycetes,Hypocreomycetidae,Hypocreales,Ophiocordycipitaceae,Purpureocillium
BGC0001363.1	BGC0001363.1	Ralsolamycin biosynthetic gene cluster	t1pks.nrps	PKS-NRP_Hybrids	Ralstonia solanacearum GMI1000	Bacteria,Proteobacteria,Betaproteobacteria,Burkholderiales,Burkholderiaceae,Ralstonia
BGC0001367.1	BGC0001367.1	Haliamide biosynthetic gene cluster	t1pks.nrps	PKS-NRP_Hybrids	Haliangium ochraceum DSM 14365	Bacteria,Proteobacteria,Deltaproteobacteria,Myxococcales,Nannocystineae,Kofleriaceae,Haliangium
BGC0001394.1	BGC0001394.1	Phenalamide biosynthetic gene cluster	t1pks.nrps	PKS-NRP_Hybrids	Myxococcus stipitatus DSM 14675	Bacteria,Proteobacteria,Deltaproteobacteria,Myxococcales,Cystobacterineae,Myxococcaceae,Myxococcus
BGC0001397.1	BGC0001397.1	Lidamycin biosynthetic gene cluster	t1pks.nrps	PKS-NRP_Hybrids	Streptomyces globisporus C-1027	Bacteria,Actinobacteria,Streptomycetales,Streptomycetaceae,Streptomyces
BGC0001415.1	BGC0001415.1	Althiomycin biosynthetic gene cluster	t1pks.nrps	PKS-NRP_Hybrids	Serratia marcescens subsp. marcescens Db11	Bacteria,Proteobacteria,Gammaproteobacteria,Enterobacteriales,Enterobacteriaceae,Serratia
BGC0001417.1	BGC0001417.1	Myxochromide D biosynthetic gene cluster	t1pks.nrps	PKS-NRP_Hybrids	Cystobacterineae bacterium	Bacteria,Proteobacteria,Deltaproteobacteria,Myxococcales,Cystobacterineae,unclassified Cystobacterineae
BGC0001418.1	BGC0001418.1	Myxochromide D biosynthetic gene cluster	t1pks.nrps	PKS-NRP_Hybrids	Hyalangium minutum	Bacteria,Proteobacteria,Deltaproteobacteria,Myxococcales,Cystobacterineae,Cystobacteraceae,Hyalangium
BGC0001419.1	BGC0001419.1	Myxochromide D biosynthetic gene cluster	t1pks.nrps	PKS-NRP_Hybrids	Hyalangium minutum	Bacteria,Proteobacteria,Deltaproteobacteria,Myxococcales,Cystobacterineae,Cystobacteraceae,Hyalangium
BGC0001420.1	BGC0001420.1	Myxochromide D biosynthetic gene cluster	t1pks.nrps	PKS-NRP_Hybrids	Hyalangium minutum	Bacteria,Proteobacteria,Deltaproteobacteria,Myxococcales,Cystobacterineae,Cystobacteraceae,Hyalangium
BGC0001421.1	BGC0001421.1	Myxochromide B biosynthetic gene cluster	t1pks.nrps	PKS-NRP_Hybrids	Myxococcus sp.	Bacteria,Proteobacteria,Deltaproteobacteria,Myxococcales,Cystobacterineae,Myxococcaceae,Myxococcus
BGC0001422.1	BGC0001422.1	Myxochromide A biosynthetic gene cluster	t1pks.nrps	PKS-NRP_Hybrids	Myxococcus fulvus	Bacteria,Proteobacteria,Deltaproteobacteria,Myxococcales,Cystobacterineae,Myxococcaceae,Myxococcus
BGC0001423.1	BGC0001423.1	Myxochromide C biosynthetic gene cluster	t1pks.nrps	PKS-NRP_Hybrids	Myxococcus hansupus	Bacteria,Proteobacteria,Deltaproteobacteria,Myxococcales,Cystobacterineae,Myxococcaceae,Myxococcus
BGC0001424.1	BGC0001424.1	Myxochromide C biosynthetic gene cluster	t1pks.nrps	PKS-NRP_Hybrids	Myxococcus virescens	Bacteria,Proteobacteria,Deltaproteobacteria,Myxococcales,Cystobacterineae,Myxococcaceae,Myxococcus
BGC0001425.1	BGC0001425.1	Myxochromide A biosynthetic gene cluster	t1pks.nrps	PKS-NRP_Hybrids	Myxococcus xanthus	Bacteria,Proteobacteria,Deltaproteobacteria,Myxococcales,Cystobacterineae,Myxococcaceae,Myxococcus
BGC0001426.1	BGC0001426.1	Myxochromide A biosynthetic gene cluster	t1pks.nrps	PKS-NRP_Hybrids	Myxococcus xanthus	Bacteria,Proteobacteria,Deltaproteobacteria,Myxococcales,Cystobacterineae,Myxococcaceae,Myxococcus
BGC0001427.1	BGC0001427.1	Myxochromide A biosynthetic gene cluster	t1pks.nrps	PKS-NRP_Hybrids	Myxococcus xanthus	Bacteria,Proteobacteria,Deltaproteobacteria,Myxococcales,Cystobacterineae,Myxococcaceae,Myxococcus
BGC0001428.1	BGC0001428.1	Myxochromide A biosynthetic gene cluster	t1pks.nrps	PKS-NRP_Hybrids	Myxococcus xanthus	Bacteria,Proteobacteria,Deltaproteobacteria,Myxococcales,Cystobacterineae,Myxococcaceae,Myxococcus
BGC0001429.1	BGC0001429.1	Myxochromide S biosynthetic gene cluster	t1pks.nrps	PKS-NRP_Hybrids	Stigmatella aurantiaca	Bacteria,Proteobacteria,Deltaproteobacteria,Myxococcales,Cystobacterineae,Cystobacteraceae,Stigmatella
BGC0001430.1	BGC0001430.1	Myxochromide S biosynthetic gene cluster	t1pks.nrps	PKS-NRP_Hybrids	Stigmatella aurantiaca	Bacteria,Proteobacteria,Deltaproteobacteria,Myxococcales,Cystobacterineae,Cystobacteraceae,Stigmatella
BGC0001431.1	BGC0001431.1	Myxochromide S biosynthetic gene cluster	t1pks.nrps	PKS-NRP_Hybrids	Stigmatella aurantiaca	Bacteria,Proteobacteria,Deltaproteobacteria,Myxococcales,Cystobacterineae,Cystobacteraceae,Stigmatella
BGC0001432.1	BGC0001432.1	Myxochromide D biosynthetic gene cluster	t1pks.nrps	PKS-NRP_Hybrids	Stigmatella erecta	Bacteria,Proteobacteria,Deltaproteobacteria,Myxococcales,Cystobacterineae,Cystobacteraceae,Stigmatella
BGC0001435.1	BGC0001435.1	Ikarugamycin biosynthetic gene cluster	t1pks.nrps	PKS-NRP_Hybrids	Streptomyces sp. ZJ306	Bacteria,Actinobacteria,Streptomycetales,Streptomycetaceae,Streptomyces
BGC0001443.1	BGC0001443.1	Matlystatins biosynthetic gene cluster	t1pks.nrps	PKS-NRP_Hybrids	Actinomadura atramentaria DSM 43919	Bacteria,Actinobacteria,Streptosporangiales,Thermomonosporaceae,Actinomadura
BGC0001445.1	BGC0001445.1	Leporin biosynthetic gene cluster	t1pks.nrps	PKS-NRP_Hybrids	Aspergillus flavus NRRL3357	Eukaryota,Fungi,Dikarya,Ascomycota,Pezizomycotina,Eurotiomycetes,Eurotiomycetidae,Eurotiales,Aspergillaceae,Aspergillus
BGC0001449.1	BGC0001449.1	UCS1025A biosynthetic gene cluster	t1pks.nrps	PKS-NRP_Hybrids	Thermothelomyces thermophila ATCC 42464	Eukaryota,Fungi,Dikarya,Ascomycota,Pezizomycotina,Sordariomycetes,Sordariomycetidae,Sordariales,Chaetomiaceae,Thermothelomyces
BGC0001459.1	BGC0001459.1	Decaplanin biosynthetic gene cluster	t3pks.nrps	PKS-NRP_Hybrids	Amycolatopsis regifaucium	Bacteria,Actinobacteria,Pseudonocardiales,Pseudonocardiaceae,Amycolatopsis
BGC0001460.1	BGC0001460.1	Decaplanin biosynthetic gene cluster	t3pks.nrps	PKS-NRP_Hybrids	Amycolatopsis decaplanina DSM 44594	Bacteria,Actinobacteria,Pseudonocardiales,Pseudonocardiaceae,Amycolatopsis
BGC0001461.1	BGC0001461.1	Nogabecin biosynthetic gene cluster	t3pks.nrps	PKS-NRP_Hybrids	Amycolatopsis keratiniphila subsp. nogabecina	Bacteria,Actinobacteria,Pseudonocardiales,Pseudonocardiaceae,Amycolatopsis
BGC0001462.1	BGC0001462.1	Avoparcin biosynthetic gene cluster	t3pks.nrps	PKS-NRP_Hybrids	Amycolatopsis coloradensis	Bacteria,Actinobacteria,Pseudonocardiales,Pseudonocardiaceae,Amycolatopsis
BGC0001467.1	BGC0001467.1	Hapalosin biosynthetic gene cluster	t1pks.nrps	PKS-NRP_Hybrids	Fischerella sp. PCC 9431	Bacteria,Cyanobacteria,Nostocales,Hapalosiphonaceae,Fischerella
BGC0001477.1	BGC0001477.1	Lydicamycin biosynthetic gene cluster	t1pks.nrps	PKS-NRP_Hybrids	Streptomyces sp. ID38640	Bacteria,Actinobacteria,Streptomycetales,Streptomycetaceae,Streptomyces
BGC0001503.1	BGC0001503.1	Amycolamycin A / amycolamycin B biosynthetic gene cluster	t1pks.nrps	PKS-NRP_Hybrids	Amycolatopsis sp.	Bacteria,Actinobacteria,Pseudonocardiales,Pseudonocardiaceae,Amycolatopsis
BGC0001519.1	BGC0001519.1	Aurantimycin biosynthetic gene cluster	t1pks.nrps	PKS-NRP_Hybrids	Streptomyces aurantiacus JA 4570	Bacteria,Actinobacteria,Streptomycetales,Streptomycetaceae,Streptomyces
BGC0001553.1	BGC0001553.1	Clifednamide biosynthetic gene cluster	t1pks.nrps	PKS-NRP_Hybrids	Streptomyces sp. JV178	Bacteria,Actinobacteria,Streptomycetales,Streptomycetaceae,Streptomyces
BGC0001556.1	BGC0001556.1	Combamide biosynthetic gene cluster	t1pks.nrps	PKS-NRP_Hybrids	Streptomyces sp.	Bacteria,Actinobacteria,Streptomycetales,Streptomycetaceae,Streptomyces
BGC0001559.1	BGC0001559.1	Crocagin A / crocagin B biosynthetic gene cluster	t1pks.nrps	PKS-NRP_Hybrids	Chondromyces crocatus	Bacteria,Proteobacteria,Deltaproteobacteria,Myxococcales,Sorangiineae,Polyangiaceae,Chondromyces
BGC0001560.1	BGC0001560.1	Cryptomaldamide biosynthetic gene cluster	t1pks.nrps	PKS-NRP_Hybrids	Moorea producens JHB	Bacteria,Cyanobacteria,Oscillatoriophycideae,Oscillatoriales,Oscillatoriaceae,Moorea
BGC0001563.1	BGC0001563.1	Curvupallides biosynthetic gene cluster	t1pks.nrps	PKS-NRP_Hybrids	Cochliobolus pallescens	Eukaryota,Fungi,Dikarya,Ascomycota,Pezizomycotina,Dothideomycetes,Pleosporomycetidae,Pleosporales,Pleosporineae,Pleosporaceae,Cochliobolus
BGC0001564.1	BGC0001564.1	Cusperin biosynthetic gene cluster	t2pks.transatpks.nrps	PKS-NRP_Hybrids	Cuspidothrix issatschenkoi CHARLIE-1	Bacteria,Cyanobacteria,Nostocales,Aphanizomenonaceae,Cuspidothrix
BGC0001565.1	BGC0001565.1	Cyclosporin C biosynthetic gene cluster	t1pks.nrps	PKS-NRP_Hybrids	Beauveria felina	Eukaryota,Fungi,Dikarya,Ascomycota,Pezizomycotina,Sordariomycetes,Hypocreomycetidae,Hypocreales,Cordycipitaceae,Beauveria
BGC0001584.1	BGC0001584.1	C-1027 biosynthetic gene cluster	t1pks.nrps	PKS-NRP_Hybrids	Streptomyces sp. CB02366	Bacteria,Actinobacteria,Streptomycetales,Streptomycetaceae,Streptomyces
BGC0001598.1	BGC0001598.1	Foxicins A–D biosynthetic gene cluster	t1pks.nrps	PKS-NRP_Hybrids	Streptomyces diastatochromogenes	Bacteria,Actinobacteria,Streptomycetales,Streptomycetaceae,Streptomyces
BGC0001620.1	BGC0001620.1	Ilamycins biosynthetic gene cluster	t1pks.nrps	PKS-NRP_Hybrids	Streptomyces atratus	Bacteria,Actinobacteria,Streptomycetales,Streptomycetaceae,Streptomyces
BGC0001630.1	BGC0001630.1	Kasumigamide biosynthetic gene cluster	t1pks.nrps	PKS-NRP_Hybrids	uncultured Candidatus Entotheonella sp.	Bacteria,Nitrospinae/Tectomicrobia group,Candidatus Tectomicrobia,Candidatus Entotheonella,environmental samples
BGC0001631.1	BGC0001631.1	Kasumigamide biosynthetic gene cluster	t1pks.nrps	PKS-NRP_Hybrids	Microcystis aeruginosa NIES-87	Bacteria,Cyanobacteria,Oscillatoriophycideae,Chroococcales,Microcystaceae,Microcystis
BGC0001635.1	BGC0001635.1	Kistamicin A biosynthetic gene cluster	t3pks.nrps	PKS-NRP_Hybrids	Nonomuraea sp. ATCC 55076	Bacteria,Actinobacteria,Streptosporangiales,Streptosporangiaceae,Nonomuraea
BGC0001667.1	BGC0001667.1	Microcystin-LR / microcystin-FR / microcystin-LA / microcystin-LAba / microcystin-LM / microcystin-LV / microcystin-LL biosynthetic gene cluster	t1pks.nrps	PKS-NRP_Hybrids	Fischerella sp. CENA161	Bacteria,Cyanobacteria,Nostocales,Hapalosiphonaceae,Fischerella
BGC0001695.1	BGC0001695.1	Neoantimycin biosynthetic gene cluster	t1pks.nrps	PKS-NRP_Hybrids	Streptomyces conglobatus	Bacteria,Actinobacteria,Streptomycetales,Streptomycetaceae,Streptomyces
BGC0001702.1	BGC0001702.1	Nocamycin biosynthetic gene cluster	t1pks.nrps	PKS-NRP_Hybrids	Saccharothrix syringae	Bacteria,Actinobacteria,Pseudonocardiales,Pseudonocardiaceae,Saccharothrix
BGC0001703.1	BGC0001703.1	Nocuolin A biosynthetic gene cluster	t1pks.nrps	PKS-NRP_Hybrids	Nostoc sp. CCAP 1453/38	Bacteria,Cyanobacteria,Nostocales,Nostocaceae,Nostoc
BGC0001704.1	BGC0001704.1	Nocuolin A biosynthetic gene cluster	t1pks.nrps	PKS-NRP_Hybrids	Nodularia sp. HBU26	Bacteria,Cyanobacteria,Nostocales,Aphanizomenonaceae,Nodularia
BGC0001705.1	BGC0001705.1	Nodularin biosynthetic gene cluster	t1pks.nrps	PKS-NRP_Hybrids	Nostoc sp. CENA543	Bacteria,Cyanobacteria,Nostocales,Nostocaceae,Nostoc
BGC0001711.1	BGC0001711.1	Occidiofungin biosynthetic gene cluster	t1pks.nrps	PKS-NRP_Hybrids	Burkholderia pyrrocinia	Bacteria,Proteobacteria,Betaproteobacteria,Burkholderiales,Burkholderiaceae,Burkholderia,Burkholderia cepacia complex
BGC0001724.1	BGC0001724.1	Oxaleimide C biosynthetic gene cluster	t1pks.nrps	PKS-NRP_Hybrids	Penicillium oxalicum 114-2	Eukaryota,Fungi,Dikarya,Ascomycota,Pezizomycotina,Eurotiomycetes,Eurotiomycetidae,Eurotiales,Aspergillaceae,Penicillium
BGC0001726.1	BGC0001726.1	Pactamides biosynthetic gene cluster	t1pks.nrps	PKS-NRP_Hybrids	Streptomyces pactum	Bacteria,Actinobacteria,Streptomycetales,Streptomycetaceae,Streptomyces
BGC0001728.1	BGC0001728.1	Paenilipoheptin biosynthetic gene cluster	transatpks.nrps	PKS-NRP_Hybrids	Paenibacillus polymyxa E681	Bacteria,Firmicutes,Bacilli,Bacillales,Paenibacillaceae,Paenibacillus
BGC0001737.1	BGC0001737.1	Phenalamide biosynthetic gene cluster	t1pks.nrps	PKS-NRP_Hybrids	Corallococcus coralloides	Bacteria,Proteobacteria,Deltaproteobacteria,Myxococcales,Cystobacterineae,Myxococcaceae,Corallococcus
BGC0001738.1	BGC0001738.1	Phomasetin biosynthetic gene cluster	t1pks.nrps	PKS-NRP_Hybrids	Pyrenochaetopsis sp.	Eukaryota,Fungi,Dikarya,Ascomycota,Pezizomycotina,Dothideomycetes,Pleosporomycetidae,Pleosporales,Pleosporineae,Cucurbitariaceae,Pyrenochaetopsis
BGC0001740.1	BGC0001740.1	Phthoxazolin biosynthetic gene cluster	transatpks.nrps	PKS-NRP_Hybrids	Streptomyces avermitilis	Bacteria,Actinobacteria,Streptomycetales,Streptomycetaceae,Streptomyces
BGC0001741.1	BGC0001741.1	Phyllostictine A / phyllostictine B biosynthetic gene cluster	t1pks.nrps	PKS-NRP_Hybrids	Phyllosticta cirsii	Eukaryota,Fungi,Dikarya,Ascomycota,Pezizomycotina,Dothideomycetes,Dothideomycetes incertae sedis,Botryosphaeriales,Phyllostictaceae,Phyllosticta
BGC0001750.1	BGC0001750.1	Pyrronazol B biosynthetic gene cluster	t1pks.nrps	PKS-NRP_Hybrids	Nannocystis pusilla	Bacteria,Proteobacteria,Deltaproteobacteria,Myxococcales,Nannocystineae,Nannocystaceae,Nannocystis
BGC0001751.1	BGC0001751.1	Pyxipyrrolone A / pyxipyrrolone B biosynthetic gene cluster	t2pks.transatpks.nrps	PKS-NRP_Hybrids	Pyxidicoccus sp. MCy9557	Bacteria,Proteobacteria,Deltaproteobacteria,Myxococcales,Cystobacterineae,Myxococcaceae,Pyxidicoccus
BGC0001754.1	BGC0001754.1	Ralsolamycin biosynthetic gene cluster	t1pks.nrps	PKS-NRP_Hybrids	Ralstonia solanacearum GMI1000	Bacteria,Proteobacteria,Betaproteobacteria,Burkholderiales,Burkholderiaceae,Ralstonia
BGC0001763.1	BGC0001763.1	Rufomycin biosynthetic gene cluster	t1pks.nrps	PKS-NRP_Hybrids	Streptomyces atratus	Bacteria,Actinobacteria,Streptomycetales,Streptomycetaceae,Streptomyces
BGC0001766.1	BGC0001766.1	Salinamide A biosynthetic gene cluster	t1pks.nrps	PKS-NRP_Hybrids	Streptomyces sp. CNB091	Bacteria,Actinobacteria,Streptomycetales,Streptomycetaceae,Streptomyces
BGC0001780.1	BGC0001780.1	Siphonazole biosynthetic gene cluster	transatpks.nrps	PKS-NRP_Hybrids	Herpetosiphon sp. B060	Bacteria,Chloroflexi,Chloroflexia,Herpetosiphonales,Herpetosiphonaceae,Herpetosiphon
BGC0001807.1	BGC0001807.1	Totopensamide biosynthetic gene cluster	t3pks.t1pks.nrps	PKS-NRP_Hybrids	Streptomyces pactum	Bacteria,Actinobacteria,Streptomycetales,Streptomycetaceae,Streptomyces
BGC0001816.1	BGC0001816.1	Valactamide A biosynthetic gene cluster	t1pks.nrps	PKS-NRP_Hybrids	Shuttle vector AtFAC9J20	other sequences,artificial sequences,vectors
BGC0001829.1	BGC0001829.1	α,β-epoxyketone biosynthetic gene cluster	t1pks.nrps	PKS-NRP_Hybrids	Streptomyces chromofuscus	Bacteria,Actinobacteria,Streptomycetales,Streptomycetaceae,Streptomyces
GCA_000171875.1_contig5.region002	contig5	Genus species strain strain.	T1PKS.NRPS	PKS-NRP_Hybrids	Genus species Unclassified.	
GCA_000332115.1_contig1.region001	contig1	Genus species strain strain.	T1PKS.NRPS	PKS-NRP_Hybrids	Genus species Unclassified.	
GCA_000335775.1_contig04.region001	contig04	Genus species strain strain.	T1PKS.NRPS	PKS-NRP_Hybrids	Genus species Unclassified.	
GCA_000335775.1_contig09.region001	contig09	Genus species strain strain.	T1PKS.hglE-KS.NRPS	PKS-NRP_Hybrids	Genus species Unclassified.	
GCA_000423005.1_contig15.region001	contig15	Genus species strain strain.	T1PKS.NRPS	PKS-NRP_Hybrids	Genus species Unclassified.	
GCA_000427335.1_contig057.region001	contig057	Genus species strain strain.	T1PKS.NRPS	PKS-NRP_Hybrids	Genus species Unclassified.	
GCA_000430665.1_contig003.region001	contig003	Genus species strain strain.	T1PKS.NRPS	PKS-NRP_Hybrids	Genus species Unclassified.	
GCA_000520955.1_contig032.region001	contig032	Genus species strain strain.	T1PKS.NRPS	PKS-NRP_Hybrids	Genus species Unclassified.	
GCA_000688315.1_contig2.region001	contig2	Genus species strain strain.	T1PKS.NRPS	PKS-NRP_Hybrids	Genus species Unclassified.	
GCA_000737715.1_contig27.region001	contig27	Genus species strain strain.	T1PKS.NRPS	PKS-NRP_Hybrids	Genus species Unclassified.	
GCA_000744105.1_contig1.region002	contig1	Genus species strain strain.	T1PKS.NRPS	PKS-NRP_Hybrids	Genus species Unclassified.	
GCA_000744275.1_contig5.region005	contig5	Genus species strain strain.	T1PKS.NRPS	PKS-NRP_Hybrids	Genus species Unclassified.	
GCA_000744275.1_contig7.region001	contig7	Genus species strain strain.	T1PKS.NRPS-like	PKS-NRP_Hybrids	Genus species Unclassified.	
GCA_000764755.1_contig40.region001	contig40	Genus species strain strain.	T1PKS.NRPS	PKS-NRP_Hybrids	Genus species Unclassified.	
GCA_000799465.1_contig1.region001	contig1	Genus species strain strain.	T1PKS.NRPS	PKS-NRP_Hybrids	Genus species Unclassified.	
GCA_000826655.1_contig024.region001	contig024	Genus species strain strain.	T1PKS.NRPS	PKS-NRP_Hybrids	Genus species Unclassified.	
GCA_000832125.1_contig16.region001	contig16	Genus species strain strain.	T1PKS.NRPS	PKS-NRP_Hybrids	Genus species Unclassified.	
GCA_000943555.1_contig19.region001	contig19	Genus species strain strain.	T1PKS.NRPS	PKS-NRP_Hybrids	Genus species Unclassified.	
GCA_000943565.1_contig15.region001	contig15	Genus species strain strain.	T1PKS.NRPS	PKS-NRP_Hybrids	Genus species Unclassified.	
GCA_001005305.1_contig34.region001	contig34	Genus species strain strain.	T1PKS.transAT-PKS.transAT-PKS-like.PKS-like.NRPS	PKS-NRP_Hybrids	Genus species Unclassified.	
GCA_001005315.1_contig156.region001	contig156	Genus species strain strain.	T1PKS.NRPS	PKS-NRP_Hybrids	Genus species Unclassified.	
GCA_001020565.1_contig1.region001	contig1	Genus species strain strain.	T1PKS.NRPS	PKS-NRP_Hybrids	Genus species Unclassified.	
GCA_001027725.1_contig02.region001	contig02	Genus species strain strain.	T1PKS.NRPS	PKS-NRP_Hybrids	Genus species Unclassified.	
GCA_001045465.1_contig11.region001	contig11	Genus species strain strain.	T1PKS.NRPS	PKS-NRP_Hybrids	Genus species Unclassified.	
GCA_001275605.1_contig02.region001	contig02	Genus species strain strain.	T1PKS.NRPS	PKS-NRP_Hybrids	Genus species Unclassified.	
GCA_001401755.1_contig05.region002	contig05	Genus species strain strain.	T1PKS.NRPS	PKS-NRP_Hybrids	Genus species Unclassified.	
GCA_001404985.1_contig15.region001	contig15	Genus species strain strain.	T3PKS.T1PKS.NRPS	PKS-NRP_Hybrids	Genus species Unclassified.	
GCA_001422725.1_contig08.region001	contig08	Genus species strain strain.	T3PKS.NRPS	PKS-NRP_Hybrids	Genus species Unclassified.	
GCA_001422725.1_contig13.region001	contig13	Genus species strain strain.	T1PKS.NRPS	PKS-NRP_Hybrids	Genus species Unclassified.	
GCA_001428525.1_contig10.region002	contig10	Genus species strain strain.	T1PKS.NRPS	PKS-NRP_Hybrids	Genus species Unclassified.	
GCA_001429295.1_contig08.region002	contig08	Genus species strain strain.	T1PKS.NRPS	PKS-NRP_Hybrids	Genus species Unclassified.	
GCA_001447995.1_contig01.region003	contig01	Genus species strain strain.	T1PKS.NRPS	PKS-NRP_Hybrids	Genus species Unclassified.	
GCA_001529295.1_contig34.region001	contig34	Genus species strain strain.	T1PKS.NRPS	PKS-NRP_Hybrids	Genus species Unclassified.	
GCA_001602525.1_contig18.region001	contig18	Genus species strain strain.	T1PKS.NRPS	PKS-NRP_Hybrids	Genus species Unclassified.	
GCA_001678675.1_contig027.region001	contig027	Genus species strain strain.	T1PKS.NRPS	PKS-NRP_Hybrids	Genus species Unclassified.	
GCA_001686925.1_contig21.region001	contig21	Genus species strain strain.	T3PKS.NRPS-like	PKS-NRP_Hybrids	Genus species Unclassified.	
GCA_001747085.1_contig07.region001	contig07	Genus species strain strain.	transAT-PKS.NRPS-like	PKS-NRP_Hybrids	Genus species Unclassified.	
GCA_001853485.1_contig22.region001	contig22	Genus species strain strain.	T1PKS.NRPS	PKS-NRP_Hybrids	Genus species Unclassified.	
GCA_001865655.1_contig1.region002	contig1	Genus species strain strain.	T1PKS.NRPS	PKS-NRP_Hybrids	Genus species Unclassified.	
GCA_001936575.1_contig007.region001	contig007	Genus species strain strain.	T1PKS.NRPS	PKS-NRP_Hybrids	Genus species Unclassified.	
GCA_001975985.1_contig03.region001	contig03	Genus species strain strain.	T3PKS.NRPS	PKS-NRP_Hybrids	Genus species Unclassified.	
GCA_002210235.1_contig24.region001	contig24	Genus species strain strain.	T1PKS.NRPS	PKS-NRP_Hybrids	Genus species Unclassified.	
GCA_002216065.1_contig1.region001	contig1	Genus species strain strain.	transAT-PKS.NRPS	PKS-NRP_Hybrids	Genus species Unclassified.	
GCA_002217285.1_contig021.region001	contig021	Genus species strain strain.	T3PKS.T1PKS.NRPS	PKS-NRP_Hybrids	Genus species Unclassified.	
GCA_002217285.1_contig024.region002	contig024	Genus species strain strain.	T1PKS.NRPS	PKS-NRP_Hybrids	Genus species Unclassified.	
GCA_002217315.1_contig06.region001	contig06	Genus species strain strain.	T1PKS.NRPS	PKS-NRP_Hybrids	Genus species Unclassified.	
GCA_002217365.1_contig01.region001	contig01	Genus species strain strain.	T1PKS.NRPS	PKS-NRP_Hybrids	Genus species Unclassified.	
GCA_002217365.1_contig28.region001	contig28	Genus species strain strain.	T1PKS.NRPS	PKS-NRP_Hybrids	Genus species Unclassified.	
GCA_002217445.1_contig19.region001	contig19	Genus species strain strain.	T1PKS.NRPS	PKS-NRP_Hybrids	Genus species Unclassified.	
GCA_002217475.1_contig016.region001	contig016	Genus species strain strain.	T1PKS.NRPS	PKS-NRP_Hybrids	Genus species Unclassified.	
GCA_002222045.1_contig035.region001	contig035	Genus species strain strain.	T3PKS.NRPS-like	PKS-NRP_Hybrids	Genus species Unclassified.	
GCA_002295505.1_contig078.region001	contig078	Genus species strain strain.	T1PKS.NRPS	PKS-NRP_Hybrids	Genus species Unclassified.	
GCA_002304005.1_contig12.region001	contig12	Genus species strain strain.	T1PKS.NRPS	PKS-NRP_Hybrids	Genus species Unclassified.	
GCA_002325035.1_contig16.region001	contig16	Genus species strain strain.	T1PKS.NRPS	PKS-NRP_Hybrids	Genus species Unclassified.	
GCA_002362375.1_contig18.region001	contig18	Genus species strain strain.	T1PKS.NRPS	PKS-NRP_Hybrids	Genus species Unclassified.	
GCA_002388445.1_contig27.region001	contig27	Genus species strain strain.	T1PKS.NRPS	PKS-NRP_Hybrids	Genus species Unclassified.	
GCA_002426755.1_contig32.region001	contig32	Genus species strain strain.	T1PKS.NRPS	PKS-NRP_Hybrids	Genus species Unclassified.	
GCA_002426835.1_contig082.region001	contig082	Genus species strain strain.	T1PKS.NRPS	PKS-NRP_Hybrids	Genus species Unclassified.	
GCA_002435115.1_contig02.region001	contig02	Genus species strain strain.	T1PKS.NRPS	PKS-NRP_Hybrids	Genus species Unclassified.	
GCA_002482975.1_contig14.region001	contig14	Genus species strain strain.	T1PKS.NRPS	PKS-NRP_Hybrids	Genus species Unclassified.	
GCA_002699205.1_contig51.region001	contig51	Genus species strain strain.	T1PKS.NRPS	PKS-NRP_Hybrids	Genus species Unclassified.	
GCA_002700005.1_contig0447.region001	contig0447	Genus species strain strain.	T1PKS.NRPS	PKS-NRP_Hybrids	Genus species Unclassified.	
GCA_002700155.1_contig1.region002	contig1	Genus species strain strain.	T1PKS.NRPS	PKS-NRP_Hybrids	Genus species Unclassified.	
GCA_002711455.1_contig08.region001	contig08	Genus species strain strain.	T1PKS.NRPS	PKS-NRP_Hybrids	Genus species Unclassified.	
GCA_002733415.1_contig93.region001	contig93	Genus species strain strain.	transAT-PKS.NRPS	PKS-NRP_Hybrids	Genus species Unclassified.	
GCA_002742365.1_contig18.region001	contig18	Genus species strain strain.	T1PKS.NRPS	PKS-NRP_Hybrids	Genus species Unclassified.	
GCA_002754245.1_contig1.region003	contig1	Genus species strain strain.	T1PKS.NRPS	PKS-NRP_Hybrids	Genus species Unclassified.	
GCA_002846555.1_contig1.region002	contig1	Genus species strain strain.	T1PKS.NRPS	PKS-NRP_Hybrids	Genus species Unclassified.	
GCA_002895435.1_contig03.region001	contig03	Genus species strain strain.	T1PKS.NRPS	PKS-NRP_Hybrids	Genus species Unclassified.	
GCA_002895435.1_contig37.region001	contig37	Genus species strain strain.	T1PKS.NRPS	PKS-NRP_Hybrids	Genus species Unclassified.	
GCA_002920895.1_contig19.region001	contig19	Genus species strain strain.	T1PKS.NRPS	PKS-NRP_Hybrids	Genus species Unclassified.	
GCA_002924285.1_contig002.region001	contig002	Genus species strain strain.	T1PKS.NRPS	PKS-NRP_Hybrids	Genus species Unclassified.	
GCA_003054265.1_contig04.region001	contig04	Genus species strain strain.	T1PKS.NRPS	PKS-NRP_Hybrids	Genus species Unclassified.	
GCA_003061345.1_contig0885.region001	contig0885	Genus species strain strain.	NRPS-like.T1PKS	PKS-NRP_Hybrids	Genus species Unclassified.	
GCA_003070725.1_contig189.region001	contig189	Genus species strain strain.	T1PKS.NRPS	PKS-NRP_Hybrids	Genus species Unclassified.	
GCA_003075045.1_contig05.region001	contig05	Genus species strain strain.	T1PKS.NRPS	PKS-NRP_Hybrids	Genus species Unclassified.	
GCA_003076455.1_contig1.region002	contig1	Genus species strain strain.	T1PKS.NRPS	PKS-NRP_Hybrids	Genus species Unclassified.	
GCA_003122385.1_contig1.region007	contig1	Genus species strain strain.	T1PKS.NRPS	PKS-NRP_Hybrids	Genus species Unclassified.	
GCA_003208535.1_contig18.region001	contig18	Genus species strain strain.	T1PKS.NRPS	PKS-NRP_Hybrids	Genus species Unclassified.	
GCA_003217215.1_contig02.region001	contig02	Genus species strain strain.	T1PKS.NRPS	PKS-NRP_Hybrids	Genus species Unclassified.	
GCA_003217415.1_contig20.region001	contig20	Genus species strain strain.	T1PKS.NRPS	PKS-NRP_Hybrids	Genus species Unclassified.	
GCA_003254015.1_contig10.region001	contig10	Genus species strain strain.	T1PKS.NRPS	PKS-NRP_Hybrids	Genus species Unclassified.	
GCA_003254625.1_contig41.region001	contig41	Genus species strain strain.	T1PKS.NRPS	PKS-NRP_Hybrids	Genus species Unclassified.	
GCA_003258355.1_contig076.region001	contig076	Genus species strain strain.	T1PKS.NRPS	PKS-NRP_Hybrids	Genus species Unclassified.	
GCA_003259265.1_contig05.region001	contig05	Genus species strain strain.	T1PKS.NRPS	PKS-NRP_Hybrids	Genus species Unclassified.	
GCA_003312915.1_contig1.region005	contig1	Genus species strain strain.	T1PKS.NRPS	PKS-NRP_Hybrids	Genus species Unclassified.	
GCA_003337305.1_contig02.region001	contig02	Genus species strain strain.	T1PKS.NRPS	PKS-NRP_Hybrids	Genus species Unclassified.	
GCA_003352465.1_contig1.region006	contig1	Genus species strain strain.	T1PKS.NRPS	PKS-NRP_Hybrids	Genus species Unclassified.	
GCA_003352465.1_contig1.region010	contig1	Genus species strain strain.	T1PKS.NRPS	PKS-NRP_Hybrids	Genus species Unclassified.	
GCA_003385115.1_contig01.region002	contig01	Genus species strain strain.	T1PKS.NRPS	PKS-NRP_Hybrids	Genus species Unclassified.	
GCA_003385115.1_contig16.region001	contig16	Genus species strain strain.	T1PKS.NRPS	PKS-NRP_Hybrids	Genus species Unclassified.	
GCA_003385515.1_contig14.region001	contig14	Genus species strain strain.	transAT-PKS.PKS-like.NRPS	PKS-NRP_Hybrids	Genus species Unclassified.	
GCA_003386275.1_contig02.region001	contig02	Genus species strain strain.	T1PKS.NRPS	PKS-NRP_Hybrids	Genus species Unclassified.	
GCA_003387355.1_contig02.region001	contig02	Genus species strain strain.	T1PKS.NRPS	PKS-NRP_Hybrids	Genus species Unclassified.	
GCA_003387615.1_contig02.region001	contig02	Genus species strain strain.	T1PKS.NRPS	PKS-NRP_Hybrids	Genus species Unclassified.	
GCA_003443675.1_contig1.region005	contig1	Genus species strain strain.	T1PKS.NRPS	PKS-NRP_Hybrids	Genus species Unclassified.	
GCA_003626865.1_contig089.region001	contig089	Genus species strain strain.	T1PKS.NRPS	PKS-NRP_Hybrids	Genus species Unclassified.	
GCA_003633595.1_contig04.region001	contig04	Genus species strain strain.	T3PKS.NRPS-like	PKS-NRP_Hybrids	Genus species Unclassified.	
GCA_003633785.1_contig1.region006	contig1	Genus species strain strain.	T1PKS.NRPS	PKS-NRP_Hybrids	Genus species Unclassified.	
GCA_003687485.1_contig1.region002	contig1	Genus species strain strain.	T1PKS.NRPS	PKS-NRP_Hybrids	Genus species Unclassified.	
GCA_003709475.1_contig14.region006	contig14	Genus species strain strain.	T1PKS.NRPS	PKS-NRP_Hybrids	Genus species Unclassified.	
GCA_003755145.1_contig01.region005	contig01	Genus species strain strain.	transAT-PKS.NRPS	PKS-NRP_Hybrids	Genus species Unclassified.	
GCA_003755145.1_contig02.region003	contig02	Genus species strain strain.	transAT-PKS.PKS-like.NRPS	PKS-NRP_Hybrids	Genus species Unclassified.	
GCA_003755145.1_contig06.region001	contig06	Genus species strain strain.	NRPS-like.T3PKS.transAT-PKS.transAT-PKS-like.PKS-like	PKS-NRP_Hybrids	Genus species Unclassified.	
GCA_003812705.1_contig1.region004	contig1	Genus species strain strain.	T1PKS.NRPS-like.hglE-KS	PKS-NRP_Hybrids	Genus species Unclassified.	
GCA_003852675.1_contig65.region001	contig65	Genus species strain strain.	T1PKS.NRPS	PKS-NRP_Hybrids	Genus species Unclassified.	
GCA_003867015.1_contig1.region005	contig1	Genus species strain strain.	T1PKS.NRPS	PKS-NRP_Hybrids	Genus species Unclassified.	
GCA_003937815.1_contig18.region001	contig18	Genus species strain strain.	T1PKS.NRPS	PKS-NRP_Hybrids	Genus species Unclassified.	
GCA_003996965.1_contig066.region001	contig066	Genus species strain strain.	T1PKS.NRPS	PKS-NRP_Hybrids	Genus species Unclassified.	
GCA_004104075.1_contig28.region001	contig28	Genus species strain strain.	NRPS-like.T1PKS	PKS-NRP_Hybrids	Genus species Unclassified.	
GCA_004115975.1_contig40.region001	contig40	Genus species strain strain.	T1PKS.NRPS	PKS-NRP_Hybrids	Genus species Unclassified.	
GCA_004139715.1_contig1.region003	contig1	Genus species strain strain.	T1PKS.NRPS	PKS-NRP_Hybrids	Genus species Unclassified.	
GCA_004328055.1_contig10.region001	contig10	Genus species strain strain.	T1PKS.NRPS	PKS-NRP_Hybrids	Genus species Unclassified.	
GCA_004341235.1_contig03.region001	contig03	Genus species strain strain.	T1PKS.NRPS	PKS-NRP_Hybrids	Genus species Unclassified.	
GCA_004341805.1_contig20.region001	contig20	Genus species strain strain.	T1PKS.NRPS	PKS-NRP_Hybrids	Genus species Unclassified.	
GCA_004345565.1_contig09.region001	contig09	Genus species strain strain.	T3PKS.NRPS	PKS-NRP_Hybrids	Genus species Unclassified.	
GCA_004349355.1_contig24.region001	contig24	Genus species strain strain.	NRPS-like.T1PKS	PKS-NRP_Hybrids	Genus species Unclassified.	
GCA_004349355.1_contig36.region001	contig36	Genus species strain strain.	T1PKS.NRPS-like	PKS-NRP_Hybrids	Genus species Unclassified.	
GCA_004355225.1_contig1.region003	contig1	Genus species strain strain.	T1PKS.NRPS	PKS-NRP_Hybrids	Genus species Unclassified.	
GCA_004362055.1_contig10.region001	contig10	Genus species strain strain.	T1PKS.NRPS	PKS-NRP_Hybrids	Genus species Unclassified.	
GCA_004364165.1_contig01.region002	contig01	Genus species strain strain.	T1PKS.NRPS	PKS-NRP_Hybrids	Genus species Unclassified.	
GCA_004366435.1_contig02.region001	contig02	Genus species strain strain.	T1PKS.NRPS	PKS-NRP_Hybrids	Genus species Unclassified.	
GCA_004368925.1_contig04.region001	contig04	Genus species strain strain.	T1PKS.NRPS	PKS-NRP_Hybrids	Genus species Unclassified.	
GCA_004369705.1_contig1506.region001	contig1506	Genus species strain strain.	T3PKS.NRPS	PKS-NRP_Hybrids	Genus species Unclassified.	
GCA_004959765.1_contig23.region001	contig23	Genus species strain strain.	transAT-PKS.PKS-like.NRPS	PKS-NRP_Hybrids	Genus species Unclassified.	
GCA_005780245.1_contig03.region001	contig03	Genus species strain strain.	T1PKS.NRPS	PKS-NRP_Hybrids	Genus species Unclassified.	
GCA_006383075.2_contig03.region001	contig03	Genus species strain strain.	T1PKS.NRPS	PKS-NRP_Hybrids	Genus species Unclassified.	
GCA_006491595.2_contig05.region002	contig05	Genus species strain strain.	T1PKS.NRPS	PKS-NRP_Hybrids	Genus species Unclassified.	
GCA_006829085.1_contig24.region001	contig24	Genus species strain strain.	T1PKS.NRPS-like	PKS-NRP_Hybrids	Genus species Unclassified.	
GCA_007097365.1_contig22.region001	contig22	Genus species strain strain.	T1PKS.NRPS	PKS-NRP_Hybrids	Genus species Unclassified.	
GCA_007097385.1_contig09.region001	contig09	Genus species strain strain.	T1PKS.NRPS	PKS-NRP_Hybrids	Genus species Unclassified.	
GCA_007097385.1_contig17.region001	contig17	Genus species strain strain.	T1PKS.NRPS	PKS-NRP_Hybrids	Genus species Unclassified.	
GCA_007109265.1_contig213.region001	contig213	Genus species strain strain.	T1PKS.NRPS	PKS-NRP_Hybrids	Genus species Unclassified.	
GCA_007489275.1_contig246.region001	contig246	Genus species strain strain.	T1PKS.NRPS	PKS-NRP_Hybrids	Genus species Unclassified.	
GCA_007997385.1_contig32.region001	contig32	Genus species strain strain.	T1PKS.NRPS	PKS-NRP_Hybrids	Genus species Unclassified.	
GCA_008124785.1_contig04.region002	contig04	Genus species strain strain.	T1PKS.NRPS	PKS-NRP_Hybrids	Genus species Unclassified.	
GCA_008370685.1_contig024.region001	contig024	Genus species strain strain.	T1PKS.NRPS	PKS-NRP_Hybrids	Genus species Unclassified.	
GCA_008370685.1_contig240.region001	contig240	Genus species strain strain.	T1PKS.NRPS	PKS-NRP_Hybrids	Genus species Unclassified.	
GCA_008370685.1_contig242.region001	contig242	Genus species strain strain.	T1PKS.NRPS	PKS-NRP_Hybrids	Genus species Unclassified.	
GCA_008806755.1_contig30.region001	contig30	Genus species strain strain.	T1PKS.NRPS	PKS-NRP_Hybrids	Genus species Unclassified.	
GCA_009649685.1_contig08.region001	contig08	Genus species strain strain.	T1PKS.NRPS	PKS-NRP_Hybrids	Genus species Unclassified.	
GCA_009707955.1_contig21.region001	contig21	Genus species strain strain.	T1PKS.NRPS	PKS-NRP_Hybrids	Genus species Unclassified.	
GCA_009707955.1_contig25.region001	contig25	Genus species strain strain.	T1PKS.NRPS	PKS-NRP_Hybrids	Genus species Unclassified.	
GCA_009711165.1_contig001.region002	contig001	Genus species strain strain.	NRPS-like.T1PKS	PKS-NRP_Hybrids	Genus species Unclassified.	
GCA_009711165.1_contig046.region001	contig046	Genus species strain strain.	T1PKS.NRPS	PKS-NRP_Hybrids	Genus species Unclassified.	
GCA_009746565.1_contig36.region001	contig36	Genus species strain strain.	T1PKS.NRPS	PKS-NRP_Hybrids	Genus species Unclassified.	
GCA_009796825.1_contig1.region002	contig1	Genus species strain strain.	T1PKS.NRPS	PKS-NRP_Hybrids	Genus species Unclassified.	
GCA_009807485.1_contig22.region001	contig22	Genus species strain strain.	T1PKS.NRPS	PKS-NRP_Hybrids	Genus species Unclassified.	
GCA_009830375.1_contig21.region001	contig21	Genus species strain strain.	T1PKS.NRPS	PKS-NRP_Hybrids	Genus species Unclassified.	
GCA_009900745.1_contig56.region001	contig56	Genus species strain strain.	NRPS-like.T3PKS.transAT-PKS.transAT-PKS-like.PKS-like	PKS-NRP_Hybrids	Genus species Unclassified.	
GCA_009901525.1_contig1.region001	contig1	Genus species strain strain.	T1PKS.NRPS	PKS-NRP_Hybrids	Genus species Unclassified.	
GCA_009901575.1_contig08.region001	contig08	Genus species strain strain.	T1PKS.NRPS	PKS-NRP_Hybrids	Genus species Unclassified.	
GCA_010993815.1_contig2.region002	contig2	Genus species strain strain.	T1PKS.NRPS	PKS-NRP_Hybrids	Genus species Unclassified.	
GCA_011751075.1_contig057.region001	contig057	Genus species strain strain.	T1PKS.NRPS	PKS-NRP_Hybrids	Genus species Unclassified.	
GCA_011751075.1_contig256.region001	contig256	Genus species strain strain.	T1PKS.NRPS	PKS-NRP_Hybrids	Genus species Unclassified.	
GCA_012272815.1_contig2.region001	contig2	Genus species strain strain.	T1PKS.NRPS	PKS-NRP_Hybrids	Genus species Unclassified.	
GCA_012927325.1_contig34.region001	contig34	Genus species strain strain.	transAT-PKS.PKS-like.NRPS	PKS-NRP_Hybrids	Genus species Unclassified.	
GCA_013184525.1_contig05.region003	contig05	Genus species strain strain.	T1PKS.NRPS	PKS-NRP_Hybrids	Genus species Unclassified.	
GCA_013365535.1_contig1.region004	contig1	Genus species strain strain.	T1PKS.NRPS	PKS-NRP_Hybrids	Genus species Unclassified.	
GCA_013373485.1_contig62.region001	contig62	Genus species strain strain.	T1PKS.NRPS	PKS-NRP_Hybrids	Genus species Unclassified.	
GCA_013393195.1_contig23.region001	contig23	Genus species strain strain.	T1PKS.NRPS	PKS-NRP_Hybrids	Genus species Unclassified.	
GCA_013394675.1_contig1.region002	contig1	Genus species strain strain.	T1PKS.NRPS	PKS-NRP_Hybrids	Genus species Unclassified.	
GCA_013403865.1_contig44.region001	contig44	Genus species strain strain.	T1PKS.NRPS	PKS-NRP_Hybrids	Genus species Unclassified.	
GCA_013403915.1_contig94.region001	contig94	Genus species strain strain.	T1PKS.NRPS	PKS-NRP_Hybrids	Genus species Unclassified.	
GCA_013403925.1_contig53.region001	contig53	Genus species strain strain.	T1PKS.NRPS	PKS-NRP_Hybrids	Genus species Unclassified.	
GCA_013403985.1_contig22.region001	contig22	Genus species strain strain.	T1PKS.NRPS	PKS-NRP_Hybrids	Genus species Unclassified.	
GCA_013404085.1_contig1.region001	contig1	Genus species strain strain.	T1PKS.NRPS	PKS-NRP_Hybrids	Genus species Unclassified.	
GCA_014062315.1_contig01.region001	contig01	Genus species strain strain.	T1PKS.NRPS	PKS-NRP_Hybrids	Genus species Unclassified.	
GCA_014204385.1_contig03.region001	contig03	Genus species strain strain.	T1PKS.NRPS	PKS-NRP_Hybrids	Genus species Unclassified.	
GCA_014207905.1_contig03.region001	contig03	Genus species strain strain.	T1PKS.NRPS	PKS-NRP_Hybrids	Genus species Unclassified.	
GCA_014284085.1_contig07.region001	contig07	Genus species strain strain.	T1PKS.NRPS	PKS-NRP_Hybrids	Genus species Unclassified.	
GCA_014297365.1_contig07.region001	contig07	Genus species strain strain.	T1PKS.NRPS	PKS-NRP_Hybrids	Genus species Unclassified.	
GCA_900099685.1_contig23.region001	contig23	Genus species strain strain.	T1PKS.NRPS	PKS-NRP_Hybrids	Genus species Unclassified.	
GCA_900099995.1_contig20.region001	contig20	Genus species strain strain.	T1PKS.NRPS	PKS-NRP_Hybrids	Genus species Unclassified.	
GCA_900105105.1_contig1.region003	contig1	Genus species strain strain.	T1PKS.NRPS	PKS-NRP_Hybrids	Genus species Unclassified.	
GCA_900105425.1_contig1.region002	contig1	Genus species strain strain.	T1PKS.NRPS	PKS-NRP_Hybrids	Genus species Unclassified.	
GCA_900105545.1_contig2.region002	contig2	Genus species strain strain.	T1PKS.NRPS	PKS-NRP_Hybrids	Genus species Unclassified.	
GCA_900109345.1_contig20.region001	contig20	Genus species strain strain.	T1PKS.NRPS	PKS-NRP_Hybrids	Genus species Unclassified.	
GCA_900110335.1_contig07.region001	contig07	Genus species strain strain.	T1PKS.NRPS	PKS-NRP_Hybrids	Genus species Unclassified.	
GCA_900110335.1_contig16.region001	contig16	Genus species strain strain.	T1PKS.NRPS	PKS-NRP_Hybrids	Genus species Unclassified.	
GCA_900112245.1_contig9.region002	contig9	Genus species strain strain.	T1PKS.NRPS	PKS-NRP_Hybrids	Genus species Unclassified.	
GCA_900112395.1_contig29.region001	contig29	Genus species strain strain.	T1PKS.NRPS	PKS-NRP_Hybrids	Genus species Unclassified.	
GCA_900112575.1_contig09.region001	contig09	Genus species strain strain.	T1PKS.NRPS	PKS-NRP_Hybrids	Genus species Unclassified.	
GCA_900114085.1_contig28.region001	contig28	Genus species strain strain.	T3PKS.NRPS	PKS-NRP_Hybrids	Genus species Unclassified.	
GCA_900129555.1_contig08.region001	contig08	Genus species strain strain.	T1PKS.NRPS	PKS-NRP_Hybrids	Genus species Unclassified.	
GCA_900129575.1_contig13.region001	contig13	Genus species strain strain.	T1PKS.NRPS	PKS-NRP_Hybrids	Genus species Unclassified.	
GCA_900129585.1_contig26.region001	contig26	Genus species strain strain.	T1PKS.NRPS	PKS-NRP_Hybrids	Genus species Unclassified.	
GCA_900129795.1_contig15.region001	contig15	Genus species strain strain.	T1PKS.NRPS	PKS-NRP_Hybrids	Genus species Unclassified.	
GCA_900129795.1_contig17.region001	contig17	Genus species strain strain.	T1PKS.NRPS	PKS-NRP_Hybrids	Genus species Unclassified.	
GCA_900141785.1_contig23.region001	contig23	Genus species strain strain.	T1PKS.NRPS	PKS-NRP_Hybrids	Genus species Unclassified.	
GCA_900142175.1_contig02.region002	contig02	Genus species strain strain.	T1PKS.NRPS	PKS-NRP_Hybrids	Genus species Unclassified.	
GCA_900142685.1_contig19.region001	contig19	Genus species strain strain.	T1PKS.NRPS	PKS-NRP_Hybrids	Genus species Unclassified.	
GCA_900142715.1_contig03.region001	contig03	Genus species strain strain.	T1PKS.NRPS	PKS-NRP_Hybrids	Genus species Unclassified.	
GCA_900142715.1_contig06.region001	contig06	Genus species strain strain.	T1PKS.NRPS	PKS-NRP_Hybrids	Genus species Unclassified.	
GCA_900142735.1_contig09.region002	contig09	Genus species strain strain.	T1PKS.NRPS	PKS-NRP_Hybrids	Genus species Unclassified.	
GCA_900155985.1_contig10.region001	contig10	Genus species strain strain.	T1PKS.NRPS	PKS-NRP_Hybrids	Genus species Unclassified.	
GCA_900156825.1_contig29.region001	contig29	Genus species strain strain.	T1PKS.NRPS	PKS-NRP_Hybrids	Genus species Unclassified.	
GCA_900182655.1_contig08.region001	contig08	Genus species strain strain.	T1PKS.NRPS	PKS-NRP_Hybrids	Genus species Unclassified.	
GCA_900188275.1_contig15.region001	contig15	Genus species strain strain.	T1PKS.NRPS	PKS-NRP_Hybrids	Genus species Unclassified.	
GCA_900299475.1_contig104.region001	contig104	Genus species strain strain.	T1PKS.NRPS	PKS-NRP_Hybrids	Genus species Unclassified.	
GCA_900299505.1_contig07.region001	contig07	Genus species strain strain.	T1PKS.NRPS	PKS-NRP_Hybrids	Genus species Unclassified.	
GCA_900299525.1_contig04.region001	contig04	Genus species strain strain.	T1PKS.NRPS	PKS-NRP_Hybrids	Genus species Unclassified.	
GCA_900299535.1_contig23.region001	contig23	Genus species strain strain.	T1PKS.NRPS	PKS-NRP_Hybrids	Genus species Unclassified.	
GCA_900312735.1_contig03.region001	contig03	Genus species strain strain.	T1PKS.NRPS	PKS-NRP_Hybrids	Genus species Unclassified.	
GCA_900450525.1_contig4.region001	contig4	Genus species strain strain.	T1PKS.NRPS	PKS-NRP_Hybrids	Genus species Unclassified.	
GCA_902167265.1_contig1.region007	contig1	Genus species strain strain.	T1PKS.NRPS	PKS-NRP_Hybrids	Genus species Unclassified.	
GCA_902167275.1_contig4.region007	contig4	Genus species strain strain.	T1PKS.NRPS	PKS-NRP_Hybrids	Genus species Unclassified.	
GCA_902167285.2_contig2.region006	contig2	Genus species strain strain.	T1PKS.NRPS	PKS-NRP_Hybrids	Genus species Unclassified.	
GCA_902168145.1_contig06.region001	contig06	Genus species strain strain.	T1PKS.NRPS	PKS-NRP_Hybrids	Genus species Unclassified.	
GCA_902506265.1_contig54.region001	contig54	Genus species strain strain.	T1PKS.NRPS	PKS-NRP_Hybrids	Genus species Unclassified.	
GCA_902506355.1_contig1.region002	contig1	Genus species strain strain.	T1PKS.NRPS	PKS-NRP_Hybrids	Genus species Unclassified.	
GCA_902728265.1_contig022.region001	contig022	Genus species strain strain.	T1PKS.NRPS	PKS-NRP_Hybrids	Genus species Unclassified.	
GCA_902804485.1_contig066.region001	contig066	Genus species strain strain.	T1PKS.NRPS	PKS-NRP_Hybrids	Genus species Unclassified.	
GCA_902804485.1_contig159.region001	contig159	Genus species strain strain.	T1PKS.NRPS	PKS-NRP_Hybrids	Genus species Unclassified.	
GCA_903819335.1_contig47.region001	contig47	Genus species strain strain.	T1PKS.NRPS	PKS-NRP_Hybrids	Genus species Unclassified.	
GCA_903819335.1_contig49.region001	contig49	Genus species strain strain.	T1PKS.NRPS	PKS-NRP_Hybrids	Genus species Unclassified.	
