#BGC Name	Family Number
GCA_000171875.1_contig5.region002	1858
GCA_000332115.1_contig1.region001	2008
GCA_000335775.1_contig04.region001	2017
GCA_001853485.1_contig22.region001	2017
GCA_002217445.1_contig19.region001	2017
GCA_002217475.1_contig016.region001	2017
GCA_000335775.1_contig09.region001	2020
GCA_000430665.1_contig003.region001	2182
GCA_000520955.1_contig032.region001	2292
GCA_000744105.1_contig1.region002	2494
GCA_000744275.1_contig5.region005	2503
GCA_000744275.1_contig7.region001	2504
GCA_000799465.1_contig1.region001	2694
GCA_000826655.1_contig024.region001	2797
GCA_000943555.1_contig19.region001	2850
GCA_000943565.1_contig15.region001	2853
GCA_001005305.1_contig34.region001	2902
GCA_001005315.1_contig156.region001	2912
GCA_001020565.1_contig1.region001	2929
GCA_000737715.1_contig27.region001	2984
GCA_001045465.1_contig11.region001	2984
GCA_001401755.1_contig05.region002	3044
GCA_001404985.1_contig15.region001	3094
GCA_001422725.1_contig08.region001	3094
GCA_001975985.1_contig03.region001	3094
GCA_000688315.1_contig2.region001	3167
GCA_001447995.1_contig01.region003	3167
GCA_001865655.1_contig1.region002	3167
GCA_004364165.1_contig01.region002	3167
GCA_900105105.1_contig1.region003	3167
GCA_900112245.1_contig9.region002	3167
GCA_001529295.1_contig34.region001	3235
GCA_001686925.1_contig21.region001	3420
GCA_002222045.1_contig035.region001	3420
GCA_003633595.1_contig04.region001	3420
GCA_001747085.1_contig07.region001	3461
GCA_001936575.1_contig007.region001	3577
GCA_002216065.1_contig1.region001	3946
GCA_002217285.1_contig021.region001	3974
GCA_002295505.1_contig078.region001	4148
GCA_002325035.1_contig16.region001	4148
GCA_002362375.1_contig18.region001	4148
GCA_002388445.1_contig27.region001	4148
GCA_002435115.1_contig02.region001	4148
GCA_002700155.1_contig1.region002	4148
GCA_900105545.1_contig2.region002	4148
GCA_900142175.1_contig02.region002	4148
GCA_902506355.1_contig1.region002	4148
GCA_000832125.1_contig16.region001	4196
GCA_002217285.1_contig024.region002	4196
GCA_002217315.1_contig06.region001	4196
GCA_002304005.1_contig12.region001	4196
GCA_002482975.1_contig14.region001	4196
GCA_003254625.1_contig41.region001	4196
GCA_003312915.1_contig1.region005	4196
GCA_004366435.1_contig02.region001	4196
GCA_014207905.1_contig03.region001	4196
GCA_900129555.1_contig08.region001	4196
GCA_900142735.1_contig09.region002	4196
GCA_900450525.1_contig4.region001	4196
GCA_000423005.1_contig15.region001	4604
GCA_002426755.1_contig32.region001	4604
GCA_002426835.1_contig082.region001	4608
GCA_009746565.1_contig36.region001	4608
GCA_002699205.1_contig51.region001	4932
GCA_002711455.1_contig08.region001	4932
GCA_002700005.1_contig0447.region001	4935
GCA_003387615.1_contig02.region001	4935
GCA_003867015.1_contig1.region005	4935
GCA_003937815.1_contig18.region001	4935
GCA_002733415.1_contig93.region001	5071
GCA_002742365.1_contig18.region001	5096
GCA_002754245.1_contig1.region003	5120
GCA_002846555.1_contig1.region002	5274
GCA_002895435.1_contig03.region001	5317
GCA_002895435.1_contig37.region001	5323
GCA_002920895.1_contig19.region001	5394
GCA_002924285.1_contig002.region001	5396
GCA_003054265.1_contig04.region001	5559
GCA_003061345.1_contig0885.region001	5587
GCA_001275605.1_contig02.region001	5610
GCA_002210235.1_contig24.region001	5610
GCA_003070725.1_contig189.region001	5610
GCA_903819335.1_contig47.region001	5610
GCA_003076455.1_contig1.region002	5617
GCA_003217215.1_contig02.region001	5738
GCA_003208535.1_contig18.region001	5748
GCA_003217415.1_contig20.region001	5748
GCA_004341805.1_contig20.region001	5748
GCA_003254015.1_contig10.region001	5795
GCA_003258355.1_contig076.region001	5833
GCA_001678675.1_contig027.region001	5837
GCA_003259265.1_contig05.region001	5837
GCA_003337305.1_contig02.region001	5917
GCA_003352465.1_contig1.region006	5941
GCA_003352465.1_contig1.region010	5945
GCA_003385115.1_contig01.region002	5974
GCA_003385115.1_contig16.region001	5978
GCA_003443675.1_contig1.region005	6106
GCA_003626865.1_contig089.region001	6106
GCA_003633785.1_contig1.region006	6382
GCA_003687485.1_contig1.region002	6450
GCA_003709475.1_contig14.region006	6496
GCA_003755145.1_contig01.region005	6573
GCA_003812705.1_contig1.region004	6596
GCA_003852675.1_contig65.region001	6746
GCA_004104075.1_contig28.region001	6919
GCA_004115975.1_contig40.region001	6929
GCA_004139715.1_contig1.region003	6986
GCA_004328055.1_contig10.region001	7062
GCA_004341235.1_contig03.region001	7102
GCA_004349355.1_contig24.region001	7159
GCA_004349355.1_contig36.region001	7162
GCA_004355225.1_contig1.region003	7170
GCA_004362055.1_contig10.region001	7186
GCA_004345565.1_contig09.region001	7256
GCA_004369705.1_contig1506.region001	7256
GCA_004959765.1_contig23.region001	7327
GCA_005780245.1_contig03.region001	7352
GCA_006383075.2_contig03.region001	7416
GCA_006491595.2_contig05.region002	7450
GCA_006829085.1_contig24.region001	7529
GCA_007097365.1_contig22.region001	7561
GCA_007109265.1_contig213.region001	7561
GCA_007097385.1_contig09.region001	7563
GCA_007097385.1_contig17.region001	7566
GCA_007997385.1_contig32.region001	7755
GCA_008124785.1_contig04.region002	7799
GCA_008370685.1_contig024.region001	7841
GCA_008370685.1_contig240.region001	7859
GCA_008370685.1_contig242.region001	7861
GCA_008806755.1_contig30.region001	7914
GCA_009649685.1_contig08.region001	8001
GCA_009707955.1_contig21.region001	8059
GCA_009707955.1_contig25.region001	8059
GCA_902506265.1_contig54.region001	8059
GCA_009711165.1_contig001.region002	8068
GCA_009711165.1_contig046.region001	8076
GCA_000764755.1_contig40.region001	8149
GCA_004368925.1_contig04.region001	8149
GCA_009796825.1_contig1.region002	8149
GCA_009807485.1_contig22.region001	8149
GCA_009830375.1_contig21.region001	8149
GCA_900112395.1_contig29.region001	8149
GCA_003755145.1_contig06.region001	8220
GCA_009900745.1_contig56.region001	8220
GCA_009901525.1_contig1.region001	8221
GCA_009901575.1_contig08.region001	8235
GCA_010993815.1_contig2.region002	8349
GCA_011751075.1_contig057.region001	8496
GCA_001027725.1_contig02.region001	8506
GCA_011751075.1_contig256.region001	8506
GCA_012272815.1_contig2.region001	8554
GCA_003385515.1_contig14.region001	8599
GCA_003755145.1_contig02.region003	8599
GCA_012927325.1_contig34.region001	8599
GCA_013184525.1_contig05.region003	8733
GCA_013365535.1_contig1.region004	8818
GCA_013373485.1_contig62.region001	8831
GCA_013403865.1_contig44.region001	8897
GCA_013403925.1_contig53.region001	8903
GCA_013403985.1_contig22.region001	8912
GCA_013394675.1_contig1.region002	8924
GCA_013404085.1_contig1.region001	8924
GCA_014062315.1_contig01.region001	8963
GCA_014284085.1_contig07.region001	9552
GCA_014297365.1_contig07.region001	9552
GCA_900099685.1_contig23.region001	9658
GCA_900099995.1_contig20.region001	9669
GCA_000427335.1_contig057.region001	9755
GCA_003386275.1_contig02.region001	9755
GCA_003387355.1_contig02.region001	9755
GCA_013403915.1_contig94.region001	9755
GCA_900105425.1_contig1.region002	9755
GCA_900109345.1_contig20.region001	9831
GCA_001428525.1_contig10.region002	9847
GCA_001429295.1_contig08.region002	9847
GCA_900110335.1_contig07.region001	9847
GCA_900129795.1_contig15.region001	9847
GCA_900114085.1_contig28.region001	9925
GCA_900129575.1_contig13.region001	10042
GCA_900129585.1_contig26.region001	10048
GCA_003996965.1_contig066.region001	10085
GCA_900110335.1_contig16.region001	10085
GCA_900129795.1_contig17.region001	10085
GCA_903819335.1_contig49.region001	10085
GCA_900141785.1_contig23.region001	10106
GCA_001602525.1_contig18.region001	10172
GCA_900142685.1_contig19.region001	10172
GCA_002217365.1_contig28.region001	10180
GCA_900142715.1_contig03.region001	10180
GCA_001422725.1_contig13.region001	10185
GCA_002217365.1_contig01.region001	10185
GCA_900142715.1_contig06.region001	10185
GCA_003075045.1_contig05.region001	10236
GCA_900155985.1_contig10.region001	10236
GCA_900156825.1_contig29.region001	10290
GCA_900182655.1_contig08.region001	10392
GCA_900188275.1_contig15.region001	10511
GCA_900299475.1_contig104.region001	10556
GCA_900299525.1_contig04.region001	10556
GCA_900299505.1_contig07.region001	10575
GCA_900299535.1_contig23.region001	10594
GCA_007489275.1_contig246.region001	10603
GCA_900312735.1_contig03.region001	10603
GCA_003122385.1_contig1.region007	10927
GCA_013393195.1_contig23.region001	10927
GCA_014204385.1_contig03.region001	10927
GCA_900112575.1_contig09.region001	10927
GCA_902167265.1_contig1.region007	10927
GCA_902167275.1_contig4.region007	10927
GCA_902167285.2_contig2.region006	10927
GCA_902168145.1_contig06.region001	10927
GCA_902728265.1_contig022.region001	11020
GCA_902804485.1_contig066.region001	11080
GCA_902804485.1_contig159.region001	11087
