#BGC Name	Family Number
GCA_000153485.2_contig1.region004	1848
GCA_000430845.1_contig17.region001	2209
GCA_000797465.1_contig55.region001	2642
GCA_000973105.1_contig1.region001	2888
GCA_001648155.1_contig1.region004	3351
GCA_003815655.1_contig1.region005	3351
GCA_900114875.1_contig10.region001	3351
GCA_002222055.1_contig074.region001	4066
GCA_003148525.1_contig03.region001	4066
GCA_002401385.1_contig54.region001	4534
GCA_002754195.1_contig1.region002	5108
GCA_002836055.1_contig320.region001	5251
GCA_003248465.1_contig0143.region001	5777
GCA_003248465.1_contig0368.region001	5780
GCA_003725735.1_contig012.region001	6517
GCA_003725735.1_contig018.region001	6519
GCA_003725735.1_contig089.region001	6526
GCA_000829375.1_contig1.region010	6649
GCA_002899945.2_contig12.region002	6649
GCA_003384725.1_contig20.region001	6649
GCA_003815715.1_contig1.region006	6649
GCA_003815735.1_contig1.region001	6649
GCA_009900745.1_contig03.region001	6649
GCA_900637665.1_contig1.region003	6649
GCA_004119445.1_contig043.region001	6942
GCA_004339525.1_contig1.region006	7098
GCA_004349315.1_contig17.region001	7154
GCA_006829085.1_contig01.region001	7518
GCA_006974145.1_contig1.region003	7534
GCA_000212355.1_contig1.region003	7629
GCA_000355805.1_contig1.region003	7629
GCA_000621125.1_contig01.region001	7629
GCA_003095655.1_contig1.region004	7629
GCA_007827285.1_contig1.region003	7629
GCA_008974325.1_contig01.region002	7923
GCA_009797885.1_contig61.region001	8146
GCA_013001935.1_contig371.region001	8634
GCA_013184525.1_contig02.region001	8727
GCA_013365535.1_contig1.region001	8815
GCA_008386485.1_contig31.region002	9055
GCA_014218785.1_contig02.region001	9055
GCA_014218825.1_contig44.region002	9055
GCA_014218885.1_contig64.region001	9055
GCA_000695795.1_contig32.region001	9941
GCA_000800075.1_contig09.region002	9941
GCA_001563495.1_contig01.region003	9941
GCA_002754245.1_contig1.region009	9941
GCA_003290185.1_contig03.region001	9941
GCA_003385495.1_contig04.region001	9941
GCA_003520985.1_contig11.region001	9941
GCA_007991435.1_contig05.region001	9941
GCA_012927325.1_contig45.region001	9941
GCA_900115055.1_contig07.region003	9941
GCA_900128945.1_contig02.region002	9941
GCA_900129105.1_contig13.region001	9941
GCA_900142615.1_contig07.region001	10158
GCA_900142445.1_contig05.region001	10346
GCA_900169075.1_contig4.region006	10346
GCA_902804485.1_contig064.region001	11079
GCA_902804485.1_contig125.region001	11084
GCA_903819435.1_contig082.region002	11107
