Assembly accession,ORFs,CAZymes,Peptidases
GCA_002431085.1,2758,47,
GCA_002302445.1,2226,65,
GCA_014075215.1,4465,52,
GCA_900186555.1,2294,56,
GCA_001670625.1,1980,38,
GCA_002441475.1,2202,29,
GCA_004843725.1,3814,75,
GCA_002964965.1,2297,34,
GCA_000511935.2,3274,120,
GCA_000688335.1,3644,129,
GCA_000260835.1,2709,70,
GCA_902804475.1,4884,214,
GCA_002954665.1,3467,99,
GCA_000801695.1,2225,53,
GCA_900447295.1,3474,61,
GCA_001420285.1,3443,92,
GCA_000496035.1,3838,110,
GCA_000943565.1,3383,145,
GCA_000981625.1,2085,52,
GCA_003813905.1,3102,113,
GCA_003860565.1,2541,62,
GCA_007097385.1,4172,91,
GCA_002846575.1,3295,62,
GCA_013394735.1,2453,92,
GCA_003610695.1,3348,114,
GCA_007991415.1,4603,104,
GCA_001677395.1,2709,61,
GCA_013404085.1,3928,110,
GCA_008244555.1,3551,111,
GCA_003386275.1,3723,112,
GCA_002163675.1,3440,163,
GCA_003449615.1,2651,60,
GCA_002843175.1,3591,185,
GCA_000568425.1,3471,98,
GCA_900110615.1,2545,54,
GCA_002733915.1,3015,56,
GCA_003385415.1,3953,85,
GCA_014219495.1,3442,66,
GCA_000425485.1,3401,51,
GCA_000383355.1,2318,53,
GCA_004119455.1,4750,87,
GCA_014219145.1,3863,108,
GCA_004010055.1,2802,50,
GCA_001280515.1,3120,116,
GCA_002909255.1,4544,155,
GCA_000611675.1,3161,97,
GCA_001027945.1,3159,30,
GCA_009796865.1,3325,106,
GCA_002346855.1,1658,36,
GCA_002747695.1,1250,18,
GCA_002379965.1,3740,138,
GCA_002895005.1,2777,62,
GCA_002770945.1,2773,52,
GCA_009886265.1,1332,37,
GCA_900489835.1,3497,66,
GCA_001898245.1,3550,49,
GCA_900168265.1,3015,83,
GCA_013204145.1,1691,39,
GCA_011762485.1,3767,126,
GCA_002340745.1,1571,37,
GCA_014220445.1,4338,94,
GCA_001421435.1,3964,119,
GCA_011525065.1,1313,23,
GCA_013284035.1,3768,159,
GCA_014220655.1,4403,94,
GCA_004122145.1,2962,75,
GCA_013426055.1,2737,52,
GCA_000827575.1,2538,66,
GCA_008040165.1,3558,102,
GCA_005885635.1,4454,126,
GCA_013978575.1,2419,42,
GCA_002796265.1,1800,37,
GCA_004959765.1,3071,56,
GCA_006265225.1,3352,198,
GCA_001529295.1,3324,99,
GCA_013393195.1,5149,279,
GCA_000745185.1,4015,112,
GCA_902499555.1,3854,111,
GCA_900610185.1,2392,56,
GCA_009799805.1,2614,31,
GCA_002333005.1,2851,50,
GCA_004345565.1,4857,236,
GCA_000422705.1,3471,107,
GCA_007050985.1,2864,77,
GCA_001510875.1,2549,56,
GCA_002023665.2,3748,107,
GCA_002296255.1,2887,66,
GCA_000799375.1,4515,115,
GCA_003413745.1,3004,46,
GCA_000769935.1,4048,139,
GCA_001761365.1,3296,149,
GCA_000764795.1,4138,143,
GCA_003201365.1,4042,90,
GCA_002780665.1,2251,47,
GCA_002364135.1,3042,48,
GCA_006777745.1,2423,57,
GCA_000764815.1,3624,67,
GCA_000335775.1,4282,104,
GCA_009789235.1,4312,219,
GCA_011524915.1,1812,44,
GCA_002430455.1,1192,22,
GCA_009830375.1,3849,192,
GCA_000297875.1,3739,34,
GCA_001483385.1,2482,28,
GCA_001670765.2,2445,35,
GCA_002338705.1,3096,56,
GCA_001507325.1,3713,94,
GCA_014204385.1,4728,231,
GCA_000971645.2,2500,56,
GCA_006159205.1,3934,107,
GCA_902526805.1,1498,51,
GCA_002695265.1,1582,33,
GCA_011601185.1,3956,100,
GCA_003634825.1,2526,88,
GCA_003241955.1,3622,61,
GCA_003867015.1,3175,36,
GCA_900099915.1,3278,81,
GCA_003008435.1,2834,69,
GCA_003384725.1,4260,87,
GCA_009495755.1,2496,65,
GCA_002378465.1,2846,53,
GCA_009670965.1,1929,37,
GCA_014219235.1,3745,107,
GCA_000498515.1,2691,51,
GCA_002363835.1,2844,47,
GCA_004364175.1,3759,108,
GCA_003447455.1,3529,44,
GCA_002211465.1,4523,203,
GCA_001648155.1,4368,114,
GCA_000278705.1,4612,224,
GCA_002477625.1,1393,18,
GCA_000626715.1,4965,87,
GCA_013002065.1,2584,59,
GCA_000827655.1,2294,80,
GCA_900109375.1,4680,130,
GCA_900129755.1,4298,110,
GCA_014303495.1,3137,88,
GCA_001678675.1,3997,103,
GCA_900446705.1,2612,96,
GCA_001596175.2,3561,104,
GCA_013391805.1,3245,89,
GCA_001544435.1,4495,92,
GCA_003129485.1,2980,121,
GCA_002302395.1,2766,82,
GCA_009697265.1,3890,103,
GCA_003385395.1,3575,92,
GCA_900108955.1,2846,52,
GCA_008629655.1,3203,32,
GCA_902705425.1,3007,42,
GCA_003634455.1,3345,71,
GCA_009932355.1,2020,35,
GCA_002023385.1,3871,115,
GCA_900299465.1,1334,29,
GCA_014220895.1,5031,92,
GCA_900610045.1,2416,56,
GCA_010671595.1,2998,70,
GCA_902705395.1,3045,37,
GCA_003054025.1,2344,66,
GCA_003687725.1,2694,42,
GCA_900156975.1,3450,90,
GCA_002022085.1,3898,113,
GCA_013214065.1,3287,70,
GCA_013001145.1,2435,65,
GCA_014219985.1,4346,94,
GCA_002784145.1,2677,73,
GCA_002697885.1,2628,94,
GCA_000218485.2,3566,117,
GCA_014218945.1,4167,86,
GCA_002383165.1,2664,66,
GCA_008124555.1,4002,112,
GCA_900453765.1,3727,36,
GCA_000735105.1,3959,96,
GCA_013042345.1,2191,44,
GCA_001280505.1,3576,155,
GCA_003386855.1,4659,225,
GCA_003055625.1,2996,87,
GCA_004362015.1,4292,196,
GCA_012522185.1,2457,43,
GCA_903819445.1,4604,247,
GCA_000355905.1,2975,65,
GCA_900092065.1,3775,108,
GCA_004213965.1,953,18,
GCA_900108395.1,2829,30,
GCA_006539785.1,3162,83,
GCA_000423005.1,3840,143,
GCA_000186265.1,4280,132,
GCA_007997205.1,4255,91,
GCA_000769435.1,2866,84,
GCA_000744495.1,4078,133,
GCA_003312915.1,4117,194,
GCA_004363695.1,2514,55,
GCA_000429545.1,4103,142,
GCA_003433355.1,2394,55,
GCA_000832125.1,4502,205,
GCA_003095375.1,3121,43,
GCA_013403955.1,3648,118,
GCA_002700465.1,1094,23,
GCA_004364165.1,3843,121,
GCA_009690765.1,2084,43,
GCA_004293045.1,1533,40,
GCA_013003655.1,1771,34,
GCA_013457195.1,2497,55,
GCA_000152985.1,3662,156,
GCA_002375625.1,2597,41,
GCA_900129445.1,3469,109,
GCA_001686925.1,4998,232,
GCA_002979755.1,4505,98,
GCA_001670695.1,1915,38,
GCA_001278825.1,2232,85,
GCA_002428305.1,2698,66,
GCA_900610335.1,2328,49,
GCA_003443675.1,5073,156,
GCA_900141955.1,3074,44,
GCA_002480405.1,3750,83,
GCA_900187185.1,2626,66,
GCA_900112115.1,2980,65,
GCA_003253545.1,2851,42,
GCA_900142685.1,5172,198,
GCA_002433505.1,3091,150,
GCA_003515005.1,4427,103,
GCA_006714895.1,3195,81,
GCA_900186405.1,2409,56,
GCA_008000935.1,3670,95,
GCA_014145665.1,3047,31,
GCA_012959395.1,1358,36,
GCA_009834475.1,3592,50,
GCA_002023715.1,3761,115,
GCA_002899825.2,4629,106,
GCA_013001285.1,2551,63,
GCA_013042315.1,2679,64,
GCA_002023515.1,3858,106,
GCA_013376415.1,3365,93,
GCA_012273575.1,3368,62,
GCA_009994075.1,2525,69,
GCA_000827715.1,2294,72,
GCA_007994155.1,2747,79,
GCA_014202225.1,3559,201,
GCA_000967805.1,3595,53,
GCA_002836595.1,4083,42,
GCA_002483315.1,2583,56,
GCA_002893765.1,3648,187,
GCA_002217195.1,4931,209,
GCA_000799335.1,4635,111,
GCA_002843925.1,3750,108,
GCA_000064305.2,2505,56,
GCA_006175945.1,4607,78,
GCA_002478375.1,2914,43,
GCA_002217395.1,4233,175,
GCA_900129585.1,3196,74,
GCA_002023335.1,4046,113,
GCA_000735205.1,3581,110,
GCA_002453055.1,2495,51,
GCA_002023365.1,3994,109,
GCA_013366395.1,3575,100,
GCA_003565575.1,2197,55,
GCA_003497625.1,2388,48,
GCA_002707025.1,2826,57,
GCA_009495795.1,2660,60,
GCA_900610305.1,2132,46,
GCA_900186785.1,2375,55,
GCA_002699605.1,1752,37,
GCA_003795085.1,2363,63,
GCA_003433335.1,2383,55,
GCA_014305215.1,2957,73,
GCA_003510655.1,3217,113,
GCA_004799345.1,3067,85,
GCA_900186415.1,2358,56,
GCA_013403865.1,3518,96,
GCA_002452975.1,3215,77,
GCA_013394655.1,3994,122,
GCA_000379185.1,2297,80,
GCA_900157035.1,3791,103,
GCA_013043005.1,2025,49,
GCA_900142565.1,3111,54,
GCA_001027725.1,4299,113,
GCA_009690645.1,2106,46,
GCA_003550275.1,2982,95,
GCA_009753805.1,3672,88,
GCA_000496015.1,3942,106,
GCA_004801375.1,3524,46,
GCA_003001695.1,4098,85,
GCA_900610025.1,2416,56,
GCA_009827835.1,1990,30,
GCA_003634755.1,2946,69,
GCA_014305155.1,3622,88,
GCA_003815955.1,4688,106,
GCA_003812705.1,4853,99,
GCA_001602525.1,5035,197,
GCA_003148385.1,3279,88,
GCA_014219455.1,3849,108,
GCA_000775755.1,3250,132,
GCA_000766805.1,2604,86,
GCA_002023475.1,4119,108,
GCA_013041785.1,2243,52,
GCA_001464475.1,3208,85,
GCA_000024125.1,3111,90,
GCA_002887275.1,3465,103,
GCA_004378585.1,3141,129,
GCA_013343195.3,2463,56,
GCA_013389595.1,3227,36,
GCA_900119185.1,4222,171,
GCA_009915155.1,2576,63,
GCA_004785645.1,3444,44,
GCA_001403755.1,2379,45,
GCA_014219285.1,3836,108,
GCA_004337635.1,3482,33,
GCA_002072105.2,3120,135,
GCA_000520995.1,5405,88,
GCA_014305175.1,3624,88,
GCA_900239495.1,2461,27,
GCA_001045435.1,2946,65,
GCA_002024805.1,4134,111,
GCA_900186685.1,2465,56,
GCA_003516285.1,2973,70,
GCA_002383055.1,3490,197,
GCA_003852675.1,3071,33,
GCA_003626845.1,4494,130,
GCA_000382125.1,3485,93,
GCA_004023655.1,2944,39,
GCA_004137745.1,4496,107,
GCA_004119495.1,4189,185,
GCA_003076475.1,3815,105,
GCA_900114265.1,3662,158,
GCA_000755265.1,3638,61,
GCA_002238525.1,2460,44,
GCA_002686575.1,3332,74,
GCA_900109935.1,4036,111,
GCA_002204825.1,2647,59,
GCA_000799565.1,3502,77,
GCA_002943105.1,2602,62,
GCA_014204235.1,3805,76,
GCA_003260205.1,3188,90,
GCA_001438125.1,1727,38,
GCA_014220515.1,4330,94,
GCA_001951155.1,3553,179,
GCA_000422685.1,3109,65,
GCA_014220345.1,4352,94,
GCA_004634245.1,4293,227,
GCA_003626865.1,4947,153,
GCA_002698895.1,4165,197,
GCA_014220165.1,4361,95,
GCA_000518525.1,3176,85,
GCA_012273615.1,3771,86,
GCA_001481655.1,4026,41,
GCA_004362055.1,4495,209,
GCA_000833025.1,3572,33,
GCA_003476385.1,1386,27,
GCA_014218785.1,4912,107,
GCA_001670805.1,1927,34,
GCA_900610135.1,2326,50,
GCA_006385255.1,3644,63,
GCA_001482795.1,3697,108,
GCA_001447995.1,3790,125,
GCA_002023055.1,3463,103,
GCA_002302515.1,2189,75,
GCA_002470765.1,1685,34,
GCA_002702895.1,1712,36,
GCA_014220005.1,4345,94,
GCA_002400885.1,2339,53,
GCA_009735585.1,3085,88,
GCA_011784885.1,2571,70,
GCA_002702875.1,1574,37,
GCA_003860545.1,2360,67,
GCA_002162685.1,3321,82,
GCA_008386485.1,4645,95,
GCA_002721175.1,1472,43,
GCA_001670685.1,1923,34,
GCA_003143755.1,2945,110,
GCA_001297705.1,5012,115,
GCA_900156575.1,4410,102,
GCA_900110605.1,3825,95,
GCA_001641185.1,2789,67,
GCA_000820645.1,4387,112,
GCA_900610155.1,2413,55,
GCA_900112595.1,3140,127,
GCA_007097345.1,3472,125,
GCA_003712125.1,2840,65,
GCA_005780245.1,3633,103,
GCA_002222045.1,4965,232,
GCA_003968825.1,2837,69,
GCA_012963555.1,2475,49,
GCA_001680885.1,3306,149,
GCA_003350545.1,2742,79,
GCA_012932585.1,3609,103,
GCA_902167265.1,5225,272,
GCA_900198195.1,4037,102,
GCA_002023205.1,4101,111,
GCA_003008415.2,2716,67,
GCA_014220115.1,4337,94,
GCA_004362865.1,2929,83,
GCA_900156735.1,4739,96,
GCA_003507755.1,1745,17,
GCA_014207845.1,3801,76,
GCA_009923175.1,2614,46,
GCA_004010225.1,3115,63,
GCA_900610345.1,2352,56,
GCA_013403985.1,3463,103,
GCA_002251775.1,2917,63,
GCA_013042625.1,2509,60,
GCA_013333505.2,1701,30,
GCA_002454195.1,2231,60,
GCA_014220375.1,4348,94,
GCA_014220575.1,4348,94,
GCA_013276255.1,2408,70,
GCA_002453895.1,2708,53,
GCA_002715085.1,3460,83,
GCA_009828155.1,1971,29,
GCA_004122105.1,2756,73,
GCA_002023325.1,3744,114,
GCA_014219905.1,3752,111,
GCA_902705275.1,2783,39,
GCA_002311535.1,3585,144,
GCA_007830385.1,2845,51,
GCA_002399805.1,4394,210,
GCA_002162835.1,2684,71,
GCA_900618225.1,3256,57,
GCA_001045465.1,4552,97,
GCA_002430445.1,1319,27,
GCA_001747085.1,3966,128,
GCA_902705525.1,3201,42,
GCA_900129575.1,2901,74,
GCA_002684355.1,1402,41,
GCA_001685485.1,3733,188,
GCA_011050085.1,4757,146,
GCA_002169865.1,952,29,
GCA_014239615.1,1151,19,
GCA_003815995.1,4611,87,
GCA_900610235.1,2442,54,
GCA_001005305.1,3528,78,
GCA_002302495.1,2525,82,
GCA_003815915.1,3901,91,
GCA_002697465.1,836,13,
GCA_000189415.1,2116,48,
GCA_002367645.1,1530,36,
GCA_002790195.1,2404,68,
GCA_001653755.1,2881,84,
GCA_011392115.1,2626,62,
GCA_003610735.1,2660,27,
GCA_000746315.1,4082,133,
GCA_009663455.1,2176,36,
GCA_900169075.1,4341,81,
GCA_002297465.1,1077,19,
GCA_014138495.1,3408,71,
GCA_004214315.1,1278,28,
GCA_000744105.1,3853,101,
GCA_011882165.1,3300,117,
GCA_000242095.1,3612,37,
GCA_012927265.1,3891,126,
GCA_011392125.1,2857,74,
GCA_000826645.1,3281,76,
GCA_013042245.1,2376,45,
GCA_900188235.1,3383,191,
GCA_000468595.1,3976,129,
GCA_001874145.1,2766,79,
GCA_002163855.1,2760,70,
GCA_003476275.1,2573,51,
GCA_003312425.1,3222,89,
GCA_002403935.1,2239,98,
GCA_013001365.1,2529,55,
GCA_000744555.1,4362,194,
GCA_002391865.1,2671,56,
GCA_002426835.1,2580,75,
GCA_000831225.1,2391,55,
GCA_000333355.1,3800,107,
GCA_903969135.1,4736,115,
GCA_002705485.1,1473,21,
GCA_900106865.1,2758,69,
GCA_009360585.1,3725,112,
GCA_902705385.1,3085,40,
GCA_003526165.1,2002,37,
GCA_900610205.1,2416,56,
GCA_013401995.1,3575,100,
GCA_900447425.1,4056,114,
GCA_013333305.2,1185,38,
GCA_002429685.1,5169,89,
GCA_900141665.1,2155,45,
GCA_009827225.1,2990,61,
GCA_900683405.1,4551,96,
GCA_900610085.1,2375,57,
GCA_002430205.1,1605,37,
GCA_002683495.1,2967,48,
GCA_902506345.1,3122,122,
GCA_002425465.1,3126,51,
GCA_001874325.1,2348,41,
GCA_012272815.1,3278,87,
GCA_002793215.1,2189,49,
GCA_007827465.1,2600,58,
GCA_002728855.1,1468,32,
GCA_003290185.1,4446,122,
GCA_014219425.1,3708,106,
GCA_003970695.1,3521,97,
GCA_000060345.1,3446,114,
GCA_002895435.1,5012,97,
GCA_900130045.1,3412,171,
GCA_003006795.1,7062,97,
GCA_000754405.1,2349,57,
GCA_900445675.1,2389,35,
GCA_003217215.1,2996,68,
GCA_900129275.1,4559,186,
GCA_011316665.1,2956,55,
GCA_004341235.1,3983,221,
GCA_900114005.1,3171,74,
GCA_000318315.2,2318,91,
GCA_900100075.1,4581,83,
GCA_002784685.1,2763,80,
GCA_011007495.1,3004,33,
GCA_900176425.1,2951,64,
GCA_011082725.1,1997,30,
GCA_003533785.1,1402,29,
GCA_002893085.1,4101,85,
GCA_002476825.1,4320,93,
GCA_003449565.1,3703,37,
GCA_002888615.1,3673,105,
GCA_900186945.1,2010,38,
GCA_009735695.1,3592,112,
GCA_002167435.2,3971,84,
GCA_000799195.1,4247,129,
GCA_001809725.1,2112,46,
GCA_002814055.1,3472,192,
GCA_006778585.1,2445,57,
GCA_001045455.1,3724,94,
GCA_003331885.1,839,16,
GCA_900112395.1,3920,199,
GCA_002726175.1,2674,54,
GCA_014220605.1,4347,94,
GCA_002415015.1,3009,60,
GCA_008367275.1,4276,154,
GCA_012911565.1,3291,102,
GCA_003729935.1,4369,90,
GCA_000834715.1,4832,253,
GCA_002754315.1,3242,109,
GCA_900099675.1,2532,31,
GCA_013373105.1,2207,58,
GCA_007845635.1,2339,28,
GCA_001521735.1,3927,107,
GCA_003054265.1,4051,84,
GCA_000747685.1,3634,74,
GCA_003513625.1,3240,65,
GCA_000827735.1,2342,81,
GCA_001418085.1,3329,65,
GCA_900299525.1,5154,99,
GCA_002746415.1,3437,111,
GCA_002806995.1,2979,117,
GCA_007097295.1,3551,119,
GCA_000258765.1,3038,66,
GCA_000689455.1,3663,107,
GCA_000246945.2,2983,33,
GCA_900182655.1,4605,127,
GCA_014219345.1,3705,106,
GCA_014219395.1,3771,107,
GCA_008124875.1,2942,67,
GCA_006539745.1,3474,254,
GCA_001549985.1,3572,35,
GCA_002197835.1,2578,77,
GCA_006065315.1,4399,214,
GCA_002364405.1,2968,101,
GCA_003504555.1,2496,20,
GCA_002023425.1,3526,108,
GCA_900489465.1,3227,55,
GCA_009800945.1,1916,40,
GCA_002698705.1,1610,51,
GCA_900089075.1,2329,40,
GCA_014486675.1,3113,60,
GCA_900129105.1,5026,96,
GCA_011316575.1,2958,55,
GCA_004797125.1,2637,77,
GCA_011050015.1,3182,102,
GCA_900130035.1,2757,191,
GCA_000477035.2,4000,136,
GCA_002296885.1,2134,46,
GCA_012032075.1,4385,62,
GCA_002294105.1,2563,53,
GCA_003024155.1,3849,200,
GCA_900610385.1,2643,58,
GCA_900609985.1,2378,55,
GCA_009690665.1,1925,34,
GCA_000224085.1,3473,83,
GCA_009371985.2,4049,114,
GCA_001889045.1,2710,48,
GCA_002078605.1,2934,93,
GCA_002150255.1,2486,56,
GCA_001580475.1,2831,68,
GCA_001995115.1,2844,64,
GCA_900186375.1,2395,56,
GCA_002352205.1,3260,91,
GCA_900111025.1,2965,134,
GCA_000430645.1,5540,165,
GCA_002943715.1,4022,81,
GCA_008386635.1,3780,104,
GCA_002482975.1,5156,245,
GCA_009807485.1,3849,192,
GCA_900188415.1,3695,128,
GCA_012911605.1,2661,69,
GCA_903819335.1,4760,243,
GCA_002354475.1,2615,60,
GCA_902167275.1,5242,273,
GCA_001401755.1,4811,67,
GCA_003455795.1,1835,21,
GCA_002389535.1,1349,31,
GCA_900108015.1,3073,80,
GCA_002483285.1,3070,77,
GCA_000283015.1,2962,117,
GCA_002364385.1,3200,108,
GCA_002439125.1,2901,57,
GCA_004332155.1,3188,85,
GCA_014219885.1,3740,111,
GCA_000455605.1,2736,62,
GCA_004762155.1,4026,76,
GCA_002340755.1,1392,35,
GCA_000423405.1,2933,73,
GCA_003968735.1,2944,89,
GCA_004369705.1,5101,237,
GCA_002204845.1,2725,65,
GCA_001831475.1,2654,51,
GCA_000169355.1,2543,64,
GCA_003663945.1,2823,72,
GCA_004010215.1,2790,65,
GCA_000426465.1,3745,115,
GCA_000518405.1,2764,30,
GCA_000295655.1,2170,45,
GCA_014218905.1,4253,106,
GCA_002691265.1,1264,25,
GCA_002414705.1,3094,60,
GCA_001670725.1,2067,38,
GCA_002429865.1,2913,44,
GCA_900186445.1,2480,57,
GCA_001865655.1,3773,124,
GCA_900446845.1,3900,91,
GCA_902506175.1,4295,85,
GCA_002476905.1,2470,50,
GCA_003971235.1,4557,108,
GCA_001887135.1,2641,56,
GCA_007991455.1,4155,136,
GCA_900156145.1,3886,90,
GCA_014062315.1,3957,125,
GCA_013403915.1,3458,113,
GCA_010993855.1,3990,109,
GCA_003385595.1,4089,104,
GCA_013372885.1,1634,41,
GCA_013874595.1,2786,32,
GCA_900129545.1,3483,32,
GCA_011068285.1,4246,85,
GCA_001761325.1,3030,106,
GCA_003970375.1,2875,72,
GCA_003730015.1,2775,52,
GCA_004214015.1,781,10,
GCA_002514735.1,3812,106,
GCA_000695795.1,3175,224,
GCA_000827695.1,2092,74,
GCA_001684975.1,4433,84,
GCA_002733415.1,3172,40,
GCA_902506265.1,3742,100,
GCA_002836475.1,2942,62,
GCA_000171875.1,3413,93,
GCA_007474535.1,3484,92,
GCA_009797025.1,4519,121,
GCA_900116665.1,3702,159,
GCA_005144745.1,3193,105,
GCA_002453005.1,3775,207,
GCA_003148665.1,4463,182,
GCA_902705515.1,3018,42,
GCA_002172435.2,1502,28,
GCA_014220045.1,5444,94,
GCA_003815935.1,4540,95,
GCA_002310515.1,3778,107,
GCA_009725985.1,4186,178,
GCA_001516145.1,2855,57,
GCA_900610265.1,2433,53,
GCA_013821805.1,2491,63,
GCA_014377455.1,3055,74,
GCA_003454375.1,1981,62,
GCA_000252125.2,3411,96,
GCA_900142175.1,3983,121,
GCA_003054225.1,3249,99,
GCA_002022025.1,3679,112,
GCA_002421645.1,1295,16,
GCA_002204895.1,2990,55,
GCA_002167525.1,1646,34,
GCA_000211855.3,2977,77,
GCA_002390125.1,1401,30,
GCA_002836085.1,3090,73,
GCA_004303025.1,3960,108,
GCA_014451095.1,5367,60,
GCA_001045445.1,4000,93,
GCA_014220885.1,3743,109,
GCA_001280865.1,2764,69,
GCA_000423045.1,2981,101,
GCA_001556235.1,3973,117,
GCA_002315415.1,4823,87,
GCA_003626835.1,5149,160,
GCA_002690095.1,3283,119,
GCA_003525065.1,2732,106,
GCA_003712105.1,2895,67,
GCA_009741375.1,3519,85,
GCA_009835005.1,2424,40,
GCA_003957295.1,4152,180,
GCA_900111965.1,2362,46,
GCA_001672305.1,3136,118,
GCA_003688495.1,2902,61,
GCA_004355225.1,3536,198,
GCA_002846555.1,5234,98,
GCA_011391075.1,1850,65,
GCA_007109225.1,2750,62,
GCA_002384055.1,1656,39,
GCA_900538225.1,1749,47,
GCA_900142035.1,2880,54,
GCA_013001085.1,2159,39,
GCA_002433125.1,3742,101,
GCA_900538215.1,1712,45,
GCA_012524075.1,3004,115,
GCA_003992595.1,3857,88,
GCA_002388845.1,2946,45,
GCA_007997285.1,3261,118,
GCA_000737685.1,4768,215,
GCA_012837155.1,3811,62,
GCA_900142715.1,4668,237,
GCA_006383075.2,4124,77,
GCA_004349315.1,3242,100,
GCA_900446825.1,5537,104,
GCA_001051075.1,2219,34,
GCA_013213975.1,2837,70,
GCA_003457445.1,2503,43,
GCA_003815655.1,4293,113,
GCA_002171475.2,1790,40,
GCA_000805695.1,3414,68,
GCA_002403645.1,2869,56,
GCA_002302615.1,2204,70,
GCA_002747735.1,1031,38,
GCA_003511625.1,3062,48,
GCA_010671605.1,3825,78,
GCA_002022045.1,3834,110,
GCA_002471745.1,2529,106,
GCA_003815975.1,4840,108,
GCA_900215465.1,3913,114,
GCA_002813915.1,3670,76,
GCA_002729755.1,1060,20,
GCA_013090115.1,3432,124,
GCA_009663555.1,1993,37,
GCA_014219635.1,3647,104,
GCA_003484045.1,2364,39,
GCA_006385095.1,2098,45,
GCA_002280815.1,3677,194,
GCA_001975665.1,3490,192,
GCA_002390905.1,4292,96,
GCA_003094695.1,4595,112,
GCA_003815755.1,5032,98,
GCA_002023585.1,3497,104,
GCA_002807015.1,2218,31,
GCA_003634105.1,3351,140,
GCA_013403975.1,3154,83,
GCA_900636535.1,5193,114,
GCA_001439205.1,1300,22,
GCA_001563495.1,4553,87,
GCA_900129245.1,4485,124,
GCA_012269955.1,1260,27,
GCA_002217355.1,4016,169,
GCA_002277995.2,3730,111,
GCA_008086205.1,3080,57,
GCA_001677935.1,4241,85,
GCA_900610175.1,2420,55,
GCA_004213645.1,966,20,
GCA_002470905.1,1238,29,
GCA_000016645.1,5192,244,
GCA_002390585.1,1478,30,
GCA_900239305.1,2337,27,
GCA_900186595.1,2260,54,
GCA_900610015.1,2424,56,
GCA_002388405.1,2694,44,
GCA_900638435.1,2221,60,
GCA_000708595.2,3930,187,
GCA_900143245.1,3243,81,
GCA_002401215.1,1955,35,
GCA_002979665.1,4504,98,
GCA_013911645.1,3603,81,
GCA_002422095.1,2272,36,
GCA_002708845.1,3650,184,
GCA_009995125.1,2899,76,
GCA_003487925.1,2854,34,
GCA_900107595.1,2458,39,
GCA_013343175.2,2488,56,
GCA_002389235.1,1348,21,
GCA_002700405.1,1039,25,
GCA_900197635.1,3331,98,
GCA_013410675.1,4197,99,
GCA_000757385.1,3173,82,
GCA_900186475.1,2270,55,
GCA_004341805.1,5190,236,
GCA_007991435.1,4439,122,
GCA_900446675.1,2569,45,
GCA_014220795.1,3725,107,
GCA_003529725.1,963,27,
GCA_008369745.1,4623,225,
GCA_000769825.1,3968,147,
GCA_002177115.1,3984,109,
GCA_011305415.1,3079,54,
GCA_000745535.1,4713,104,
GCA_009707955.1,5054,195,
GCA_003318185.1,3660,50,
GCA_002170965.1,1102,29,
GCA_002306185.1,2727,48,
GCA_002120265.1,3557,178,
GCA_000733475.1,2430,45,
GCA_900099685.1,3458,131,
GCA_000495935.2,4039,106,
GCA_013184525.1,4108,129,
GCA_000498475.1,2875,51,
GCA_013488205.1,3442,66,
GCA_000271925.1,2170,80,
GCA_900106825.1,3350,91,
GCA_004310335.1,3518,145,
GCA_900312745.1,5381,90,
GCA_014218885.1,4921,107,
GCA_002693685.1,3836,171,
GCA_002781025.1,2729,56,
GCA_009865665.1,3494,106,
GCA_900609975.1,2502,56,
GCA_002782505.1,2261,44,
GCA_900107625.1,2836,45,
GCA_009693635.1,1588,40,
GCA_003248465.1,3770,96,
GCA_000621125.1,4286,102,
GCA_003331305.1,1366,36,
GCA_900445655.1,2114,32,
GCA_009764275.1,3620,105,
GCA_002472905.1,4374,95,
GCA_013002225.1,2779,66,
GCA_001438245.1,1283,22,
GCA_000764755.1,4556,179,
GCA_000737695.1,5031,100,
GCA_009796805.1,3906,166,
GCA_002023465.1,3601,106,
GCA_011379025.1,3342,119,
GCA_006716585.1,3318,84,
GCA_900116415.1,4008,113,
GCA_009184425.1,3615,87,
GCA_001618505.2,3484,104,
GCA_900142695.1,3252,78,
GCA_002413745.1,3506,200,
GCA_002713495.1,1550,28,
GCA_002836055.1,3403,66,
GCA_002694765.1,2739,52,
GCA_000764835.1,5561,183,
GCA_900107365.1,4566,221,
GCA_002415175.1,2986,55,
GCA_002429285.1,3793,216,
GCA_004282915.1,2058,51,
GCA_900446695.1,2742,83,
GCA_900114875.1,4267,105,
GCA_003097535.1,2973,92,
GCA_900018365.1,2092,31,
GCA_002964915.1,1960,29,
GCA_002749285.1,1888,59,
GCA_002365095.1,2647,51,
GCA_003076455.1,3811,186,
GCA_003815635.1,4021,117,
GCA_900113975.1,4437,90,
GCA_001670865.1,1932,38,
GCA_900186455.1,2590,55,
GCA_003259375.1,4373,158,
GCA_003852415.1,4824,96,
GCA_002862715.1,1240,34,
GCA_009764715.1,3322,79,
GCA_900107635.1,3807,97,
GCA_002695445.1,1640,52,
GCA_000799515.1,3692,86,
GCA_900543775.1,3517,63,
GCA_902705265.1,2823,40,
GCA_014220275.1,4350,94,
GCA_900176315.1,4422,89,
GCA_010031465.1,1745,40,
GCA_009909155.2,3601,231,
GCA_900156625.1,4457,204,
GCA_014220245.1,4427,96,
GCA_001867305.1,3799,110,
GCA_002295505.1,3967,104,
GCA_009690775.1,2138,45,
GCA_902728265.1,3664,90,
GCA_002217335.1,5027,102,
GCA_000183985.1,2202,86,
GCA_002428965.1,3348,152,
GCA_009767705.1,3076,28,
GCA_011378975.1,4360,154,
GCA_002453085.1,3315,146,
GCA_014077645.1,3967,126,
GCA_002480545.1,2917,71,
GCA_003232435.1,3831,67,
GCA_900186825.1,2277,57,
GCA_000411115.1,2500,44,
GCA_009792295.1,3285,28,
GCA_002388445.1,4087,101,
GCA_900610125.1,2376,57,
GCA_000301075.1,2114,32,
GCA_013285155.1,3706,97,
GCA_013003585.1,2185,45,
GCA_000737775.1,3826,106,
GCA_009827735.1,1998,32,
GCA_002979455.1,4658,95,
GCA_000277585.1,2195,88,
GCA_900239505.1,2160,28,
GCA_900142785.1,4663,107,
GCA_000425505.1,3146,72,
GCA_013001275.1,2426,75,
GCA_002338325.1,4312,108,
GCA_014219385.1,3853,108,
GCA_001051975.1,3326,94,
GCA_002631855.1,3147,49,
GCA_002843945.1,3734,108,
GCA_006346335.1,2858,53,
GCA_000243275.1,3785,35,
GCA_000687915.1,3699,157,
GCA_000224335.2,3008,47,
GCA_900129035.1,2313,44,
GCA_011777505.1,2888,64,
GCA_002320855.1,3967,143,
GCA_002714815.1,2205,46,
GCA_003730065.1,2441,63,
GCA_002294145.1,2760,57,
GCA_002782485.1,2839,80,
GCA_001800945.1,1794,41,
GCA_003520985.1,4664,93,
GCA_003020585.1,4133,84,
GCA_000468575.1,4076,149,
GCA_002204815.1,2949,60,
GCA_011378915.1,3656,186,
GCA_003268855.1,2546,58,
GCA_001020565.1,3532,98,
GCA_002900225.1,4289,188,
GCA_000799645.1,4638,86,
GCA_900155985.1,3892,109,
GCA_001662485.1,2814,84,
GCA_013042825.1,2135,65,
GCA_014219135.1,3852,108,
GCA_005885675.1,2797,65,
GCA_014220465.1,4428,96,
GCA_000190595.1,3299,98,
GCA_011524815.1,1142,20,
GCA_009870135.1,3681,112,
GCA_001853425.1,3667,105,
GCA_002705625.1,1075,20,
GCA_002302535.1,2196,72,
GCA_003483305.1,1958,38,
GCA_001439665.1,3625,178,
GCA_000971685.2,2445,56,
GCA_900115315.1,2396,87,
GCA_005869935.1,3001,85,
GCA_000686885.1,2941,54,
GCA_001675285.1,3998,111,
GCA_003455775.1,4756,76,
GCA_002414725.1,2922,54,
GCA_009664855.1,5070,245,
GCA_002995695.1,3827,108,
GCA_008386505.1,4442,113,
GCA_003105115.1,4415,207,
GCA_006778345.1,2394,55,
GCA_000769835.1,2733,46,
GCA_900142775.1,3504,254,
GCA_003860585.1,2978,50,
GCA_001280435.1,3317,142,
GCA_002452945.1,3528,128,
GCA_002482945.1,3255,72,
GCA_001642835.1,3273,100,
GCA_003269425.1,3375,103,
GCA_001971745.1,2824,83,
GCA_014218815.1,4348,94,
GCA_902705565.1,3012,41,
GCA_001673755.1,3695,100,
GCA_002708445.1,1439,20,
GCA_002426785.1,2210,48,
GCA_002530675.1,2718,63,
GCA_000971575.2,2494,56,
GCA_003634615.1,3359,73,
GCA_900129005.1,4055,198,
GCA_011316565.1,2955,55,
GCA_003057865.1,3356,86,
GCA_007997295.1,3275,75,
GCA_001999725.1,3334,98,
GCA_011526275.1,1521,25,
GCA_002833385.1,3002,83,
GCA_003246205.1,2157,63,
GCA_001428525.1,4709,238,
GCA_002862755.1,3331,90,
GCA_010468565.1,3522,77,
GCA_010119125.1,1413,19,
GCA_014219745.1,3647,112,
GCA_002384605.1,2733,51,
GCA_013373485.1,2939,32,
GCA_001853405.1,3496,106,
GCA_001641405.1,3747,43,
GCA_013283775.1,3633,95,
GCA_004366715.1,2862,86,
GCA_900101855.1,4532,241,
GCA_002943655.1,4399,102,
GCA_003944795.1,2509,57,
GCA_009832745.1,2966,128,
GCA_002389405.1,1479,27,
GCA_002453015.1,2605,46,
GCA_011762155.1,3071,166,
GCA_009995145.1,2714,84,
GCA_003584135.1,3891,98,
GCA_003443635.1,3043,53,
GCA_900638245.1,3027,65,
GCA_000447375.1,3637,104,
GCA_000952855.1,3067,55,
GCA_000769445.1,4329,112,
GCA_014156605.1,3116,80,
GCA_900683625.1,3414,81,
GCA_002696985.1,3524,103,
GCA_900129405.1,2760,66,
GCA_007997075.1,3274,110,
GCA_002217245.1,2750,64,
GCA_002390665.1,1334,33,
GCA_002120225.1,2920,43,
GCA_900299485.1,5305,95,
GCA_006386525.1,3188,232,
GCA_900460495.1,2112,47,
GCA_009995175.1,2808,50,
GCA_002457075.1,809,12,
GCA_013249065.1,3386,123,
GCA_000265465.1,2330,74,
GCA_000737785.1,4351,107,
GCA_002716225.1,2705,62,
GCA_007827365.1,3221,80,
GCA_003014895.1,3865,108,
GCA_013139515.1,2538,53,
GCA_002171295.2,1249,38,
GCA_003070725.1,4597,231,
GCA_002441545.1,3409,84,
GCA_002966125.1,2871,81,
GCA_002899945.2,5091,96,
GCA_002022125.1,3842,109,
GCA_013276225.1,2204,73,
GCA_900115055.1,4753,95,
GCA_002023135.1,3778,110,
GCA_007923165.1,5148,111,
GCA_003966335.1,2607,58,
GCA_003254585.1,4482,196,
GCA_004211875.1,1593,35,
GCA_001718075.1,3667,105,
GCA_000963865.1,3048,68,
GCA_900446855.1,4520,83,
GCA_902168145.1,5184,273,
GCA_005771495.1,4360,107,
GCA_000689515.1,3688,108,
GCA_009901575.1,3591,69,
GCA_002862805.1,2524,34,
GCA_004104045.1,3318,171,
GCA_002477585.1,1398,30,
GCA_900186805.1,2382,55,
GCA_003858535.1,2902,36,
GCA_900450525.1,4499,201,
GCA_001637325.1,3043,53,
GCA_008692195.1,3598,119,
GCA_002831665.1,3245,80,
GCA_004916905.1,4193,94,
GCA_009711045.1,3064,31,
GCA_003973375.1,1727,61,
GCA_900113805.1,2828,92,
GCA_003208535.1,5191,236,
GCA_001800975.1,3154,84,
GCA_001761465.1,3544,265,
GCA_013213835.1,3165,92,
GCA_007997375.1,3636,66,
GCA_014220565.1,4348,94,
GCA_002716005.1,3228,112,
GCA_003688345.1,4658,225,
GCA_013214815.1,2816,67,
GCA_902705375.1,2791,39,
GCA_001637185.1,3254,81,
GCA_004151245.1,3400,88,
GCA_002738605.1,3870,109,
GCA_900186565.1,2447,56,
GCA_900114945.1,3164,97,
GCA_900101765.1,2911,94,
GCA_900157015.1,4206,107,
GCA_013402795.1,3627,81,
GCA_900186345.1,2407,55,
GCA_003386195.1,2972,136,
GCA_001686945.1,2471,50,
GCA_002204835.1,3019,57,
GCA_900156015.1,4148,91,
GCA_900239185.1,2587,24,
GCA_000971735.2,2435,56,
GCA_900129665.1,3513,93,
GCA_900142615.1,4207,99,
GCA_002325485.1,3005,51,
GCA_900105135.1,2820,104,
GCA_000729985.1,2846,57,
GCA_003260195.1,4100,265,
GCA_002314375.1,4346,95,
GCA_900111075.1,3545,84,
GCA_001975575.1,3251,139,
GCA_003353425.1,3024,56,
GCA_011049845.1,3096,85,
GCA_001800925.1,2437,53,
GCA_014219225.1,3844,108,
GCA_000982575.1,3629,105,
GCA_002951395.1,3657,113,
GCA_900618145.1,2270,89,
GCA_002382825.1,1405,31,
GCA_002117125.1,3141,85,
GCA_002320285.1,2926,35,
GCA_003709475.1,3588,85,
GCA_010365135.1,3136,149,
GCA_014219765.1,3804,115,
GCA_013394595.1,3938,132,
GCA_003476525.1,1654,34,
GCA_000801635.1,2830,55,
GCA_001936575.1,4629,120,
GCA_004119415.1,5040,86,
GCA_000240075.2,2724,63,
GCA_006716485.1,4637,116,
GCA_000495995.1,4025,106,
GCA_002710605.1,2574,46,
GCA_011316625.1,2801,65,
GCA_003932955.1,2520,70,
GCA_900186515.1,2270,53,
GCA_002293985.1,2877,45,
GCA_001424105.1,3975,109,
GCA_002376925.1,1594,43,
GCA_009865695.1,3727,103,
GCA_001418015.1,3530,80,
GCA_014239275.1,1469,31,
GCA_900188355.1,3384,164,
GCA_014220695.1,4598,94,
GCA_013042925.1,2630,55,
GCA_002217405.1,2323,57,
GCA_002221975.1,5197,244,
GCA_900106565.1,3456,184,
GCA_002916795.1,2982,56,
GCA_004104115.1,3727,172,
GCA_002384715.1,1317,30,
GCA_008329705.1,4029,128,
GCA_002023405.1,3755,106,
GCA_002023765.1,3992,106,
GCA_001521745.1,3942,106,
GCA_900446865.1,4565,92,
GCA_900186365.1,2518,57,
GCA_012272855.1,3731,129,
GCA_002954355.1,2764,68,
GCA_010993815.1,3680,119,
GCA_000300875.1,3130,120,
GCA_002703065.1,940,16,
GCA_013042715.1,2246,56,
GCA_002216065.1,4432,103,
GCA_002421065.1,4706,95,
GCA_003815855.1,5227,101,
GCA_002364255.1,4572,169,
GCA_007923145.1,5421,122,
GCA_001873105.1,2328,54,
GCA_000733945.1,3527,144,
GCA_014270105.1,3398,133,
GCA_002017935.1,4906,256,
GCA_003633595.1,4876,229,
GCA_014042165.1,2563,57,
GCA_013294005.1,3500,99,
GCA_900129745.1,2810,67,
GCA_002017945.1,3488,98,
GCA_900129385.1,3749,127,
GCA_001424585.1,3111,87,
GCA_002325685.1,3211,129,
GCA_002705385.1,1272,20,
GCA_000495955.1,4023,106,
GCA_010906935.1,2915,83,
GCA_004363005.1,3105,32,
GCA_000403785.1,3243,82,
GCA_013404055.1,3561,105,
GCA_000023725.1,2511,91,
GCA_002304765.1,3676,128,
GCA_014219105.1,3726,107,
GCA_009360815.1,3415,116,
GCA_001677955.1,4264,86,
GCA_013042255.1,1815,33,
GCA_004151235.1,4442,241,
GCA_900610245.1,2413,55,
GCA_009690655.1,1920,40,
GCA_003217415.1,5187,236,
GCA_002699265.1,1949,37,
GCA_008329825.1,5046,239,
GCA_003008425.1,2629,65,
GCA_003426875.1,2968,131,
GCA_001865835.1,3555,44,
GCA_004119445.1,4701,97,
GCA_002365615.1,3080,55,
GCA_002256285.1,3326,100,
GCA_003984665.1,2239,28,
GCA_003984825.1,2915,65,
GCA_002340165.1,4841,97,
GCA_002943675.1,3076,82,
GCA_002384895.1,2975,52,
GCA_000332115.1,3456,92,
GCA_900141855.1,4187,184,
GCA_002807055.1,3094,145,
GCA_004349355.1,3859,259,
GCA_902804485.1,4703,111,
GCA_000378485.1,3966,149,
GCA_011526365.1,1726,33,
GCA_002714865.1,2632,49,
GCA_002171575.2,1229,13,
GCA_014238425.1,3373,62,
GCA_003433315.1,2395,55,
GCA_009904105.1,2345,35,
GCA_001632745.1,5303,170,
GCA_000520835.1,4309,90,
GCA_009914665.1,1855,28,
GCA_002382495.1,1828,42,
GCA_003815715.1,4769,90,
GCA_003815615.1,3954,116,
GCA_001670875.1,1926,39,
GCA_004104055.1,3789,180,
GCA_000378765.1,2774,52,
GCA_004295795.1,3847,118,
GCA_003425985.1,4023,251,
GCA_011526285.1,1789,32,
GCA_009725995.1,4295,163,
GCA_002414635.1,2930,56,
GCA_007845595.1,2210,31,
GCA_900109075.1,3703,36,
GCA_002294465.1,3584,106,
GCA_011526265.1,1937,27,
GCA_009674815.1,4267,223,
GCA_003692615.1,2440,58,
GCA_002455915.1,3548,97,
GCA_002390455.1,1603,58,
GCA_002954605.1,3384,123,
GCA_013294075.1,3790,104,
GCA_902705345.1,2991,39,
GCA_003337215.1,2619,57,
GCA_900106795.1,3082,44,
GCA_002964975.1,2514,33,
GCA_003391035.1,4373,91,
GCA_013042425.1,1694,35,
GCA_007830355.1,3059,80,
GCA_900115145.1,3313,95,
GCA_000425305.1,3577,65,
GCA_001021975.1,4151,86,
GCA_900156945.1,3645,97,
GCA_900156995.1,3497,110,
GCA_014220635.1,5462,94,
GCA_900103215.1,4986,205,
GCA_900101925.1,2313,57,
GCA_002833365.1,3709,193,
GCA_013042685.1,2311,64,
GCA_009663485.1,2370,33,
GCA_002294525.1,4684,111,
GCA_003585975.1,2300,72,
GCA_009926065.1,1795,45,
GCA_004213605.1,1297,24,
GCA_900115115.1,3342,32,
GCA_013043175.1,2365,47,
GCA_003455905.1,4182,90,
GCA_013394615.1,3922,132,
GCA_900092085.1,3797,110,
GCA_004634195.1,2741,65,
GCA_002364245.1,1702,26,
GCA_003664185.1,3150,34,
GCA_002303885.1,4685,215,
GCA_002741945.1,3397,133,
GCA_003931895.1,2599,69,
GCA_014397245.1,4476,155,
GCA_000430845.1,4030,119,
GCA_002732565.1,1144,17,
GCA_003385455.1,4626,104,
GCA_002700155.1,3870,125,
GCA_003337305.1,3180,92,
GCA_009663585.1,2271,33,
GCA_000426145.1,4529,211,
GCA_014212065.1,2899,54,
GCA_003096035.1,3600,94,
GCA_011952225.1,3086,29,
GCA_001005315.1,4714,76,
GCA_003387355.1,3336,108,
GCA_902705285.1,2942,40,
GCA_004745595.1,3145,45,
GCA_009826975.1,4431,236,
GCA_003254745.1,3742,146,
GCA_900186525.1,2415,56,
GCA_900105455.1,4655,80,
GCA_003815835.1,4226,115,
GCA_002336225.1,1213,22,
GCA_000737705.1,4393,95,
GCA_003812605.1,4360,95,
GCA_007993795.1,3134,88,
GCA_001077795.1,2053,38,
GCA_002023235.2,3805,115,
GCA_009363055.1,2832,46,
GCA_902705555.1,3088,38,
GCA_000192225.1,2335,44,
GCA_002453775.1,3263,70,
GCA_013373635.1,2234,53,
GCA_000766795.1,3448,106,
GCA_010078225.1,2730,66,
GCA_900239455.1,2359,27,
GCA_001899155.1,3484,64,
GCA_010119235.1,3044,58,
GCA_009711135.1,4464,212,
GCA_000745775.1,4527,217,
GCA_004151365.1,2963,79,
GCA_002711185.1,1709,33,
GCA_002323395.1,3703,119,
GCA_002719535.1,3123,64,
GCA_008501705.1,2854,64,
GCA_900106645.1,3353,89,
GCA_006381105.1,3572,246,
GCA_002430545.1,1234,29,
GCA_013389455.1,3508,49,
GCA_003248755.1,3519,91,
GCA_002379725.1,3414,69,
GCA_000318275.2,2469,56,
GCA_002269385.1,4179,114,
GCA_900114045.1,2190,60,
GCA_005503635.1,4486,109,
GCA_003860605.1,3212,56,
GCA_003816015.1,2660,47,
GCA_000801715.1,2170,54,
GCA_003860505.1,2289,48,
GCA_002789175.1,2783,80,
GCA_007109265.1,3393,197,
GCA_900143115.1,2803,90,
GCA_009886255.1,1548,26,
GCA_900099815.1,2657,55,
GCA_003254625.1,4646,217,
GCA_000220525.2,2842,155,
GCA_014197445.1,2353,35,
GCA_004352915.1,4414,245,
GCA_001705175.1,4281,234,
GCA_008370685.1,5634,173,
GCA_003384775.1,3488,124,
GCA_001873065.1,2701,84,
GCA_009993445.1,2538,74,
GCA_003450275.1,7961,48,
GCA_000947275.1,2546,66,
GCA_014207835.1,4361,109,
GCA_009709615.1,3099,83,
GCA_000755285.1,3487,69,
GCA_003970335.1,3093,73,
GCA_002862705.1,1496,36,
GCA_001971785.1,3259,140,
GCA_002280395.1,2276,97,
GCA_002150245.1,2449,56,
GCA_011601205.1,3870,103,
GCA_001485415.1,3749,36,
GCA_002695545.1,3919,115,
GCA_003259265.1,3848,103,
GCA_000708615.2,3933,120,
GCA_007097285.1,3528,119,
GCA_900115875.1,4035,152,
GCA_014220855.1,3854,108,
GCA_009900745.1,4817,92,
GCA_001618545.2,3560,104,
GCA_012273135.1,4295,95,
GCA_003333325.1,2564,49,
GCA_013404005.1,4161,148,
GCA_900148835.1,2662,49,
GCA_014486695.1,2572,72,
GCA_002813135.1,2759,58,
GCA_902705495.1,2991,42,
GCA_002886045.1,4650,214,
GCA_002435045.1,1230,27,
GCA_000429125.1,3622,62,
GCA_000240095.3,3778,107,
GCA_002323495.1,3048,78,
GCA_003232155.1,1805,30,
GCA_001932675.1,3616,160,
GCA_003097655.1,3466,93,
GCA_003382275.1,3738,94,
GCA_900156965.1,3614,106,
GCA_003634775.1,3428,100,
GCA_002217445.1,4414,112,
GCA_011392075.1,2546,57,
GCA_004791695.1,4151,169,
GCA_002557775.1,4050,113,
GCA_007997135.1,3045,56,
GCA_003482965.1,1965,34,
GCA_002900095.1,3415,97,
GCA_002690085.1,1316,41,
GCA_002023145.1,3697,112,
GCA_014219245.1,3741,107,
GCA_003447055.1,3305,77,
GCA_001057035.1,2086,79,
GCA_000430025.1,2720,46,
GCA_012038135.1,3291,101,
GCA_003331875.1,1025,19,
GCA_003268815.1,3054,76,
GCA_008711145.1,3453,99,
GCA_002471825.1,2700,72,
GCA_003688785.1,4691,229,
GCA_003443715.1,5142,160,
GCA_014219825.1,3740,109,
GCA_003201775.1,4739,178,
GCA_002379575.1,3604,50,
GCA_002352865.1,3055,60,
GCA_003242135.1,2703,63,
GCA_013388355.1,3384,124,
GCA_013003555.1,2801,67,
GCA_000800075.1,4780,93,
GCA_014191595.1,2824,69,
GCA_002292245.1,1383,32,
GCA_014219125.1,3774,107,
GCA_900142975.1,3534,132,
GCA_002742365.1,3326,74,
GCA_003688405.1,3387,69,
GCA_009670975.1,2259,36,
GCA_003122675.1,1833,33,
GCA_900618195.1,2189,31,
GCA_003254565.1,4589,224,
GCA_002337605.1,3104,53,
GCA_900186645.1,2434,56,
GCA_001593385.1,4757,111,
GCA_002315095.1,3005,44,
GCA_013333255.2,1908,32,
GCA_001643375.1,3911,83,
GCA_003663835.1,3294,62,
GCA_000212355.1,2990,81,
GCA_902705465.1,3010,40,
GCA_009886755.1,1699,29,
GCA_009496935.1,2024,38,
GCA_000430545.1,3675,42,
GCA_009498295.1,2958,65,
GCA_002702745.1,1211,26,
GCA_000801625.1,3087,53,
GCA_013820965.1,2265,23,
GCA_003984855.1,2988,75,
GCA_000318255.2,2236,83,
GCA_002023065.1,3830,109,
GCA_000813825.1,3742,104,
GCA_002723075.1,1486,37,
GCA_900290975.1,2727,63,
GCA_002156885.1,4654,112,
GCA_900111495.1,4173,130,
GCA_002217205.1,3101,84,
GCA_001521765.1,3989,110,
GCA_902705355.1,2997,40,
GCA_900129595.1,4939,209,
GCA_900637895.1,2850,57,
GCA_902728305.1,3203,97,
GCA_002742265.1,4192,95,
GCA_007362475.1,2862,49,
GCA_002700185.1,2518,67,
GCA_002719315.1,1879,39,
GCA_009938095.1,3883,109,
GCA_007997065.1,3725,84,
GCA_003146745.1,2188,62,
GCA_000943555.1,3381,215,
GCA_001735745.1,2562,63,
GCA_002733285.1,2400,48,
GCA_900143665.1,3522,104,
GCA_013365535.1,4526,69,
GCA_004310325.1,3302,135,
GCA_900475375.1,3462,103,
GCA_004150225.1,3607,89,
GCA_900106075.1,2801,93,
GCA_002150215.1,2597,56,
GCA_900446785.1,4151,79,
GCA_003061345.1,4063,147,
GCA_002813295.1,4083,204,
GCA_000737715.1,4682,91,
GCA_003815895.1,3864,88,
GCA_001418685.1,2092,31,
GCA_014305205.1,3085,54,
GCA_013298525.1,2779,72,
GCA_009746565.1,3154,178,
GCA_014220055.1,4373,95,
GCA_014397005.1,4828,85,
GCA_000321285.1,2014,39,
GCA_009826935.1,3847,154,
GCA_003865405.1,3232,31,
GCA_000153485.2,3741,77,
GCA_003449015.1,4360,208,
GCA_903166575.1,3881,86,
GCA_002024825.1,3618,111,
GCA_900092105.1,3463,103,
GCA_011089875.1,2257,36,
GCA_000282055.1,4272,282,
GCA_002435265.1,3357,143,
GCA_007997155.1,3534,67,
GCA_009684775.1,2637,80,
GCA_000374405.1,2375,35,
GCA_000973105.1,4544,225,
GCA_000826655.1,3567,84,
GCA_014218915.1,4168,86,
GCA_002292265.1,1909,37,
GCA_003633855.1,4704,231,
GCA_003202435.1,4326,240,
GCA_900637795.1,2130,48,
GCA_009659665.1,2396,63,
GCA_007341385.1,4040,206,
GCA_900115015.1,3032,53,
GCA_900129705.1,3240,87,
GCA_002023685.1,3937,106,
GCA_013072765.1,2716,77,
GCA_003860525.1,3043,55,
GCA_013333875.2,1783,27,
GCA_003516945.1,1493,28,
GCA_008017345.1,3864,86,
GCA_009602705.1,4669,83,
GCA_900186545.1,2356,56,
GCA_014220295.1,4349,94,
GCA_900610115.1,2416,50,
GCA_001708385.1,3619,112,
GCA_002435115.1,3886,102,
GCA_900129795.1,4639,253,
GCA_013214425.1,3036,33,
GCA_000797465.1,3208,69,
GCA_001913155.1,3701,102,
GCA_902705435.1,2969,40,
GCA_002217365.1,4663,237,
GCA_008806755.1,3646,50,
GCA_002831625.1,2790,91,
GCA_009659705.1,2306,65,
GCA_900168115.1,3706,193,
GCA_000242075.2,3556,37,
GCA_900167905.1,3069,60,
GCA_002023695.1,3720,105,
GCA_014239895.1,1041,15,
GCA_000799325.1,4584,110,
GCA_002302595.1,2792,85,
GCA_003669035.1,4515,102,
GCA_001429765.1,4269,219,
GCA_014219595.1,3764,111,
GCA_003350375.1,3441,92,
GCA_003755145.1,5076,110,
GCA_009827705.1,1904,29,
GCA_009663575.1,2222,39,
GCA_003331865.1,776,18,
GCA_002699205.1,4030,91,
GCA_002835665.1,3291,63,
GCA_000746845.1,2942,50,
GCA_012927325.1,4481,89,
GCA_007116535.1,1128,14,
GCA_002781485.1,2898,87,
GCA_000425445.1,4112,236,
GCA_002002525.1,3567,106,
GCA_900186755.1,2489,57,
GCA_008806775.1,2864,96,
GCA_000812875.1,2165,48,
GCA_004293165.1,2381,55,
GCA_003445055.1,2911,35,
GCA_006778185.1,2430,57,
GCA_900142445.1,4596,107,
GCA_008056315.1,3669,227,
GCA_002999135.1,2674,71,
GCA_900130145.1,2422,58,
GCA_013294015.1,3207,57,
GCA_002954685.1,3506,95,
GCA_006974145.1,3722,111,
GCA_009993865.1,2891,75,
GCA_000468615.2,3967,146,
GCA_011065475.1,2782,52,
GCA_008974325.1,3209,54,
GCA_014219435.1,3700,106,
GCA_002023545.1,3855,110,
GCA_002797785.1,2082,62,
GCA_003293845.1,2532,50,
GCA_003229235.1,2033,32,
GCA_000430665.1,4036,74,
GCA_000427335.1,4004,107,
GCA_000154725.1,4411,85,
GCA_002484365.1,2796,46,
GCA_900105035.1,3217,106,
GCA_900637665.1,5136,95,
GCA_900610295.1,2489,56,
GCA_003687485.1,4058,138,
GCA_900142355.1,5187,244,
GCA_009865615.1,3708,104,
GCA_002691165.1,691,11,
GCA_002415215.1,2961,55,
GCA_002325035.1,3644,89,
GCA_011751075.1,4576,102,
GCA_007197735.1,3401,125,
GCA_003003155.1,3238,87,
GCA_001683915.1,3915,97,
GCA_002416265.1,2296,66,
GCA_001439315.1,2046,68,
GCA_009495835.1,2617,60,
GCA_009886625.1,1796,35,
GCA_002690805.1,1324,25,
GCA_002387575.1,1402,34,
GCA_000735715.2,4768,255,
GCA_002354765.1,2836,50,
GCA_002222055.1,4928,177,
GCA_000735135.1,3675,97,
GCA_900113135.1,3743,164,
GCA_002208925.2,4588,95,
GCA_002711825.1,3821,76,
GCA_003202405.1,4609,316,
GCA_005792865.1,1733,44,
GCA_900114085.1,2670,35,
GCA_001263145.1,2016,45,
GCA_002924285.1,4402,77,
GCA_002848895.1,3445,190,
GCA_003097635.1,2808,79,
GCA_000411575.1,2332,85,
GCA_002693185.1,2926,115,
GCA_004211785.1,2641,51,
GCA_002477565.1,1583,44,
GCA_002285635.2,3959,106,
GCA_014305115.1,3105,85,
GCA_004525075.1,2470,49,
GCA_000423065.1,3179,107,
GCA_004214265.1,1382,31,
GCA_003293835.1,3633,111,
GCA_002375495.1,3076,54,
GCA_900156075.1,2768,73,
GCA_002782545.1,2571,54,
GCA_001641085.1,2929,62,
GCA_004337695.1,4409,102,
GCA_014220725.1,3747,109,
GCA_900112975.1,3079,71,
GCA_009828165.1,1901,29,
GCA_004634185.1,2647,69,
GCA_008081175.1,1406,23,
GCA_002163875.1,2861,81,
GCA_900186665.1,2376,56,
GCA_014219685.1,3744,113,
GCA_001640115.1,3469,121,
GCA_000174755.1,2467,44,
GCA_900610285.1,2442,55,
GCA_900116115.1,3075,116,
GCA_008086165.1,3275,61,
GCA_002302415.1,2704,48,
GCA_000828715.1,3490,111,
GCA_013001935.1,2232,68,
GCA_002169155.2,847,10,
GCA_000424645.1,3758,77,
GCA_900104195.1,2498,62,
GCA_900102265.1,3613,114,
GCA_002726785.1,1803,34,
GCA_002380515.1,3556,173,
GCA_001670785.1,2070,38,
GCA_009690705.1,1920,40,
GCA_003298875.1,4058,106,
GCA_900105145.1,3409,124,
GCA_008033385.1,3455,139,
GCA_014284085.1,3358,110,
GCA_001589345.1,2070,38,
GCA_013042535.1,2552,64,
GCA_008017365.1,3891,98,
GCA_013249045.1,3214,110,
GCA_000732625.1,2910,75,
GCA_004151275.1,2712,31,
GCA_001278115.1,4064,152,
GCA_902705445.1,2912,40,
GCA_003487285.1,2600,88,
GCA_014295415.1,2716,53,
GCA_003511565.1,2599,60,
GCA_002785365.1,2791,83,
GCA_000496055.1,3786,112,
GCA_900142635.1,3521,37,
GCA_002023435.1,3499,106,
GCA_002899895.2,4412,86,
GCA_009663465.1,2180,36,
GCA_014297365.1,3358,110,
GCA_003384935.1,2962,131,
GCA_007997115.1,3480,100,
GCA_011050675.1,4132,127,
GCA_000255455.1,3535,128,
GCA_001800905.1,1906,47,
GCA_002337005.1,3078,101,
GCA_009711055.1,2895,32,
GCA_004362665.1,2808,75,
GCA_002721275.1,1524,32,
GCA_008017825.1,3145,43,
GCA_900141785.1,4726,121,
GCA_009730675.1,2465,56,
GCA_014219705.1,3741,109,
GCA_002709185.1,1024,29,
GCA_003533615.1,4168,83,
GCA_014220365.1,4346,94,
GCA_003538555.1,1234,33,
GCA_002291765.1,2547,46,
GCA_000737765.1,5116,92,
GCA_002484185.1,3310,66,
GCA_011064265.1,3289,94,
GCA_003935165.1,3052,52,
GCA_014220155.1,4400,95,
GCA_900299505.1,4735,117,
GCA_003564185.1,2316,41,
GCA_000482305.1,4489,93,
GCA_900624725.1,5311,95,
GCA_006829085.1,4852,131,
GCA_002831685.1,3061,88,
GCA_002691645.1,2244,57,
GCA_900177645.1,4410,178,
GCA_001887145.1,2450,56,
GCA_004216895.1,3420,59,
GCA_001748465.2,4752,170,
GCA_009663475.1,2208,41,
GCA_002690415.1,1430,28,
GCA_002711215.1,1926,54,
GCA_002217475.1,4051,103,
GCA_007997315.1,3025,67,
GCA_004214175.1,1181,24,
GCA_004014855.1,2910,43,
GCA_003668995.1,4429,89,
GCA_000518505.1,3154,84,
GCA_900168045.1,3092,113,
GCA_900299475.1,5175,98,
GCA_004349195.1,3276,99,
GCA_001521755.1,3461,103,
GCA_013276265.1,2322,70,
GCA_000518485.1,3043,83,
GCA_002786385.1,2648,65,
GCA_900157025.1,3595,102,
GCA_014145635.1,3218,31,
GCA_014219975.1,4347,94,
GCA_002302475.1,2292,85,
GCA_002943755.1,2885,59,
GCA_003710065.1,3739,96,
GCA_002266855.1,2895,87,
GCA_003061395.1,3751,89,
GCA_009993745.1,2681,65,
GCA_007489275.1,6340,163,
GCA_001187685.1,3627,94,
GCA_002341025.1,2625,49,
GCA_003095655.1,3172,84,
GCA_001427905.1,4715,293,
GCA_002302635.1,2469,80,
GCA_002484335.1,2954,58,
GCA_900142405.1,4072,98,
GCA_014220475.1,4417,95,
GCA_002217275.1,4560,221,
GCA_900215295.1,3146,98,
GCA_009674775.1,4547,197,
GCA_009684755.1,2541,81,
GCA_002376315.1,2570,39,
GCA_002023195.1,3870,111,
GCA_000419685.1,2768,49,
GCA_002363875.1,3085,52,
GCA_002364325.1,2320,61,
GCA_900186485.1,2334,54,
GCA_003001895.1,3407,131,
GCA_002754195.1,5289,202,
GCA_002360635.1,2941,45,
GCA_002390605.1,1572,30,
GCA_002364335.1,3140,69,
GCA_014239665.1,1222,17,
GCA_004803875.1,2926,41,
GCA_013394785.1,2158,86,
GCA_002433745.1,3543,163,
GCA_002813125.1,3267,80,
GCA_003963025.1,2081,38,
GCA_009663565.1,2028,33,
GCA_001941605.1,3433,111,
GCA_002302565.1,2101,62,
GCA_000184135.2,1985,38,
GCA_003610675.1,4806,113,
GCA_000520975.1,5416,99,
GCA_000812825.1,3683,34,
GCA_900188275.1,4886,99,
GCA_000633375.1,3457,36,
GCA_007827445.1,2906,96,
GCA_000423585.1,3339,129,
GCA_900141765.1,3707,130,
GCA_002715605.1,4255,154,
GCA_002846595.1,2667,88,
GCA_000253275.1,3112,84,
GCA_014385425.1,5931,35,
GCA_001752425.1,3006,83,
GCA_900100165.1,3226,263,
GCA_001510855.1,2479,55,
GCA_004368925.1,3851,192,
GCA_000196315.1,2683,70,
GCA_008367235.1,4185,154,
GCA_011082485.1,1976,33,
GCA_001413955.1,3597,138,
GCA_010993655.1,2803,65,
GCA_013394635.1,4204,147,
GCA_014218825.1,4799,107,
GCA_002725015.1,1308,41,
GCA_002304005.1,4411,203,
GCA_007989005.1,3229,263,
GCA_002691685.1,1911,53,
GCA_001431805.1,3620,112,
GCA_002023645.1,3555,103,
GCA_001693475.1,4145,95,
GCA_014041915.1,2433,43,
GCA_002899875.1,5030,98,
GCA_014062345.1,2521,26,
GCA_003732575.1,2501,56,
GCA_000265385.1,3193,72,
GCA_000495975.1,4022,106,
GCA_002117085.1,2593,72,
GCA_900610195.1,2337,56,
GCA_014202195.1,2826,58,
GCA_002007065.3,4893,241,
GCA_002440405.1,2728,57,
GCA_002297705.1,2820,114,
GCA_000813005.1,4801,118,
GCA_000812985.1,4568,111,
GCA_002790155.1,3040,80,
GCA_002711455.1,3181,77,
GCA_000745795.1,2843,49,
GCA_004028155.1,3759,57,
GCA_002364215.1,3000,60,
GCA_001857965.1,3188,254,
GCA_013042885.1,2404,62,
GCA_003541615.1,3565,145,
GCA_011752975.1,4263,89,
GCA_003992615.1,3448,78,
GCA_002696485.1,2853,45,
GCA_002022065.1,3703,112,
GCA_002363855.1,4178,135,
GCA_001482835.1,3455,33,
GCA_002415135.1,3022,58,
GCA_013407935.1,3234,86,
GCA_003633605.1,3111,110,
GCA_001011675.1,3572,107,
GCA_900107495.1,2974,88,
GCA_002311725.1,2395,33,
GCA_002694465.1,2978,57,
GCA_002296555.1,2986,37,
GCA_002023095.1,3617,106,
GCA_003285545.1,3714,140,
GCA_001898255.1,2805,60,
GCA_002439165.1,4629,82,
GCA_900100115.1,3716,126,
GCA_002401105.1,2305,86,
GCA_002382405.1,1300,26,
GCA_003034215.1,2899,65,
GCA_001618465.2,3563,104,
GCA_009848495.1,2705,74,
GCA_002781585.1,2856,85,
GCA_903819435.1,5031,263,
GCA_002251835.1,3062,61,
GCA_000755305.1,2887,75,
GCA_900141715.1,2959,117,
GCA_002023305.1,3708,101,
GCA_900103755.1,3172,82,
GCA_000173115.1,1361,28,
GCA_000735535.1,3480,260,
GCA_002337205.1,2691,44,
GCA_005943945.1,4023,106,
GCA_000797445.1,3567,72,
GCA_009921505.1,2275,39,
GCA_009663595.1,2003,38,
GCA_013205245.1,2217,49,
GCA_900128945.1,4823,91,
GCA_000252855.1,2025,38,
GCA_002454095.1,2703,53,
GCA_900186425.1,2384,56,
GCA_013043265.1,2193,49,
GCA_002201315.1,3226,136,
GCA_007097265.1,3475,126,
GCA_002335345.1,1522,28,
GCA_013276165.1,2155,63,
GCA_003633785.1,5617,229,
GCA_014220065.1,4345,94,
GCA_900108025.1,2901,81,
GCA_006491645.1,3672,88,
GCA_002352665.1,3567,84,
GCA_002023565.1,3638,112,
GCA_003514105.1,4077,30,
GCA_004684835.1,3136,67,
GCA_003865365.1,3111,62,
GCA_014220675.1,3804,115,
GCA_003335675.1,2531,86,
GCA_002205795.1,2427,63,
GCA_004359195.1,2849,67,
GCA_003992675.1,3085,76,
GCA_002940745.1,2851,70,
GCA_003122385.1,4917,267,
GCA_003331265.1,1429,34,
GCA_004349155.1,3413,100,
GCA_003254545.1,4317,194,
GCA_003061225.1,4021,103,
GCA_002360925.1,2570,29,
GCA_006789585.1,4398,166,
GCA_002471625.1,1087,19,
GCA_003525665.1,2884,68,
GCA_014220405.1,4346,94,
GCA_014220615.1,4347,94,
GCA_900609965.1,2387,48,
GCA_902705305.1,2798,39,
GCA_006148925.1,2828,96,
GCA_000934685.1,3447,73,
GCA_003258355.1,3553,150,
GCA_900156585.1,4800,95,
GCA_002023705.1,3905,110,
GCA_002697085.1,2500,50,
GCA_000807225.1,3678,37,
GCA_002163835.1,2990,88,
GCA_006778065.1,2485,56,
GCA_004346845.1,2700,63,
GCA_011764015.1,3202,124,
GCA_002426755.1,3423,96,
GCA_003259525.1,2648,71,
GCA_001684955.1,4139,97,
GCA_003584165.1,3863,86,
GCA_014219775.1,3751,113,
GCA_000799455.1,3991,116,
GCA_003538255.1,2236,102,
GCA_014220145.1,4424,96,
GCA_011525195.1,1608,29,
GCA_007997385.1,3104,161,
GCA_007827285.1,3034,82,
GCA_002453075.1,3451,103,
GCA_002375695.1,2453,50,
GCA_003075045.1,4011,112,
GCA_002470025.1,1310,30,
GCA_003971175.1,3892,109,
GCA_900610355.1,2472,56,
GCA_003729975.1,2543,46,
GCA_007279605.1,3043,84,
GCA_004214185.1,1294,27,
GCA_001553545.1,2424,89,
GCA_007990815.1,3106,83,
GCA_003634585.1,3238,91,
GCA_003523505.1,4937,92,
GCA_002364535.1,1771,66,
GCA_000750195.1,3330,102,
GCA_900102055.1,3464,63,
GCA_900610315.1,2238,47,
GCA_900142885.1,3422,89,
GCA_001971725.1,2994,96,
GCA_001747495.1,2485,62,
GCA_007097245.1,3243,131,
GCA_900129475.1,2988,30,
GCA_013041805.1,2472,71,
GCA_001424145.1,3616,119,
GCA_002934445.1,2988,59,
GCA_003148645.1,2917,56,
GCA_014219965.1,4353,94,
GCA_000687935.1,3446,99,
GCA_003385115.1,4345,210,
GCA_002478685.1,1349,30,
GCA_013214275.1,2037,27,
GCA_007474545.1,3327,86,
GCA_014204415.1,3554,67,
GCA_002426075.1,2890,51,
GCA_900610325.1,2478,55,
GCA_005844065.1,3808,109,
GCA_002722255.1,2901,88,
GCA_000737665.1,3958,111,
GCA_013001345.1,2242,52,
GCA_002150205.1,3105,73,
GCA_003860485.1,2671,67,
GCA_902167285.2,5230,273,
GCA_002478465.1,2529,45,
GCA_002995725.1,3818,109,
GCA_900100375.1,3612,98,
GCA_003344925.1,2647,69,
GCA_007990795.1,3607,51,
GCA_902605145.1,1352,42,
GCA_013003025.1,2711,76,
GCA_000023285.1,2182,88,
GCA_002831645.1,3835,90,
GCA_900101815.1,4161,145,
GCA_000023465.1,4485,197,
GCA_003537695.1,1620,34,
GCA_001483145.1,3900,110,
GCA_001697185.1,2806,215,
GCA_002693005.1,3433,68,
GCA_012270005.1,3272,101,
GCA_900129555.1,4175,204,
GCA_002168005.2,2375,72,
GCA_003815875.1,5030,98,
GCA_002469685.1,3399,53,
GCA_002733185.1,2682,40,
GCA_004362395.1,3671,149,
GCA_900610005.1,2361,52,
GCA_012931685.1,2899,68,
GCA_001879205.1,4654,230,
GCA_001936395.1,2580,50,
GCA_900610255.1,2484,55,
GCA_003536155.1,1890,38,
GCA_000428485.1,3378,75,
GCA_014220285.1,4345,94,
GCA_004213995.1,1177,23,
GCA_001735715.1,1809,62,
GCA_002998835.1,2258,91,
GCA_002198115.1,2940,81,
GCA_013276215.1,2310,68,
GCA_001680875.1,3490,192,
GCA_900239485.1,2597,25,
GCA_006494535.1,3130,89,
GCA_900104375.1,3338,121,
GCA_009994725.1,2750,69,
GCA_004345825.1,3322,75,
GCA_900112295.1,4076,98,
GCA_004364575.1,2665,32,
GCA_006443095.1,5290,123,
GCA_000769815.1,2877,51,
GCA_010820555.1,2649,59,
GCA_002706045.1,2579,55,
GCA_001889005.1,2648,96,
GCA_002742325.1,3173,73,
GCA_014220105.1,4338,94,
GCA_003053575.1,3697,107,
GCA_000173675.1,2701,81,
GCA_002754275.1,4218,176,
GCA_014220805.1,3849,108,
GCA_013373385.1,2676,61,
GCA_006777825.1,2431,57,
GCA_902168265.1,4023,122,
GCA_900489485.1,3038,56,
GCA_002715485.1,2570,51,
GCA_900112245.1,3878,118,
GCA_900105425.1,3200,109,
GCA_000827635.1,2471,63,
GCA_014235875.1,3016,100,
GCA_000767095.1,2448,55,
GCA_011087845.1,3027,43,
GCA_001051115.1,2106,38,
GCA_009832605.1,3537,78,
GCA_900186575.1,2259,56,
GCA_900610275.1,2465,55,
GCA_003336205.1,2176,28,
GCA_003933245.1,3582,103,
GCA_003970305.1,2994,64,
GCA_001684965.1,4549,99,
GCA_002693085.1,1120,28,
GCA_007827205.1,3254,101,
GCA_002702885.1,1044,25,
GCA_900460995.1,4449,90,
GCA_004358095.2,2989,146,
GCA_009193215.1,2643,136,
GCA_014220735.1,3798,113,
GCA_009827845.1,1996,32,
GCA_900447195.1,4093,104,
GCA_008274625.1,4461,106,
GCA_900101895.1,3221,92,
GCA_003254015.1,3433,92,
GCA_900312735.1,5661,161,
GCA_003506685.1,2330,22,
GCA_001404985.1,4486,191,
GCA_000382425.1,3551,50,
GCA_009741275.1,3170,79,
GCA_004122165.1,2417,36,
GCA_002420545.1,4392,103,
GCA_003149745.1,3352,87,
GCA_002323475.1,1357,42,
GCA_002414565.1,2918,59,
GCA_900111065.1,3529,34,
GCA_009902355.1,2277,40,
GCA_900119795.1,3056,44,
GCA_002286775.1,3710,36,
GCA_007830415.1,2498,55,
GCA_004365655.1,3238,85,
GCA_013043465.1,2700,58,
GCA_002381155.1,1436,32,
GCA_001413925.1,2988,90,
GCA_000764775.1,3933,141,
GCA_014243395.1,3437,123,
GCA_900115185.1,3012,70,
GCA_000827555.1,2113,75,
GCA_002457295.1,976,23,
GCA_002388855.1,4129,88,
GCA_900168205.1,4458,87,
GCA_003935845.1,3050,52,
GCA_002023505.1,3633,105,
GCA_013822155.1,3050,76,
GCA_014220225.1,4380,95,
GCA_014219205.1,3750,107,
GCA_002217435.1,4824,215,
GCA_000422265.1,2661,65,
GCA_005234115.1,4044,107,
GCA_002312885.1,2632,84,
GCA_001430825.1,3183,70,
GCA_002392055.1,4351,105,
GCA_014207905.1,4724,231,
GCA_002477665.1,2336,29,
GCA_007997225.1,4249,91,
GCA_007827275.1,3889,92,
GCA_002001005.1,3619,195,
GCA_002714575.1,3385,68,
GCA_007997235.1,4260,90,
GCA_000831385.1,2677,75,
GCA_001670645.1,1932,34,
GCA_002313325.1,1005,18,
GCA_007097145.1,4181,151,
GCA_003729955.1,3542,107,
GCA_007997085.1,3693,85,
GCA_001306415.1,3435,84,
GCA_002733585.1,3883,169,
GCA_000773465.1,4796,112,
GCA_004195315.1,2210,31,
GCA_000955665.1,3893,111,
GCA_002684395.1,2222,36,
GCA_900108525.1,2605,64,
GCA_000355805.1,2983,69,
GCA_009796785.1,3537,136,
GCA_014219335.1,3745,107,
GCA_004296335.1,3352,87,
GCA_003243255.1,5777,98,
GCA_002429185.1,3387,173,
GCA_900110335.1,4620,254,
GCA_004339525.1,5418,229,
GCA_900182675.1,4586,226,
GCA_012974865.1,3334,77,
GCA_003538685.1,3185,35,
GCA_900156725.1,2765,58,
GCA_001543325.1,2639,62,
GCA_007845585.1,2230,30,
GCA_009827745.1,2014,32,
GCA_000744275.1,3555,93,
GCA_002308695.1,2781,54,
GCA_004349085.1,3430,84,
GCA_003725735.1,4655,211,
GCA_014219575.1,3754,109,
GCA_014201785.1,2948,65,
GCA_900112105.1,3561,208,
GCA_001670735.1,2223,45,
GCA_000277665.1,2107,82,
GCA_001423985.1,3412,65,
GCA_014219295.1,3876,108,
GCA_007827235.1,3708,130,
GCA_900299385.1,1387,30,
GCA_003144015.1,2916,57,
GCA_002696305.1,2178,29,
GCA_014219895.1,4345,94,
GCA_003484565.1,1649,14,
GCA_002692745.1,3605,45,
GCA_014050215.1,3002,33,
GCA_900089995.1,5428,94,
GCA_002217315.1,4509,204,
GCA_001975985.1,4649,202,
GCA_014220755.1,4961,92,
GCA_002022145.1,3621,106,
GCA_000422725.1,4056,139,
GCA_002354835.1,2727,43,
GCA_000173095.1,1748,37,
GCA_002150785.1,3347,85,
GCA_000331695.1,2007,37,
GCA_013002355.1,2628,59,
GCA_002162765.1,2765,53,
GCA_014220505.1,4347,94,
GCA_900142325.1,3360,108,
GCA_002422665.1,2284,58,
GCA_010725055.1,4013,121,
GCA_002683555.1,3258,60,
GCA_003352465.1,4654,87,
GCA_900108115.1,3172,62,
GCA_000941055.1,2859,118,
GCA_004916895.1,3414,83,
GCA_002310535.1,3778,107,
GCA_005937185.1,4054,118,
GCA_002697475.1,2157,54,
GCA_902729325.1,3542,75,
GCA_002733665.1,2498,35,
GCA_002973595.1,3451,168,
GCA_013001965.1,2463,63,
GCA_009659645.1,2283,65,
GCA_009362255.1,3018,33,
GCA_004799385.1,3763,69,
GCA_003233725.1,2390,34,
GCA_900176415.1,3160,95,
GCA_003815675.1,4543,84,
GCA_009827795.1,1903,29,
GCA_009796825.1,3780,168,
GCA_000755325.1,3664,66,
GCA_004328055.1,2944,101,
GCA_900187255.1,2415,89,
GCA_009827855.1,1904,29,
GCA_004088395.1,2184,64,
GCA_008705155.1,3395,51,
GCA_900156985.1,3666,112,
GCA_013043685.1,2741,73,
GCA_014219165.1,3728,107,
GCA_002954645.1,2550,76,
GCA_000799235.1,4444,89,
GCA_002362375.1,3960,103,
GCA_001404975.1,3105,245,
GCA_002380565.1,2556,23,
GCA_009994925.1,2563,76,
GCA_002025185.1,2347,47,
GCA_000971605.2,2500,56,
GCA_007279655.1,3695,157,
GCA_002471425.1,1954,66,
GCA_002721255.1,2093,40,
GCA_000220625.1,2246,68,
GCA_902705415.1,3163,40,
GCA_003410315.1,3110,82,
GCA_002414425.1,2995,60,
GCA_009649685.1,3786,138,
GCA_013404025.1,3446,93,
GCA_900102165.1,4189,143,
GCA_004368785.1,4841,260,
GCA_000733925.1,4686,166,
GCA_000735695.2,2732,48,
GCA_002209445.1,3105,93,
GCA_001573155.1,2910,57,
GCA_900119145.1,3454,99,
GCA_002707745.1,2495,42,
GCA_001871275.1,2174,49,
GCA_004283005.1,2631,61,
GCA_003513105.1,1979,23,
GCA_002353015.1,2992,55,
GCA_001429295.1,4335,224,
GCA_000831185.1,2382,55,
GCA_006438875.1,5513,202,
GCA_900186435.1,2462,56,
GCA_001050935.1,3643,108,
GCA_014219625.1,3766,111,
GCA_002366675.1,2269,44,
GCA_002472945.1,3275,72,
GCA_004022485.1,3241,56,
GCA_900610075.1,2490,56,
GCA_900460915.1,2536,87,
GCA_007097305.1,3470,127,
GCA_002291725.1,3629,126,
GCA_900101995.1,2103,33,
GCA_006491595.2,4220,112,
GCA_900105545.1,3947,122,
GCA_003385855.1,3450,92,
GCA_004364975.1,3081,111,
GCA_001315805.1,3050,81,
GCA_002430025.1,4841,82,
GCA_002484105.1,2506,78,
GCA_009797885.1,4675,118,
GCA_001425355.1,4141,109,
GCA_014219805.1,3744,109,
GCA_000751595.1,2378,44,
GCA_003973595.1,3416,74,
GCA_000220585.2,3219,134,
GCA_900453725.1,3652,33,
GCA_003937815.1,3091,35,
GCA_007785775.2,3643,99,
GCA_001534645.1,2847,66,
GCA_900610105.1,2423,56,
GCA_009827755.1,1996,32,
GCA_002797935.1,4394,315,
GCA_002023105.1,3565,104,
GCA_000424985.1,3702,103,
GCA_014219695.1,3743,109,
GCA_000812945.1,3377,153,
GCA_014305095.1,3104,85,
GCA_002440605.1,2595,57,
GCA_001422725.1,4762,194,
GCA_002697365.1,1073,22,
GCA_003688895.1,3225,81,
GCA_003448295.1,974,24,
GCA_004321735.1,1111,23,
GCA_005862425.1,4572,94,
GCA_011365745.1,2966,73,
GCA_002210235.1,4772,241,
GCA_014219665.1,3805,114,
GCA_900186385.1,2571,54,
GCA_004214195.1,552,8,
GCA_008033395.2,3211,121,
GCA_002023775.1,4096,109,
GCA_000183155.1,2008,38,
GCA_004804315.1,3878,102,
GCA_900609995.1,2414,56,
GCA_002291575.1,2901,145,
GCA_009921175.1,1449,33,
GCA_002345305.1,2783,42,
GCA_900110375.1,3087,73,
GCA_002413625.1,3373,100,
GCA_003626755.1,5130,161,
GCA_002426015.1,2922,79,
GCA_014219865.1,3743,109,
GCA_900129605.1,4793,191,
GCA_002813425.1,3407,108,
GCA_009901585.1,4237,120,
GCA_002322895.1,2817,54,
GCA_900078205.2,4867,93,
GCA_902506355.1,3749,124,
GCA_003529845.1,1577,28,
GCA_002916835.1,2751,63,
GCA_014379405.1,3296,240,
GCA_003347605.1,4339,98,
GCA_002696105.1,2450,36,
GCA_002440705.1,2641,59,
GCA_000348685.1,2802,53,
GCA_002359055.1,2123,31,
GCA_000367325.1,3456,103,
GCA_009903685.1,3339,66,
GCA_013333705.2,2004,67,
GCA_002785385.1,2318,49,
GCA_900312815.1,4237,92,
GCA_003148525.1,5025,178,
GCA_900167935.1,3720,103,
GCA_002457715.1,970,22,
GCA_003946915.1,4177,198,
GCA_003545615.1,2531,93,
GCA_009711165.1,5128,224,
GCA_013294025.1,3247,95,
GCA_000401415.1,3416,96,
GCA_002728075.1,1635,29,
GCA_003385495.1,4096,109,
GCA_003812865.1,4410,94,
GCA_900187965.1,5294,240,
GCA_003788665.1,2509,56,
GCA_000331815.1,3753,108,
GCA_014353055.1,2621,40,
GCA_000498495.1,3040,55,
GCA_009730375.1,2349,73,
GCA_013214625.1,3608,37,
GCA_002710945.1,3696,190,
GCA_002426065.1,2884,56,
GCA_006778265.1,2434,57,
GCA_001418105.1,3705,63,
GCA_000425425.1,3583,244,
GCA_009014635.1,3006,48,
GCA_000799465.1,3423,99,
GCA_002728045.1,1310,37,
GCA_902705365.1,3004,41,
GCA_004296145.1,4245,130,
GCA_001670855.1,1999,38,
GCA_011784865.1,3461,151,
GCA_002702385.1,1138,27,
GCA_001853485.1,4417,112,
GCA_000143785.1,5139,114,
GCA_009360455.1,3822,105,
GCA_900143185.1,4084,83,
GCA_013043105.1,2532,57,
GCA_003096795.1,3644,163,
GCA_900610165.1,2485,56,
GCA_900610065.1,2409,56,
GCA_001678685.1,3303,60,
GCA_000498535.1,3110,51,
GCA_002713705.1,2350,46,
GCA_003581615.1,3387,80,
GCA_003386165.1,3679,111,
GCA_012964435.1,2751,98,
GCA_002150145.1,2452,55,
GCA_003667275.1,3051,37,
GCA_900186605.1,2217,57,
GCA_009674825.1,3940,210,
GCA_004119505.1,4101,183,
GCA_004293805.1,2456,64,
GCA_000260115.1,3931,122,
GCA_004366435.1,4197,222,
GCA_007559325.1,3576,201,
GCA_002334975.1,1439,23,
GCA_001686935.1,3232,262,
GCA_000789235.1,3432,135,
GCA_003852705.1,2317,43,
GCA_012910715.1,4206,194,
GCA_002234495.1,4984,168,
GCA_002862645.1,1289,33,
GCA_000739395.1,2536,56,
GCA_004211145.1,3524,110,
GCA_008017835.1,2427,34,
GCA_013823965.1,2634,102,
GCA_009886545.1,1431,25,
GCA_002727005.1,3182,122,
GCA_003314435.2,3255,99,
GCA_009690745.1,2063,38,
GCA_003970395.1,2875,67,
GCA_000318295.1,3039,89,
GCA_004104035.1,4059,198,
GCA_900239345.1,2467,28,
GCA_002336305.1,1341,46,
GCA_001619815.1,3693,34,
GCA_902705315.1,3063,41,
GCA_000424665.1,3165,126,
GCA_900116365.1,3327,125,
GCA_003537025.1,3866,79,
GCA_009901525.1,4697,86,
GCA_004359435.1,1714,18,
GCA_000745315.1,3694,130,
GCA_014220185.1,4293,94,
GCA_002434285.1,3210,115,
GCA_009764685.1,3218,76,
GCA_900453865.1,3726,34,
GCA_009827805.1,1997,32,
GCA_006120725.1,2396,61,
GCA_900447345.1,3694,111,
GCA_002384345.1,3091,57,
GCA_002951455.1,3655,113,
GCA_002005425.1,2832,93,
GCA_000831205.1,2396,55,
GCA_011316545.1,2960,55,
GCA_000769915.1,3413,88,
GCA_900104765.1,3178,97,
GCA_900108365.1,4427,108,
GCA_003241515.1,2933,51,
GCA_000509405.1,2854,40,
GCA_000764435.1,3881,119,
GCA_900186815.1,2319,54,
GCA_011330545.1,2725,31,
GCA_003984675.1,2176,28,
GCA_009865685.1,3758,114,
GCA_014220265.1,4362,95,
GCA_003815735.1,5136,95,
GCA_000801645.1,3049,56,
GCA_002954765.1,3002,90,
GCA_900186495.1,2243,55,
GCA_012964565.1,3061,54,
GCA_900610215.1,2430,56,
GCA_014220395.1,4438,96,
GCA_011601245.1,3948,106,
GCA_001693415.1,2791,33,
GCA_006546625.1,2621,40,
GCA_009648515.1,4558,112,
GCA_900141885.1,2964,64,
GCA_013116755.1,2552,37,
GCA_011742145.1,2712,75,
GCA_008806375.1,2899,83,
GCA_010645065.1,4301,261,
GCA_000764515.1,2185,68,
GCA_900182645.1,4270,223,
GCA_900109345.1,3710,102,
GCA_002375245.1,2874,126,
GCA_002747105.1,1124,12,
GCA_000191565.1,2083,36,
GCA_002217285.1,4487,155,
GCA_002302655.1,2141,67,
GCA_003511865.1,1474,19,
GCA_014219325.1,3746,107,
GCA_000153225.1,2422,43,
GCA_007830645.1,3691,36,
GCA_003815775.1,4451,85,
GCA_003534545.1,1905,47,
GCA_009648535.1,4493,107,
GCA_002427935.1,2924,153,
GCA_011927795.1,3380,102,
GCA_014219815.1,3648,112,
GCA_002332505.1,2352,42,
GCA_004365465.1,3546,107,
GCA_003385535.1,4041,79,
GCA_014352875.1,3038,77,
GCA_009360735.1,2898,26,
GCA_000425465.1,2840,68,
GCA_002530755.1,3042,84,
GCA_001438225.1,1402,22,
GCA_900092045.1,4000,111,
GCA_004349145.1,3168,106,
GCA_011524575.1,1734,34,
GCA_001683825.1,3690,82,
GCA_007097365.1,3243,200,
GCA_002022105.1,3465,103,
GCA_013042125.1,2022,43,
GCA_002954345.1,3244,60,
GCA_002482885.1,1892,54,
GCA_008086175.1,2926,53,
GCA_002470745.1,1180,31,
GCA_011044175.1,3038,55,
GCA_003815695.1,4998,104,
GCA_010500845.1,3884,86,
GCA_002682935.1,3139,90,
GCA_008831505.1,2576,43,
GCA_008630605.1,3576,201,
GCA_902705535.1,2857,41,
GCA_002201235.1,2331,68,
GCA_001431365.1,3352,96,
GCA_003614945.1,1764,27,
GCA_003385515.1,5588,92,
GCA_002896355.1,2001,38,
GCA_003315315.1,2610,57,
GCA_003729985.1,4600,112,
GCA_014220845.1,3851,108,
GCA_002025665.1,4790,100,
GCA_003385895.1,4084,192,
GCA_003058195.1,3694,107,
GCA_000466425.1,2524,39,
GCA_001510795.1,2381,53,
GCA_014281985.1,3119,56,
GCA_008124785.1,3136,54,
GCA_000734055.1,2099,46,
GCA_003293825.1,3819,115,
GCA_900156825.1,4407,118,
GCA_014243345.1,3143,84,
GCA_002693605.1,2063,44,
GCA_002700005.1,3184,33,
GCA_002360395.1,3258,131,
GCA_002723295.1,1158,23,
GCA_007827455.1,2680,70,
GCA_004121075.1,3467,155,
GCA_010614725.1,4740,266,
GCA_004804355.1,2956,126,
GCA_900460905.1,2118,62,
GCA_000430825.1,4002,126,
GCA_003865345.1,3286,78,
GCA_003524725.1,2943,67,
GCA_003590565.1,4649,234,
GCA_014220525.1,4348,94,
GCA_004139715.1,2889,73,
GCA_003517615.1,2683,53,
GCA_900104785.1,2799,77,
GCA_013003145.1,1984,45,
GCA_003058265.1,3689,107,
GCA_000152925.3,2903,84,
GCA_000769895.1,3027,55,
GCA_002789195.1,2640,51,
GCA_002797535.1,3726,125,
GCA_900142735.1,4399,220,
GCA_003852805.1,2086,32,
GCA_000827615.1,2336,84,
GCA_900186395.1,2454,56,
GCA_009690695.1,2138,45,
GCA_006088815.1,2408,66,
GCA_001670615.1,1997,34,
GCA_000688315.1,4171,123,
GCA_011612125.1,3463,103,
GCA_011316685.1,2801,65,
GCA_900610055.1,2153,41,
GCA_002696215.1,3959,95,
GCA_013215095.1,2763,43,
GCA_004328965.1,4217,109,
GCA_009827885.1,1965,29,
GCA_004349135.1,3509,92,
GCA_007992475.1,3607,98,
GCA_002744755.1,3780,175,
GCA_001671145.1,2046,48,
GCA_000153165.2,3399,127,
GCA_000293175.1,2585,41,
GCA_001521815.1,3667,112,
GCA_900141935.1,3556,116,
GCA_009810215.1,4037,106,
GCA_003362725.1,2780,75,
GCA_003488565.1,1070,23,
GCA_002291795.1,3745,182,
GCA_013042305.1,2369,60,
GCA_004104075.1,4056,215,
GCA_001439215.1,1837,46,
GCA_002693805.1,4409,195,
GCA_002702405.1,1321,26,
GCA_001295265.1,4552,97,
GCA_000756505.1,2307,73,
GCA_000153385.1,2782,57,
GCA_002494265.1,1348,34,
GCA_002401385.1,2609,111,
GCA_003024905.1,1960,38,
GCA_900156935.1,4650,129,
GCA_001670605.1,1934,38,
GCA_014220785.1,3705,106,
GCA_002698745.1,1297,43,
GCA_001013295.1,5380,94,
GCA_013215105.1,2711,26,
GCA_900638125.1,2668,83,
GCA_002737105.1,890,13,
GCA_002994045.1,2936,88,
GCA_000413415.1,3511,40,
GCA_002697255.1,1354,35,
GCA_002322625.1,2104,48,
GCA_004339485.1,4203,217,
GCA_900105985.1,3686,52,
GCA_002454815.1,2201,42,
GCA_002716845.1,1570,37,
GCA_000738495.1,4939,85,
GCA_002388705.1,2762,46,
GCA_003506665.1,2031,32,
GCA_011526335.1,1719,41,
GCA_003511845.1,2148,25,
GCA_009764235.1,3517,103,
GCA_000152945.2,2639,74,
GCA_002207815.1,2981,51,
GCA_002345565.1,2736,87,
GCA_900102925.1,3350,90,
GCA_003968755.1,2927,75,
GCA_011525015.1,1975,52,
GCA_003709165.1,2278,53,
GCA_009994385.1,2799,67,
GCA_002687665.1,1304,36,
GCA_013394675.1,3840,118,
GCA_003867075.1,3008,30,
GCA_002813285.1,4016,158,
GCA_010030075.1,1748,29,
GCA_900106575.1,2452,44,
GCA_002384125.1,1585,31,
GCA_900112575.1,4990,307,
GCA_010645075.1,4532,267,
GCA_003259835.1,2576,61,
GCA_000829375.1,4980,110,
GCA_002378585.1,1240,17,
GCA_008014695.1,2621,48,
GCA_002715155.1,3104,56,
GCA_013043825.1,2319,60,
GCA_000425645.1,2671,90,
GCA_011058315.1,3002,51,
GCA_006778465.1,2439,57,
GCA_002472765.1,2936,55,
GCA_002390165.1,2250,44,
GCA_002023625.1,3602,108,
GCA_002319955.1,1830,47,
GCA_013043865.1,2549,68,
GCA_002094855.1,4077,235,
GCA_000754365.1,2477,56,
GCA_001310225.1,3341,194,
GCA_003663845.1,4656,89,
GCA_013042665.1,2652,59,
GCA_003610635.1,2760,54,
GCA_001275605.1,4778,241,
GCA_002360095.1,2452,63,
GCA_900142055.1,2639,47,
GCA_900770875.1,2428,44,
GCA_003517005.1,1208,15,
GCA_013042075.1,2637,63,
GCA_002384245.1,1628,41,
GCA_010671565.1,3635,94,
GCA_002362875.1,2713,42,
GCA_003008475.2,2716,67,
GCA_900109615.1,2850,57,
GCA_002150295.1,2348,41,
GCA_003387615.1,3131,32,
GCA_009994285.1,2869,74,
GCA_014220925.1,3810,114,
GCA_000723205.1,3582,174,
GCA_002814075.1,3641,173,
GCA_002591275.1,4375,95,
GCA_900115205.1,2834,68,
GCA_011524905.1,1796,34,
GCA_001456155.1,3731,125,
GCA_900299535.1,4194,70,
GCA_001485515.1,2531,53,
GCA_001507335.1,3567,100,
GCA_001430865.1,2614,71,
GCA_008081325.1,1032,17,
GCA_002810405.1,2426,35,
GCA_002920895.1,3227,214,
GCA_900610095.1,2430,56,
GCA_002297505.1,2946,98,
GCA_008086185.1,3011,50,
GCA_002023175.1,3617,111,
GCA_001703835.1,3736,105,
GCA_004016525.1,3559,277,
GCA_005047595.1,3062,58,
GCA_002256385.1,3129,54,
GCA_012952015.1,3634,95,
GCA_013403925.1,3423,93,
GCA_004329815.1,2601,42,
GCA_900610035.1,2567,53,
GCA_900105105.1,3902,124,
GCA_003443695.1,4704,137,
GCA_003254095.1,3368,97,
GCA_013043525.1,1949,41,
GCA_900099995.1,3946,131,
GCA_000301095.1,2320,36,
GCA_001507425.1,5012,193,
GCA_900102915.1,2973,88,
GCA_002954385.1,2808,34,
GCA_002917885.1,2686,54,
GCA_002365405.1,1558,38,
GCA_003450515.1,2155,19,
GCA_002421305.1,2966,56,
GCA_000282115.1,4068,131,
GCA_002995685.1,3818,109,
GCA_000612925.1,4387,112,
GCA_013042595.1,2751,75,
GCA_000264055.1,3529,79,
GCA_002376145.1,2334,26,
GCA_003996965.1,5001,219,
GCA_004104375.1,3093,93,
GCA_000242135.1,3625,40,
GCA_003507715.1,2250,53,
GCA_003182335.1,4393,105,
GCA_000812865.1,2993,65,
GCA_003335085.1,2634,100,
GCA_003403075.1,4221,139,
GCA_900610225.1,2431,56,
GCA_902516685.1,862,23,
GCA_002477085.1,2339,37,
GCA_000297855.1,3553,39,
GCA_902706275.1,4169,91,
GCA_002430925.1,2773,45,
GCA_002754245.1,4707,92,
GCA_001898785.1,3242,77,
GCA_000971785.2,2650,54,
GCA_003626815.1,3033,53,
GCA_003001855.1,2878,75,
GCA_002358695.1,3624,148,
GCA_002770595.1,4009,119,
GCA_007990835.1,2637,62,
GCA_900100625.1,2683,51,
GCA_008084905.1,2792,48,
GCA_002954325.1,2951,68,
GCA_002703565.1,1297,44,
GCA_000801615.1,2187,53,
GCA_900156685.1,3076,82,
GCA_002023575.1,4085,105,
GCA_002217235.1,3172,83,
GCA_000213295.2,2152,62,
GCA_003426735.1,4213,130,
GCA_002728635.1,1401,35,
GCA_002340765.1,1651,44,
GCA_000520955.1,4310,100,
GCA_000799255.1,3528,101,
GCA_002167945.1,1649,26,
GCA_003450155.1,1580,34,
GCA_004115975.1,3913,117,
GCA_002354685.1,3360,145,
GCA_002379985.1,2646,53,
GCA_011927765.1,3000,136,
GCA_900610145.1,2315,56,
GCA_000744835.1,3236,123,
GCA_000422365.1,2688,70,
GCA_000243235.1,3516,105,
GCA_006777945.1,2393,55,
GCA_002909235.1,4633,153,
