#BGC Name	Clan Number	Family Number
GCA_000152985.1_contig1.region001	10091	10091
GCA_000687915.1_contig4.region001	10091	10091
GCA_002354685.1_contig12.region001	10091	10091
GCA_002360395.1_contig071.region001	10091	10091
GCA_002433745.1_contig41.region001	10091	10091
GCA_002693685.1_contig33.region001	10091	10091
GCA_002716005.1_contig57.region001	10091	10091
GCA_002744755.1_contig05.region001	10091	10091
GCA_003487285.1_contig133.region001	10091	10091
GCA_003510655.1_contig050.region001	10091	10091
GCA_004104035.1_contig11.region001	10091	10091
GCA_004104045.1_contig06.region001	10091	10091
GCA_011784865.1_contig1.region001	10091	10091
GCA_900129005.1_contig33.region001	10091	10091
GCA_900130045.1_contig11.region001	10091	10091
GCA_002909235.1_contig17.region001	5381	5381
GCA_002909255.1_contig23.region001	5381	5381
GCA_014397245.1_contig04.region001	5381	5381
GCA_900141935.1_contig63.region001	5381	5381
GCA_000482305.1_contig01.region001	6603	6603
GCA_002314375.1_contig16.region001	6603	6603
GCA_002472905.1_contig09.region001	6603	6603
GCA_002591275.1_contig1.region005	6603	6603
GCA_003812605.1_contig1.region003	6603	6603
GCA_003812865.1_contig1.region003	6603	6603
GCA_012273135.1_contig1.region003	6603	6603
GCA_014220055.1_contig11.region002	6603	6603
GCA_014220145.1_contig11.region001	6603	6603
GCA_014220155.1_contig11.region002	6603	6603
GCA_014220165.1_contig11.region002	6603	6603
GCA_014220225.1_contig11.region002	6603	6603
GCA_014220245.1_contig11.region001	6603	6603
GCA_014220265.1_contig11.region003	6603	6603
GCA_014220395.1_contig11.region001	6603	6603
GCA_014220465.1_contig02.region001	6603	6603
GCA_014220475.1_contig046.region003	6603	6603
GCA_014220695.1_contig62.region001	6603	6603
GCA_000733925.1_contig3.region001	5710	5710
GCA_001748465.2_contig005.region001	5710	5710
GCA_002234495.1_contig1.region004	5710	5710
GCA_002363855.1_contig081.region001	5710	5710
GCA_002364255.1_contig28.region001	5710	5710
GCA_003201775.1_contig14.region001	5710	5710
GCA_003259375.1_contig03.region001	5710	5710
GCA_003426735.1_contig12.region001	5710	5710
GCA_006789585.1_contig1.region002	5710	5710
GCA_012272855.1_contig46.region001	5710	5710
GCA_900129275.1_contig23.region001	5710	5710
GCA_900177645.1_contig09.region001	5710	5710
GCA_001447995.1_contig01.region003	4148	3167
GCA_900105105.1_contig1.region003	4148	3167
GCA_900112245.1_contig9.region002	4148	3167
GCA_000688315.1_contig2.region001	4148	4148
GCA_001865655.1_contig1.region002	4148	4148
GCA_002295505.1_contig078.region001	4148	4148
GCA_002325035.1_contig16.region001	4148	4148
GCA_002362375.1_contig18.region001	4148	4148
GCA_002388445.1_contig27.region001	4148	4148
GCA_002435115.1_contig02.region001	4148	4148
GCA_002700155.1_contig1.region002	4148	4148
GCA_004364165.1_contig01.region002	4148	4148
GCA_900105545.1_contig2.region002	4148	4148
GCA_900142175.1_contig02.region002	4148	4148
GCA_902506355.1_contig1.region002	4148	4148
GCA_000832125.1_contig16.region001	9847	4196
GCA_001428525.1_contig10.region002	9847	4196
GCA_002217285.1_contig024.region002	9847	4196
GCA_002217315.1_contig06.region001	9847	4196
GCA_002304005.1_contig12.region001	9847	4196
GCA_002482975.1_contig14.region001	9847	4196
GCA_003122385.1_contig1.region007	9847	4196
GCA_003254625.1_contig41.region001	9847	4196
GCA_003312915.1_contig1.region005	9847	4196
GCA_004366435.1_contig02.region001	9847	4196
GCA_014204385.1_contig03.region001	9847	4196
GCA_014207905.1_contig03.region001	9847	4196
GCA_900129555.1_contig08.region001	9847	4196
GCA_900142735.1_contig09.region002	9847	4196
GCA_900450525.1_contig4.region001	9847	4196
GCA_902167265.1_contig1.region007	9847	4196
GCA_902167275.1_contig4.region007	9847	4196
GCA_902167285.2_contig2.region006	9847	4196
GCA_001275605.1_contig02.region001	9847	5610
GCA_002210235.1_contig24.region001	9847	5610
GCA_003070725.1_contig189.region001	9847	5610
GCA_903819335.1_contig47.region001	9847	5610
GCA_001429295.1_contig08.region002	9847	9847
GCA_003385115.1_contig01.region002	9847	9847
GCA_013393195.1_contig23.region001	9847	9847
GCA_900110335.1_contig07.region001	9847	9847
GCA_900112575.1_contig09.region001	9847	9847
GCA_900129795.1_contig15.region001	9847	9847
GCA_902168145.1_contig06.region001	9847	9847
GCA_000153485.2_contig1.region004	1848	1848
GCA_000154725.1_contig1.region001	1848	1849
GCA_000171875.1_contig5.region002	1848	1858
GCA_000212355.1_contig1.region003	1848	1890
GCA_000355805.1_contig1.region003	1848	1890
GCA_000224335.2_contig33.region001	1848	1904
GCA_000278705.1_contig42.region001	1848	1959
GCA_001705175.1_contig1.region005	1848	1959
GCA_003254565.1_contig150.region001	1848	1959
GCA_003590565.1_contig1.region003	1848	1959
GCA_004151235.1_contig15.region001	1848	1959
GCA_008369745.1_contig1.region005	1848	1959
GCA_009826975.1_contig23.region001	1848	1959
GCA_900101855.1_contig09.region001	1848	1959
GCA_900182675.1_contig06.region001	1848	1959
GCA_000332115.1_contig1.region001	1848	2008
GCA_000332115.1_contig1.region003	1848	2010
GCA_002934445.1_contig02.region001	1848	2010
GCA_002954345.1_contig02.region001	1848	2010
GCA_003254015.1_contig06.region001	1848	2010
GCA_000152925.3_contig1.region001	1848	2035
GCA_000212355.1_contig1.region004	1848	2035
GCA_000265385.1_contig1.region003	1848	2035
GCA_000355805.1_contig1.region004	1848	2035
GCA_007827285.1_contig1.region002	1848	2035
GCA_000153485.2_contig1.region001	1848	2037
GCA_000355905.1_contig04.region001	1848	2037
GCA_000378765.1_contig02.region002	1848	2037
GCA_001573155.1_contig03.region001	1848	2037
GCA_001683915.1_contig092.region001	1848	2037
GCA_002696485.1_contig23.region001	1848	2037
GCA_002733915.1_contig05.region001	1848	2037
GCA_002836055.1_contig223.region001	1848	2037
GCA_007997315.1_contig051.region001	1848	2037
GCA_009014635.1_contig03.region001	1848	2037
GCA_900099815.1_contig15.region001	1848	2037
GCA_000378485.1_contig01.region001	1848	2044
GCA_000769825.1_contig62.region001	1848	2044
GCA_900114045.1_contig10.region001	1848	2044
GCA_900148835.1_contig04.region001	1848	2044
GCA_000383355.1_contig01.region001	1848	2059
GCA_000419685.1_contig02.region001	1848	2075
GCA_000424985.1_contig004.region001	1848	2113
GCA_000429545.1_contig01.region001	1848	2113
GCA_000425485.1_contig03.region001	1848	2131
GCA_000425645.1_contig02.region001	1848	2139
GCA_000430665.1_contig003.region001	1848	2182
GCA_000520955.1_contig032.region001	1848	2292
GCA_000430665.1_contig042.region001	1848	2302
GCA_000520975.1_contig039.region001	1848	2302
GCA_000520995.1_contig047.region001	1848	2302
GCA_900089995.1_contig06.region001	1848	2302
GCA_900299475.1_contig119.region001	1848	2302
GCA_900299525.1_contig21.region001	1848	2302
GCA_900624725.1_contig003.region001	1848	2302
GCA_000621125.1_contig01.region001	1848	2332
GCA_000621125.1_contig03.region001	1848	2335
GCA_000687935.1_contig1.region001	1848	2354
GCA_000695795.1_contig32.region001	1848	2370
GCA_000733945.1_contig2.region003	1848	2397
GCA_000737705.1_contig08.region001	1848	2439
GCA_000737715.1_contig09.region001	1848	2445
GCA_000737765.1_contig11.region001	1848	2445
GCA_000800075.1_contig09.region002	1848	2445
GCA_002754245.1_contig1.region009	1848	2445
GCA_002943655.1_contig01.region001	1848	2445
GCA_003520985.1_contig11.region001	1848	2445
GCA_900115055.1_contig07.region003	1848	2445
GCA_900128945.1_contig02.region002	1848	2445
GCA_900156575.1_contig06.region004	1848	2445
GCA_000744105.1_contig1.region002	1848	2494
GCA_000744275.1_contig5.region005	1848	2503
GCA_000744275.1_contig7.region001	1848	2504
GCA_000745795.1_contig06.region001	1848	2550
GCA_000747685.1_contig33.region001	1848	2583
GCA_000755325.1_contig17.region001	1848	2583
GCA_000764815.1_contig45.region001	1848	2583
GCA_000757385.1_contig4.region001	1848	2588
GCA_002217235.1_contig17.region001	1848	2588
GCA_003525665.1_contig104.region001	1848	2588
GCA_006539785.1_contig05.region001	1848	2588
GCA_000422725.1_contig01.region001	1848	2627
GCA_000769935.1_contig01.region001	1848	2627
GCA_000797465.1_contig55.region001	1848	2642
GCA_000799195.1_contig13.region001	1848	2649
GCA_000812985.1_contig123.region001	1848	2773
GCA_000813005.1_contig20.region001	1848	2773
GCA_000799455.1_contig12.region001	1848	2785
GCA_000813825.1_contig34.region002	1848	2785
GCA_000612925.1_contig11.region001	1848	2793
GCA_000820645.1_contig11.region001	1848	2793
GCA_000799465.1_contig1.region001	1848	2797
GCA_000826655.1_contig024.region001	1848	2797
GCA_000943555.1_contig19.region001	1848	2850
GCA_000943565.1_contig15.region001	1848	2853
GCA_000973105.1_contig1.region005	1848	2892
GCA_001005305.1_contig34.region001	1848	2902
GCA_001005315.1_contig156.region001	1848	2912
GCA_001013295.1_contig001.region001	1848	2921
GCA_001684965.1_contig01.region004	1848	2921
GCA_002315415.1_contig04.region001	1848	2921
GCA_003385455.1_contig10.region001	1848	2921
GCA_014218825.1_contig44.region002	1848	2921
GCA_014218885.1_contig64.region001	1848	2921
GCA_014220045.1_contig03.region001	1848	2921
GCA_014220635.1_contig07.region001	1848	2921
GCA_001020565.1_contig1.region001	1848	2929
GCA_001027725.1_contig12.region002	1848	2950
GCA_000737695.1_contig36.region001	1848	2951
GCA_001027725.1_contig15.region001	1848	2951
GCA_002217335.1_contig12.region001	1848	2951
GCA_000737715.1_contig27.region001	1848	2984
GCA_001045465.1_contig11.region001	1848	2984
GCA_001295265.1_contig01.region002	1848	3019
GCA_001297705.1_contig05.region001	1848	3027
GCA_900142445.1_contig05.region001	1848	3027
GCA_001401755.1_contig01.region003	1848	3040
GCA_001401755.1_contig05.region002	1848	3044
GCA_001404985.1_contig15.region001	1848	3066
GCA_001431805.1_contig1.region003	1848	3152
GCA_001708385.1_contig1.region003	1848	3152
GCA_000425305.1_contig12.region001	1848	3161
GCA_000688335.1_contig1.region002	1848	3161
GCA_000766805.1_contig1.region001	1848	3161
GCA_000797465.1_contig62.region001	1848	3161
GCA_000826645.1_contig06.region001	1848	3161
GCA_000934685.1_contig1.region002	1848	3161
GCA_001439315.1_contig100.region001	1848	3161
GCA_002340765.1_contig56.region001	1848	3161
GCA_002382405.1_contig089.region001	1848	3161
GCA_002713495.1_contig16.region001	1848	3161
GCA_002781585.1_contig056.region001	1848	3161
GCA_002784685.1_contig07.region001	1848	3161
GCA_002785365.1_contig21.region001	1848	3161
GCA_002789175.1_contig22.region001	1848	3161
GCA_009994925.1_contig67.region001	1848	3161
GCA_009995145.1_contig084.region001	1848	3161
GCA_011379025.1_contig68.region001	1848	3161
GCA_011762485.1_contig09.region001	1848	3161
GCA_013407935.1_contig02.region001	1848	3161
GCA_001529295.1_contig34.region001	1848	3235
GCA_001648155.1_contig1.region004	1848	3351
GCA_003815655.1_contig1.region005	1848	3351
GCA_900114875.1_contig10.region001	1848	3351
GCA_000143785.1_contig1.region004	1848	3402
GCA_000799645.1_contig04.region001	1848	3402
GCA_000829375.1_contig1.region010	1848	3402
GCA_001544435.1_contig132.region001	1848	3402
GCA_001684955.1_contig340.region001	1848	3402
GCA_002338325.1_contig06.region001	1848	3402
GCA_002340165.1_contig12.region002	1848	3402
GCA_002430025.1_contig36.region001	1848	3402
GCA_002455915.1_contig033.region001	1848	3402
GCA_003182335.1_contig15.region001	1848	3402
GCA_003384725.1_contig20.region001	1848	3402
GCA_003523505.1_contig101.region001	1848	3402
GCA_003815935.1_contig1.region005	1848	3402
GCA_003815955.1_contig1.region004	1848	3402
GCA_003815975.1_contig1.region007	1848	3402
GCA_004119445.1_contig006.region001	1848	3402
GCA_007991415.1_contig005.region001	1848	3402
GCA_008386505.1_contig01.region004	1848	3402
GCA_009900745.1_contig03.region001	1848	3402
GCA_011752975.1_contig32.region001	1848	3402
GCA_014218785.1_contig02.region001	1848	3402
GCA_014220755.1_contig19.region001	1848	3402
GCA_014220895.1_contig22.region001	1848	3402
GCA_900108365.1_contig11.region003	1848	3402
GCA_900156735.1_contig08.region002	1848	3402
GCA_900176315.1_contig14.region001	1848	3402
GCA_900636535.1_contig1.region004	1848	3402
GCA_900637665.1_contig1.region003	1848	3402
GCA_000745535.1_contig27.region001	1848	3413
GCA_001021975.1_contig1.region001	1848	3413
GCA_001684975.1_contig01.region002	1848	3413
GCA_002420545.1_contig12.region002	1848	3413
GCA_003201365.1_contig03.region001	1848	3413
GCA_003385515.1_contig03.region001	1848	3413
GCA_003729935.1_contig23.region003	1848	3413
GCA_003755145.1_contig01.region004	1848	3413
GCA_003812705.1_contig1.region004	1848	3413
GCA_003815715.1_contig1.region006	1848	3413
GCA_003815735.1_contig1.region001	1848	3413
GCA_004119415.1_contig111.region003	1848	3413
GCA_004119455.1_contig199.region002	1848	3413
GCA_004916905.1_contig25.region001	1848	3413
GCA_012273615.1_contig1.region002	1848	3413
GCA_900078205.2_contig7.region004	1848	3413
GCA_900100075.1_contig19.region001	1848	3413
GCA_900142615.1_contig07.region001	1848	3413
GCA_900142785.1_contig42.region001	1848	3413
GCA_900156015.1_contig19.region001	1848	3413
GCA_900446855.1_contig06.region001	1848	3413
GCA_001686945.1_contig17.region001	1848	3433
GCA_001831475.1_contig1.region003	1848	3433
GCA_001747085.1_contig07.region001	1848	3461
GCA_001747085.1_contig54.region002	1848	3466
GCA_001680885.1_contig23.region001	1848	3480
GCA_001761365.1_contig1.region002	1848	3480
GCA_002954685.1_contig1.region002	1848	3480
GCA_003537695.1_contig088.region001	1848	3480
GCA_001936575.1_contig007.region001	1848	3577
GCA_002117125.1_contig1.region002	1848	3813
GCA_000422705.1_contig05.region001	1848	3820
GCA_000425505.1_contig02.region001	1848	3820
GCA_000737695.1_contig24.region001	1848	3820
GCA_000812945.1_contig01.region002	1848	3820
GCA_000812985.1_contig113.region001	1848	3820
GCA_000813005.1_contig03.region001	1848	3820
GCA_001975985.1_contig03.region001	1848	3820
GCA_002150205.1_contig184.region001	1848	3820
GCA_002156885.1_contig045.region001	1848	3820
GCA_002217335.1_contig17.region001	1848	3820
GCA_002483285.1_contig35.region001	1848	3820
GCA_002836475.1_contig23.region001	1848	3820
GCA_003003155.1_contig05.region001	1848	3820
GCA_003097535.1_contig1.region004	1848	3820
GCA_003097635.1_contig05.region001	1848	3820
GCA_003268815.1_contig05.region001	1848	3820
GCA_003449615.1_contig063.region001	1848	3820
GCA_003484045.1_contig202.region001	1848	3820
GCA_003634825.1_contig1.region003	1848	3820
GCA_003668995.1_contig1.region001	1848	3820
GCA_003688495.1_contig03.region001	1848	3820
GCA_007097245.1_contig11.region001	1848	3820
GCA_007097365.1_contig02.region001	1848	3820
GCA_007109265.1_contig136.region001	1848	3820
GCA_007992475.1_contig08.region001	1848	3820
GCA_009693635.1_contig10.region001	1848	3820
GCA_010365135.1_contig239.region001	1848	3820
GCA_011392125.1_contig04.region001	1848	3820
GCA_013294025.1_contig01.region001	1848	3820
GCA_014305095.1_contig04.region001	1848	3820
GCA_014305115.1_contig04.region001	1848	3820
GCA_900100375.1_contig15.region001	1848	3820
GCA_900101895.1_contig47.region001	1848	3820
GCA_900106645.1_contig19.region001	1848	3820
GCA_900108015.1_contig16.region001	1848	3820
GCA_902506345.1_contig05.region002	1848	3820
GCA_002150785.1_contig009.region001	1848	3837
GCA_002320285.1_contig09.region001	1848	3837
GCA_008711145.1_contig111.region001	1848	3837
GCA_002163875.1_contig1.region001	1848	3857
GCA_002201235.1_contig14.region001	1848	3892
GCA_002201315.1_contig01.region001	1848	3893
GCA_002216065.1_contig1.region001	1848	3946
GCA_002216065.1_contig1.region005	1848	3950
GCA_000737695.1_contig20.region001	1848	3994
GCA_000812985.1_contig115.region001	1848	3994
GCA_000813005.1_contig06.region001	1848	3994
GCA_002156885.1_contig016.region001	1848	3994
GCA_002217335.1_contig22.region001	1848	3994
GCA_001422725.1_contig13.region001	1848	4001
GCA_002217365.1_contig01.region001	1848	4001
GCA_900142715.1_contig06.region001	1848	4001
GCA_002217355.1_contig16.region001	1848	4012
GCA_002217395.1_contig23.region001	1848	4012
GCA_002754275.1_contig1.region003	1848	4012
GCA_003061345.1_contig1230.region001	1848	4012
GCA_004119505.1_contig09.region001	1848	4012
GCA_900142685.1_contig19.region002	1848	4012
GCA_000737685.1_contig01.region003	1848	4017
GCA_002217435.1_contig23.region001	1848	4017
GCA_000335775.1_contig04.region001	1848	4027
GCA_001853485.1_contig22.region001	1848	4027
GCA_002217445.1_contig19.region001	1848	4027
GCA_002217475.1_contig016.region001	1848	4027
GCA_007097385.1_contig17.region001	1848	4027
GCA_902804485.1_contig066.region001	1848	4027
GCA_000335775.1_contig09.region001	1848	4047
GCA_001853485.1_contig02.region001	1848	4047
GCA_002217445.1_contig33.region001	1848	4047
GCA_002217475.1_contig042.region001	1848	4047
GCA_000016645.1_contig1.region007	1848	4050
GCA_002221975.1_contig13.region001	1848	4050
GCA_003633855.1_contig1.region002	1848	4050
GCA_003688785.1_contig1.region007	1848	4050
GCA_008329825.1_contig1.region004	1848	4050
GCA_900142355.1_contig08.region001	1848	4050
GCA_001686925.1_contig21.region001	1848	4058
GCA_002007065.3_contig1.region007	1848	4058
GCA_002222045.1_contig035.region001	1848	4058
GCA_003633595.1_contig04.region001	1848	4058
GCA_002222055.1_contig071.region001	1848	4064
GCA_003148525.1_contig09.region001	1848	4064
GCA_002222055.1_contig074.region001	1848	4066
GCA_003148525.1_contig03.region001	1848	4066
GCA_002251775.1_contig165.region001	1848	4076
GCA_000153225.1_contig1.region001	1848	4084
GCA_000264055.1_contig016.region001	1848	4084
GCA_000282055.1_contig016.region001	1848	4084
GCA_001879205.1_contig13.region001	1848	4084
GCA_002197835.1_contig3.region001	1848	4084
GCA_002251835.1_contig206.region001	1848	4084
GCA_002256285.1_contig29.region001	1848	4084
GCA_003055625.1_contig1.region005	1848	4084
GCA_003202405.1_contig21.region005	1848	4084
GCA_003386855.1_contig03.region001	1848	4084
GCA_009664855.1_contig1.region001	1848	4084
GCA_014281985.1_contig48.region001	1848	4084
GCA_900129585.1_contig18.region001	1848	4084
GCA_900129705.1_contig15.region001	1848	4084
GCA_002256385.1_contig075.region001	1848	4087
GCA_002266855.1_contig01.region001	1848	4089
GCA_002364335.1_contig71.region001	1848	4089
GCA_003260205.1_contig10.region001	1848	4089
GCA_003335675.1_contig09.region001	1848	4089
GCA_003362725.1_contig10.region001	1848	4089
GCA_005869935.1_contig10.region001	1848	4089
GCA_009498295.1_contig1.region002	1848	4089
GCA_009709615.1_contig299.region001	1848	4089
GCA_009903685.1_contig11.region001	1848	4089
GCA_013213975.1_contig104.region001	1848	4089
GCA_014243395.1_contig01.region001	1848	4089
GCA_002269385.1_contig1.region004	1848	4094
GCA_003933245.1_contig2.region001	1848	4094
GCA_008370685.1_contig186.region001	1848	4094
GCA_900155985.1_contig12.region001	1848	4094
GCA_002297705.1_contig314.region001	1848	4162
GCA_002303885.1_contig10.region001	1848	4189
GCA_002325685.1_contig004.region001	1848	4263
GCA_002337205.1_contig040.region001	1848	4277
GCA_002352665.1_contig086.region001	1848	4321
GCA_002401385.1_contig54.region001	1848	4534
GCA_002383055.1_contig65.region001	1848	4544
GCA_002403935.1_contig05.region001	1848	4544
GCA_002413745.1_contig51.region001	1848	4544
GCA_002427935.1_contig54.region001	1848	4544
GCA_002429185.1_contig223.region001	1848	4544
GCA_002429285.1_contig095.region001	1848	4544
GCA_004349355.1_contig05.region001	1848	4544
GCA_000423005.1_contig15.region001	1848	4604
GCA_002426755.1_contig32.region001	1848	4604
GCA_002426835.1_contig082.region001	1848	4608
GCA_009746565.1_contig36.region001	1848	4608
GCA_002428305.1_contig32.region001	1848	4612
GCA_002429285.1_contig021.region001	1848	4619
GCA_002471425.1_contig07.region001	1848	4734
GCA_002471825.1_contig04.region001	1848	4842
GCA_002686575.1_contig13.region001	1848	4842
GCA_002699205.1_contig51.region001	1848	4932
GCA_002711455.1_contig08.region001	1848	4932
GCA_002700005.1_contig0447.region001	1848	4935
GCA_003387615.1_contig02.region001	1848	4935
GCA_003867015.1_contig1.region005	1848	4935
GCA_003937815.1_contig18.region001	1848	4935
GCA_002721275.1_contig02.region001	1848	5047
GCA_002338705.1_contig17.region001	1848	5054
GCA_002352865.1_contig12.region001	1848	5054
GCA_002364135.1_contig63.region001	1848	5054
GCA_002364215.1_contig15.region001	1848	5054
GCA_002365615.1_contig43.region001	1848	5054
GCA_002384895.1_contig32.region001	1848	5054
GCA_002414425.1_contig06.region001	1848	5054
GCA_002414565.1_contig02.region001	1848	5054
GCA_002414725.1_contig31.region001	1848	5054
GCA_002415015.1_contig08.region001	1848	5054
GCA_002453015.1_contig125.region001	1848	5054
GCA_002683555.1_contig19.region001	1848	5054
GCA_002715485.1_contig43.region001	1848	5054
GCA_002726175.1_contig12.region001	1848	5054
GCA_003487925.1_contig004.region001	1848	5054
GCA_010906935.1_contig132.region001	1848	5054
GCA_002733415.1_contig93.region001	1848	5071
GCA_002754245.1_contig1.region003	1848	5120
GCA_002835665.1_contig53.region001	1848	5246
GCA_000264055.1_contig014.region001	1848	5257
GCA_002836475.1_contig26.region001	1848	5257
GCA_004349145.1_contig30.region001	1848	5257
GCA_008033395.2_contig21.region001	1848	5257
GCA_900107635.1_contig11.region001	1848	5257
GCA_002836595.1_contig1.region004	1848	5262
GCA_002846555.1_contig1.region002	1848	5274
GCA_002895435.1_contig03.region001	1848	5317
GCA_002895435.1_contig37.region001	1848	5323
GCA_002920895.1_contig19.region001	1848	5394
GCA_002924285.1_contig002.region001	1848	5396
GCA_002924285.1_contig042.region001	1848	5399
GCA_000755305.1_contig14.region001	1848	5441
GCA_001430865.1_contig1.region001	1848	5441
GCA_002117085.1_contig1.region001	1848	5441
GCA_002954355.1_contig16.region001	1848	5441
GCA_011784885.1_contig1.region001	1848	5441
GCA_002964965.1_contig02.region001	1848	5458
GCA_002964975.1_contig46.region001	1848	5458
GCA_000764775.1_contig75.region001	1848	5463
GCA_000764795.1_contig84.region001	1848	5463
GCA_000775755.1_contig94.region001	1848	5463
GCA_002973595.1_contig03.region001	1848	5463
GCA_003054265.1_contig04.region001	1848	5559
GCA_003061345.1_contig0885.region001	1848	5587
GCA_000520835.1_contig27.region001	1848	5596
GCA_000737775.1_contig43.region001	1848	5596
GCA_000738495.1_contig04.region002	1848	5596
GCA_000799235.1_contig11.region001	1848	5596
GCA_000799325.1_contig10.region003	1848	5596
GCA_000799335.1_contig05.region002	1848	5596
GCA_000799375.1_contig2.region002	1848	5596
GCA_001027725.1_contig32.region001	1848	5596
GCA_001045465.1_contig03.region002	1848	5596
GCA_001563495.1_contig01.region003	1848	5596
GCA_001593385.1_contig23.region002	1848	5596
GCA_002025665.1_contig1.region004	1848	5596
GCA_002285635.2_contig1.region002	1848	5596
GCA_002294525.1_contig09.region001	1848	5596
GCA_002390905.1_contig175.region001	1848	5596
GCA_002392055.1_contig09.region001	1848	5596
GCA_002476825.1_contig077.region001	1848	5596
GCA_002899825.2_contig001.region007	1848	5596
GCA_002899875.1_contig12.region002	1848	5596
GCA_002899895.2_contig01.region002	1848	5596
GCA_002899945.2_contig12.region002	1848	5596
GCA_002979455.1_contig39.region001	1848	5596
GCA_002979665.1_contig01.region001	1848	5596
GCA_002979755.1_contig01.region004	1848	5596
GCA_003020585.1_contig07.region002	1848	5596
GCA_003061395.1_contig0525.region001	1848	5596
GCA_003347605.1_contig01.region002	1848	5596
GCA_003385595.1_contig04.region001	1848	5596
GCA_003537025.1_contig12.region001	1848	5596
GCA_003610675.1_contig01.region004	1848	5596
GCA_003663845.1_contig1.region007	1848	5596
GCA_003729985.1_contig24.region001	1848	5596
GCA_003815755.1_contig1.region005	1848	5596
GCA_003815775.1_contig1.region004	1848	5596
GCA_003815875.1_contig1.region010	1848	5596
GCA_003852415.1_contig16.region001	1848	5596
GCA_003971235.1_contig1.region006	1848	5596
GCA_004137745.1_contig1.region004	1848	5596
GCA_004328965.1_contig1.region005	1848	5596
GCA_005503635.1_contig04.region001	1848	5596
GCA_005862425.1_contig18.region001	1848	5596
GCA_006716485.1_contig1.region005	1848	5596
GCA_006829085.1_contig03.region002	1848	5596
GCA_008274625.1_contig01.region003	1848	5596
GCA_008386485.1_contig31.region002	1848	5596
GCA_009602705.1_contig1.region004	1848	5596
GCA_009648515.1_contig1.region008	1848	5596
GCA_009648535.1_contig1.region004	1848	5596
GCA_014207835.1_contig1.region004	1848	5596
GCA_900113975.1_contig05.region001	1848	5596
GCA_900156585.1_contig12.region001	1848	5596
GCA_900156585.1_contig19.region001	1848	5596
GCA_900156935.1_contig02.region002	1848	5596
GCA_900182655.1_contig06.region002	1848	5596
GCA_900460995.1_contig1.region006	1848	5596
GCA_903969135.1_contig1.region003	1848	5596
GCA_003076455.1_contig1.region002	1848	5617
GCA_003076475.1_contig1.region004	1848	5622
GCA_003095655.1_contig1.region004	1848	5636
GCA_003096035.1_contig1.region003	1848	5639
GCA_003097655.1_contig13.region001	1848	5653
GCA_002222055.1_contig069.region001	1848	5678
GCA_003148525.1_contig05.region001	1848	5678
GCA_003217215.1_contig02.region001	1848	5738
GCA_003208535.1_contig18.region001	1848	5748
GCA_003217415.1_contig20.region001	1848	5748
GCA_004341805.1_contig20.region001	1848	5748
GCA_003232155.1_contig247.region001	1848	5754
GCA_000382125.1_contig03.region001	1848	5759
GCA_000403785.1_contig54.region002	1848	5759
GCA_000422265.1_contig04.region001	1848	5759
GCA_000423045.1_contig3.region001	1848	5759
GCA_000423065.1_contig03.region002	1848	5759
GCA_000423585.1_contig01.region001	1848	5759
GCA_000424645.1_contig1.region003	1848	5759
GCA_000429125.1_contig02.region001	1848	5759
GCA_000477035.2_contig1.region004	1848	5759
GCA_000688315.1_contig3.region001	1848	5759
GCA_000729985.1_contig2.region001	1848	5759
GCA_000732625.1_contig32.region002	1848	5759
GCA_000744105.1_contig1.region004	1848	5759
GCA_000744275.1_contig5.region004	1848	5759
GCA_000744555.1_contig2.region001	1848	5759
GCA_000745315.1_contig1.region002	1848	5759
GCA_000746845.1_contig01.region001	1848	5759
GCA_000755265.1_contig38.region001	1848	5759
GCA_000755285.1_contig22.region001	1848	5759
GCA_000769435.1_contig9.region001	1848	5759
GCA_000799465.1_contig1.region003	1848	5759
GCA_000812875.1_contig03.region002	1848	5759
GCA_000831385.1_contig1.region003	1848	5759
GCA_000952855.1_contig06.region001	1848	5759
GCA_000981625.1_contig38.region001	1848	5759
GCA_001280865.1_contig1.region001	1848	5759
GCA_001306415.1_contig01.region002	1848	5759
GCA_001413925.1_contig1.region003	1848	5759
GCA_001413955.1_contig1.region001	1848	5759
GCA_001418015.1_contig26.region001	1848	5759
GCA_001430825.1_contig1.region002	1848	5759
GCA_001431365.1_contig37.region002	1848	5759
GCA_001439665.1_contig08.region001	1848	5759
GCA_001641085.1_contig01.region001	1848	5759
GCA_001653755.1_contig1.region004	1848	5759
GCA_001673755.1_contig12.region001	1848	5759
GCA_001683825.1_contig87.region001	1848	5759
GCA_001752425.1_contig50.region001	1848	5759
GCA_001873065.1_contig21.region001	1848	5759
GCA_001873105.1_contig55.region001	1848	5759
GCA_001889005.1_contig1.region003	1848	5759
GCA_001913155.1_contig1.region003	1848	5759
GCA_001932675.1_contig1.region001	1848	5759
GCA_001936575.1_contig019.region001	1848	5759
GCA_001971725.1_contig1.region002	1848	5759
GCA_002291725.1_contig044.region001	1848	5759
GCA_002304765.1_contig028.region001	1848	5759
GCA_002308695.1_contig17.region001	1848	5759
GCA_002311535.1_contig27.region001	1848	5759
GCA_002320855.1_contig02.region001	1848	5759
GCA_002323475.1_contig23.region001	1848	5759
GCA_002337605.1_contig16.region001	1848	5759
GCA_002354475.1_contig06.region001	1848	5759
GCA_002363875.1_contig01.region001	1848	5759
GCA_002364325.1_contig1.region002	1848	5759
GCA_002364535.1_contig62.region001	1848	5759
GCA_002376145.1_contig13.region001	1848	5759
GCA_002379965.1_contig040.region001	1848	5759
GCA_002384345.1_contig03.region001	1848	5759
GCA_002388705.1_contig024.region001	1848	5759
GCA_002414635.1_contig07.region001	1848	5759
GCA_002415135.1_contig10.region003	1848	5759
GCA_002426065.1_contig43.region001	1848	5759
GCA_002452945.1_contig070.region001	1848	5759
GCA_002454815.1_contig15.region001	1848	5759
GCA_002477085.1_contig33.region001	1848	5759
GCA_002477665.1_contig03.region001	1848	5759
GCA_002631855.1_contig12.region001	1848	5759
GCA_002683495.1_contig147.region001	1848	5759
GCA_002692745.1_contig038.region001	1848	5759
GCA_002693005.1_contig36.region001	1848	5759
GCA_002693605.1_contig011.region001	1848	5759
GCA_002695265.1_contig010.region001	1848	5759
GCA_002696305.1_contig086.region001	1848	5759
GCA_002699265.1_contig8.region001	1848	5759
GCA_002707745.1_contig056.region001	1848	5759
GCA_002710605.1_contig012.region001	1848	5759
GCA_002715155.1_contig05.region001	1848	5759
GCA_002715605.1_contig10.region001	1848	5759
GCA_002716225.1_contig11.region001	1848	5759
GCA_002742265.1_contig181.region001	1848	5759
GCA_002742365.1_contig74.region001	1848	5759
GCA_002746415.1_contig05.region001	1848	5759
GCA_002770945.1_contig063.region001	1848	5759
GCA_002781025.1_contig073.region001	1848	5759
GCA_002782545.1_contig052.region001	1848	5759
GCA_002785385.1_contig167.region001	1848	5759
GCA_002789195.1_contig180.region001	1848	5759
GCA_002813125.1_contig1.region001	1848	5759
GCA_002813285.1_contig1.region006	1848	5759
GCA_002831645.1_contig1.region001	1848	5759
GCA_002831665.1_contig1.region002	1848	5759
GCA_002833365.1_contig47.region001	1848	5759
GCA_002833385.1_contig55.region001	1848	5759
GCA_002836085.1_contig12.region001	1848	5759
GCA_002846595.1_contig1.region002	1848	5759
GCA_002900095.1_contig2.region002	1848	5759
GCA_002900225.1_contig021.region001	1848	5759
GCA_002924285.1_contig066.region001	1848	5759
GCA_002943715.1_contig13.region002	1848	5759
GCA_002943755.1_contig1.region002	1848	5759
GCA_002954325.1_contig1.region001	1848	5759
GCA_002954645.1_contig1.region002	1848	5759
GCA_002954665.1_contig2.region001	1848	5759
GCA_002954765.1_contig1.region003	1848	5759
GCA_002966125.1_contig1.region003	1848	5759
GCA_002994045.1_contig4.region002	1848	5759
GCA_003001695.1_contig2.region002	1848	5759
GCA_003001855.1_contig03.region001	1848	5759
GCA_003024155.1_contig1.region002	1848	5759
GCA_003054225.1_contig2.region002	1848	5759
GCA_003075045.1_contig01.region001	1848	5759
GCA_003095375.1_contig03.region001	1848	5759
GCA_003095655.1_contig1.region003	1848	5759
GCA_003149745.1_contig2.region001	1848	5759
GCA_003232435.1_contig251.region001	1848	5759
GCA_003450155.1_contig148.region001	1848	5759
GCA_003484565.1_contig333.region001	1848	5759
GCA_003581615.1_contig55.region001	1848	5759
GCA_003626755.1_contig07.region002	1848	5759
GCA_003634585.1_contig02.region001	1848	5759
GCA_003687485.1_contig1.region003	1848	5759
GCA_003688405.1_contig02.region001	1848	5759
GCA_003688895.1_contig34.region001	1848	5759
GCA_003730065.1_contig1.region001	1848	5759
GCA_003860505.1_contig1.region001	1848	5759
GCA_003860585.1_contig1.region003	1848	5759
GCA_003966335.1_contig1.region002	1848	5759
GCA_003970695.1_contig1.region001	1848	5759
GCA_003992675.1_contig08.region001	1848	5759
GCA_004010055.1_contig07.region001	1848	5759
GCA_004122145.1_contig59.region001	1848	5759
GCA_004139715.1_contig1.region004	1848	5759
GCA_004296335.1_contig1.region001	1848	5759
GCA_004332155.1_contig12.region001	1848	5759
GCA_004359195.1_contig1.region001	1848	5759
GCA_004362395.1_contig06.region001	1848	5759
GCA_004362865.1_contig02.region002	1848	5759
GCA_004364165.1_contig02.region001	1848	5759
GCA_004364175.1_contig03.region001	1848	5759
GCA_004364975.1_contig01.region001	1848	5759
GCA_004804315.1_contig14.region001	1848	5759
GCA_005780245.1_contig30.region001	1848	5759
GCA_005937185.1_contig01.region001	1848	5759
GCA_006346335.1_contig002.region001	1848	5759
GCA_006443095.1_contig01.region001	1848	5759
GCA_006974145.1_contig1.region002	1848	5759
GCA_007050985.1_contig01.region002	1848	5759
GCA_007109225.1_contig33.region001	1848	5759
GCA_007827235.1_contig1.region001	1848	5759
GCA_007827275.1_contig1.region003	1848	5759
GCA_007827465.1_contig1.region001	1848	5759
GCA_007993795.1_contig1.region002	1848	5759
GCA_007997115.1_contig12.region001	1848	5759
GCA_007997135.1_contig02.region001	1848	5759
GCA_007997155.1_contig22.region001	1848	5759
GCA_007997295.1_contig50.region001	1848	5759
GCA_007997375.1_contig91.region001	1848	5759
GCA_008040165.1_contig2.region001	1848	5759
GCA_008124785.1_contig03.region001	1848	5759
GCA_009371985.2_contig16.region001	1848	5759
GCA_009901525.1_contig1.region008	1848	5759
GCA_009901575.1_contig04.region001	1848	5759
GCA_009901585.1_contig15.region002	1848	5759
GCA_009995175.1_contig021.region001	1848	5759
GCA_010671595.1_contig20.region001	1848	5759
GCA_010820555.1_contig12.region002	1848	5759
GCA_010993815.1_contig2.region001	1848	5759
GCA_010993855.1_contig07.region001	1848	5759
GCA_011049845.1_contig103.region001	1848	5759
GCA_011050085.1_contig79.region001	1848	5759
GCA_011050675.1_contig23.region001	1848	5759
GCA_011065475.1_contig22.region001	1848	5759
GCA_011068285.1_contig1.region003	1848	5759
GCA_011378975.1_contig036.region001	1848	5759
GCA_012272815.1_contig2.region002	1848	5759
GCA_013002355.1_contig0303.region001	1848	5759
GCA_013003025.1_contig09.region001	1848	5759
GCA_013042245.1_contig023.region001	1848	5759
GCA_013042255.1_contig072.region001	1848	5759
GCA_013042345.1_contig103.region001	1848	5759
GCA_013042595.1_contig79.region001	1848	5759
GCA_013042925.1_contig430.region001	1848	5759
GCA_013043175.1_contig167.region001	1848	5759
GCA_013043525.1_contig289.region001	1848	5759
GCA_013214065.1_contig18.region001	1848	5759
GCA_013391805.1_contig1.region005	1848	5759
GCA_013402795.1_contig1.region004	1848	5759
GCA_013403975.1_contig14.region001	1848	5759
GCA_013822155.1_contig055.region001	1848	5759
GCA_014212065.1_contig212.region001	1848	5759
GCA_014295415.1_contig1.region004	1848	5759
GCA_014451095.1_contig1.region001	1848	5759
GCA_900101765.1_contig1.region001	1848	5759
GCA_900101815.1_contig19.region001	1848	5759
GCA_900102165.1_contig35.region001	1848	5759
GCA_900102915.1_contig14.region001	1848	5759
GCA_900103215.1_contig36.region001	1848	5759
GCA_900104765.1_contig1.region003	1848	5759
GCA_900104785.1_contig1.region001	1848	5759
GCA_900105035.1_contig1.region003	1848	5759
GCA_900105135.1_contig1.region002	1848	5759
GCA_900106075.1_contig1.region001	1848	5759
GCA_900106795.1_contig52.region001	1848	5759
GCA_900106865.1_contig4.region001	1848	5759
GCA_900107495.1_contig12.region001	1848	5759
GCA_900109345.1_contig17.region001	1848	5759
GCA_900109615.1_contig3.region001	1848	5759
GCA_900156725.1_contig24.region001	1848	5759
GCA_900167935.1_contig22.region001	1848	5759
GCA_900168045.1_contig05.region001	1848	5759
GCA_900168115.1_contig13.region001	1848	5759
GCA_900188275.1_contig11.region001	1848	5759
GCA_900188415.1_contig11.region001	1848	5759
GCA_900198195.1_contig1.region001	1848	5759
GCA_900299535.1_contig59.region001	1848	5759
GCA_900489465.1_contig03.region001	1848	5759
GCA_900489485.1_contig15.region001	1848	5759
GCA_900489835.1_contig20.region001	1848	5759
GCA_900637895.1_contig1.region002	1848	5759
GCA_003248465.1_contig0525.region001	1848	5782
GCA_003254015.1_contig10.region001	1848	5795
GCA_003254625.1_contig15.region001	1848	5824
GCA_003258355.1_contig076.region001	1848	5833
GCA_000423005.1_contig02.region001	1848	5835
GCA_001678675.1_contig005.region001	1848	5835
GCA_002323495.1_contig18.region001	1848	5835
GCA_003259265.1_contig03.region001	1848	5835
GCA_003507715.1_contig146.region001	1848	5835
GCA_007997285.1_contig20.region001	1848	5835
GCA_900114005.1_contig22.region001	1848	5835
GCA_001678675.1_contig027.region001	1848	5837
GCA_003259265.1_contig05.region001	1848	5837
GCA_000744835.1_contig1.region004	1848	5891
GCA_002754315.1_contig1.region003	1848	5891
GCA_003314435.2_contig12.region001	1848	5891
GCA_003633605.1_contig1.region002	1848	5891
GCA_003634755.1_contig02.region001	1848	5891
GCA_004349135.1_contig20.region001	1848	5891
GCA_004349315.1_contig02.region001	1848	5891
GCA_011064265.1_contig1.region001	1848	5891
GCA_900110375.1_contig12.region001	1848	5891
GCA_003337305.1_contig02.region001	1848	5917
GCA_003352465.1_contig1.region006	1848	5941
GCA_003352465.1_contig1.region010	1848	5945
GCA_000735535.1_contig102.region001	1848	5975
GCA_001761465.1_contig1.region003	1848	5975
GCA_002001005.1_contig098.region001	1848	5975
GCA_002797935.1_contig1.region002	1848	5975
GCA_002813295.1_contig1.region004	1848	5975
GCA_003096795.1_contig1.region003	1848	5975
GCA_003254745.1_contig57.region001	1848	5975
GCA_003385115.1_contig08.region001	1848	5975
GCA_003385115.1_contig16.region001	1848	5978
GCA_000427335.1_contig057.region001	1848	6055
GCA_003386275.1_contig02.region001	1848	6055
GCA_003387355.1_contig02.region001	1848	6055
GCA_013403915.1_contig94.region001	1848	6055
GCA_900105425.1_contig1.region002	1848	6055
GCA_003443635.1_contig1.region001	1848	6100
GCA_003504555.1_contig183.region001	1848	6100
GCA_003626815.1_contig08.region001	1848	6100
GCA_003443675.1_contig1.region005	1848	6106
GCA_003626865.1_contig089.region001	1848	6106
GCA_001632745.1_contig02.region001	1848	6120
GCA_003443715.1_contig1.region003	1848	6120
GCA_003626835.1_contig10.region001	1848	6120
GCA_000196315.1_contig1.region004	1848	6130
GCA_001447995.1_contig01.region001	1848	6130
GCA_001865655.1_contig1.region004	1848	6130
GCA_002295505.1_contig063.region001	1848	6130
GCA_002325035.1_contig07.region001	1848	6130
GCA_002362375.1_contig01.region001	1848	6130
GCA_002388445.1_contig23.region001	1848	6130
GCA_002435115.1_contig05.region001	1848	6130
GCA_002700155.1_contig4.region001	1848	6130
GCA_003269425.1_contig1.region005	1848	6130
GCA_003447055.1_contig456.region001	1848	6130
GCA_005771495.1_contig072.region002	1848	6130
GCA_009725985.1_contig015.region001	1848	6130
GCA_009725995.1_contig16.region001	1848	6130
GCA_009797025.1_contig1.region003	1848	6130
GCA_009797885.1_contig62.region001	1848	6130
GCA_009827225.1_contig80.region001	1848	6130
GCA_900105105.1_contig1.region001	1848	6130
GCA_900105545.1_contig2.region004	1848	6130
GCA_900115205.1_contig2.region001	1848	6130
GCA_900142175.1_contig04.region001	1848	6130
GCA_902506355.1_contig1.region004	1848	6130
GCA_003450275.1_contig1030.region001	1848	6148
GCA_003455775.1_contig142.region001	1848	6153
GCA_003455795.1_contig067.region001	1848	6158
GCA_003507755.1_contig498.region001	1848	6203
GCA_003514105.1_contig092.region001	1848	6220
GCA_001516145.1_contig78.region001	1848	6233
GCA_003516285.1_contig137.region001	1848	6233
GCA_003525065.1_contig039.region001	1848	6264
GCA_003564185.1_contig130.region001	1848	6303
GCA_003633785.1_contig1.region006	1848	6382
GCA_003687485.1_contig1.region002	1848	6450
GCA_003709475.1_contig14.region006	1848	6496
GCA_003755145.1_contig01.region005	1848	6573
GCA_003813905.1_contig049.region001	1848	6609
GCA_003852675.1_contig65.region001	1848	6746
GCA_003931895.1_contig092.region001	1848	6780
GCA_003957295.1_contig19.region001	1848	6808
GCA_000252125.2_contig31.region001	1848	6815
GCA_003968735.1_contig11.region001	1848	6815
GCA_003968755.1_contig11.region001	1848	6815
GCA_003968825.1_contig06.region001	1848	6815
GCA_003970305.1_contig18.region001	1848	6815
GCA_003970335.1_contig38.region001	1848	6815
GCA_003970375.1_contig06.region001	1848	6815
GCA_003970395.1_contig22.region001	1848	6815
GCA_003984825.1_contig09.region001	1848	6815
GCA_003984855.1_contig32.region001	1848	6815
GCA_007097265.1_contig26.region001	1848	6815
GCA_007097285.1_contig25.region001	1848	6815
GCA_007097295.1_contig25.region001	1848	6815
GCA_007097305.1_contig24.region001	1848	6815
GCA_007097345.1_contig25.region001	1848	6815
GCA_009707955.1_contig03.region001	1848	6815
GCA_004016525.1_contig07.region001	1848	6894
GCA_004014855.1_contig1.region002	1848	6898
GCA_004023655.1_contig01.region001	1848	6898
GCA_004104075.1_contig28.region001	1848	6919
GCA_004115975.1_contig40.region001	1848	6929
GCA_004119495.1_contig046.region001	1848	6958
GCA_004122165.1_contig34.region001	1848	6974
GCA_004139715.1_contig1.region003	1848	6986
GCA_004216895.1_contig02.region002	1848	7030
GCA_004211145.1_contig35.region001	1848	7041
GCA_004295795.1_contig44.region001	1848	7041
GCA_012911565.1_contig107.region001	1848	7041
GCA_013366395.1_contig26.region001	1848	7041
GCA_000426145.1_contig06.region001	1848	7044
GCA_000708595.2_contig01.region001	1848	7044
GCA_000797445.1_contig28.region001	1848	7044
GCA_000832125.1_contig23.region001	1848	7044
GCA_002482945.1_contig08.region001	1848	7044
GCA_003350545.1_contig09.region001	1848	7044
GCA_003626865.1_contig123.region001	1848	7044
GCA_003633785.1_contig1.region005	1848	7044
GCA_003634615.1_contig1.region003	1848	7044
GCA_003688345.1_contig03.region001	1848	7044
GCA_003996965.1_contig111.region001	1848	7044
GCA_004016525.1_contig03.region001	1848	7044
GCA_004028155.1_contig26.region001	1848	7044
GCA_004296145.1_contig0349.region001	1848	7044
GCA_004362665.1_contig01.region002	1848	7044
GCA_004366435.1_contig05.region001	1848	7044
GCA_007097385.1_contig69.region001	1848	7044
GCA_010645065.1_contig030.region001	1848	7044
GCA_010645075.1_contig21.region001	1848	7044
GCA_011378915.1_contig078.region001	1848	7044
GCA_014204385.1_contig04.region001	1848	7044
GCA_014207905.1_contig04.region001	1848	7044
GCA_014486695.1_contig50.region001	1848	7044
GCA_900450525.1_contig2.region001	1848	7044
GCA_004328055.1_contig10.region001	1848	7062
GCA_001429765.1_contig12.region001	1848	7090
GCA_004339485.1_contig04.region002	1848	7090
GCA_004341235.1_contig03.region001	1848	7102
GCA_000744835.1_contig1.region003	1848	7133
GCA_000812945.1_contig01.region001	1848	7133
GCA_002754315.1_contig1.region002	1848	7133
GCA_003633605.1_contig1.region003	1848	7133
GCA_004349085.1_contig24.region001	1848	7133
GCA_004349155.1_contig27.region001	1848	7133
GCA_004349315.1_contig18.region001	1848	7133
GCA_900108015.1_contig18.region002	1848	7133
GCA_900142885.1_contig17.region001	1848	7133
GCA_004349355.1_contig03.region001	1848	7157
GCA_004349355.1_contig24.region001	1848	7159
GCA_004349355.1_contig36.region001	1848	7162
GCA_004355225.1_contig1.region003	1848	7170
GCA_004362055.1_contig10.region001	1848	7186
GCA_003634775.1_contig1.region002	1848	7215
GCA_003729955.1_contig2.region002	1848	7215
GCA_004365465.1_contig1.region003	1848	7215
GCA_004368785.1_contig03.region001	1848	7235
GCA_004345565.1_contig04.region001	1848	7251
GCA_004369705.1_contig0951.region001	1848	7251
GCA_004745595.1_contig07.region003	1848	7274
GCA_004745595.1_contig12.region001	1848	7277
GCA_004762155.1_contig42.region001	1848	7282
GCA_004959765.1_contig05.region001	1848	7324
GCA_004959765.1_contig19.region001	1848	7326
GCA_004959765.1_contig23.region001	1848	7327
GCA_005792865.1_contig110.region001	1848	7357
GCA_005885635.1_contig12.region001	1848	7375
GCA_005943945.1_contig1.region001	1848	7386
GCA_003449015.1_contig22.region001	1848	7392
GCA_006065315.1_contig1.region002	1848	7392
GCA_006383075.2_contig03.region001	1848	7416
GCA_001857965.1_contig1.region002	1848	7427
GCA_006386525.1_contig12.region001	1848	7427
GCA_006438875.1_contig21.region001	1848	7435
GCA_006443095.1_contig01.region002	1848	7439
GCA_006443095.1_contig12.region003	1848	7442
GCA_006491595.2_contig05.region002	1848	7450
GCA_006494535.1_contig12.region001	1848	7458
GCA_000422685.1_contig01.region001	1848	7464
GCA_001422725.1_contig08.region001	1848	7464
GCA_001427905.1_contig29.region001	1848	7464
GCA_001429295.1_contig08.region001	1848	7464
GCA_001507425.1_contig13.region001	1848	7464
GCA_001529295.1_contig31.region001	1848	7464
GCA_001602525.1_contig01.region003	1848	7464
GCA_002217275.1_contig28.region001	1848	7464
GCA_002217315.1_contig63.region001	1848	7464
GCA_002399805.1_contig053.region001	1848	7464
GCA_002754195.1_contig1.region003	1848	7464
GCA_002814075.1_contig1.region001	1848	7464
GCA_003254585.1_contig04.region001	1848	7464
GCA_003335085.1_contig10.region001	1848	7464
GCA_003946915.1_contig14.region001	1848	7464
GCA_004339525.1_contig1.region005	1848	7464
GCA_004345565.1_contig09.region001	1848	7464
GCA_004349085.1_contig26.region001	1848	7464
GCA_004355225.1_contig1.region001	1848	7464
GCA_004362015.1_contig06.region001	1848	7464
GCA_004369705.1_contig1506.region001	1848	7464
GCA_004634245.1_contig22.region001	1848	7464
GCA_006120725.1_contig06.region001	1848	7464
GCA_006539745.1_contig068.region001	1848	7464
GCA_009909155.2_contig04.region001	1848	7464
GCA_011751075.1_contig234.region003	1848	7464
GCA_012837155.1_contig1.region002	1848	7464
GCA_013284035.1_contig1.region002	1848	7464
GCA_013294075.1_contig02.region001	1848	7464
GCA_014156605.1_contig159.region001	1848	7464
GCA_900129575.1_contig13.region002	1848	7464
GCA_900142695.1_contig043.region001	1848	7464
GCA_902804475.1_contig102.region001	1848	7464
GCA_006829085.1_contig24.region001	1848	7529
GCA_007097365.1_contig22.region001	1848	7561
GCA_007109265.1_contig213.region001	1848	7561
GCA_007097385.1_contig09.region001	1848	7563
GCA_007097385.1_contig33.region001	1848	7569
GCA_007827285.1_contig1.region003	1848	7629
GCA_007845585.1_contig17.region002	1848	7655
GCA_007845595.1_contig14.region002	1848	7655
GCA_007845635.1_contig24.region002	1848	7655
GCA_000425425.1_contig18.region001	1848	7668
GCA_001404975.1_contig09.region001	1848	7668
GCA_001686935.1_contig26.region001	1848	7668
GCA_002280815.1_contig155.region001	1848	7668
GCA_006539745.1_contig059.region001	1848	7668
GCA_007989005.1_contig12.region001	1848	7668
GCA_900100165.1_contig06.region001	1848	7668
GCA_007997075.1_contig19.region001	1848	7720
GCA_007997065.1_contig055.region001	1848	7724
GCA_007997085.1_contig158.region001	1848	7724
GCA_007997205.1_contig046.region001	1848	7734
GCA_007997225.1_contig033.region001	1848	7734
GCA_007997235.1_contig033.region001	1848	7734
GCA_007997385.1_contig32.region001	1848	7755
GCA_001678685.1_contig01.region001	1848	7785
GCA_008086165.1_contig11.region001	1848	7785
GCA_900115185.1_contig08.region001	1848	7785
GCA_008086205.1_contig05.region001	1848	7791
GCA_008124785.1_contig04.region002	1848	7799
GCA_008370685.1_contig024.region001	1848	7841
GCA_008370685.1_contig101.region001	1848	7846
GCA_008370685.1_contig240.region001	1848	7859
GCA_008370685.1_contig241.region001	1848	7860
GCA_008370685.1_contig242.region001	1848	7861
GCA_008370685.1_contig258.region001	1848	7863
GCA_000799565.1_contig1.region001	1848	7889
GCA_001637325.1_contig45.region001	1848	7889
GCA_002696105.1_contig018.region001	1848	7889
GCA_002813135.1_contig1.region004	1848	7889
GCA_003511625.1_contig123.region001	1848	7889
GCA_003865345.1_contig07.region001	1848	7889
GCA_008367235.1_contig10.region002	1848	7889
GCA_008367275.1_contig10.region001	1848	7889
GCA_008386635.1_contig2.region001	1848	7889
GCA_008501705.1_contig227.region001	1848	7889
GCA_011044175.1_contig1.region001	1848	7889
GCA_013042885.1_contig118.region001	1848	7889
GCA_013043685.1_contig03.region001	1848	7889
GCA_013043825.1_contig095.region001	1848	7889
GCA_900112245.1_contig7.region001	1848	7889
GCA_008806755.1_contig30.region001	1848	7914
GCA_008974325.1_contig01.region002	1848	7923
GCA_002797535.1_contig1.region001	1848	7944
GCA_009360585.1_contig12.region001	1848	7944
GCA_009649685.1_contig01.region002	1848	7996
GCA_009649685.1_contig08.region001	1848	8001
GCA_009707955.1_contig11.region001	1848	8056
GCA_009707955.1_contig21.region001	1848	8059
GCA_009707955.1_contig25.region001	1848	8059
GCA_902506265.1_contig54.region001	1848	8059
GCA_009711165.1_contig001.region002	1848	8068
GCA_009711165.1_contig018.region001	1848	8072
GCA_009711165.1_contig046.region001	1848	8076
GCA_002715085.1_contig40.region001	1848	8105
GCA_002862755.1_contig17.region001	1848	8105
GCA_006491595.2_contig05.region001	1848	8105
GCA_006491645.1_contig02.region001	1848	8105
GCA_009753805.1_contig02.region001	1848	8105
GCA_003097655.1_contig09.region001	1848	8120
GCA_003312425.1_contig12.region001	1848	8120
GCA_004349145.1_contig31.region001	1848	8120
GCA_004349155.1_contig03.region001	1848	8120
GCA_007830355.1_contig04.region001	1848	8120
GCA_009764685.1_contig24.region001	1848	8120
GCA_009764715.1_contig023.region001	1848	8120
GCA_011365745.1_contig12.region001	1848	8120
GCA_014305215.1_contig12.region001	1848	8120
GCA_900099915.1_contig24.region001	1848	8120
GCA_900112975.1_contig11.region001	1848	8120
GCA_000764755.1_contig40.region001	1848	8149
GCA_004368925.1_contig04.region001	1848	8149
GCA_009796825.1_contig1.region002	1848	8149
GCA_009807485.1_contig22.region001	1848	8149
GCA_009830375.1_contig21.region001	1848	8149
GCA_900112395.1_contig29.region001	1848	8149
GCA_001418685.1_contig03.region001	1848	8170
GCA_002964915.1_contig01.region001	1848	8170
GCA_009827705.1_contig06.region001	1848	8170
GCA_009827735.1_contig10.region001	1848	8170
GCA_009827745.1_contig20.region001	1848	8170
GCA_009827755.1_contig14.region001	1848	8170
GCA_009827795.1_contig06.region001	1848	8170
GCA_009827805.1_contig08.region001	1848	8170
GCA_009827835.1_contig16.region001	1848	8170
GCA_009827845.1_contig08.region001	1848	8170
GCA_009827855.1_contig07.region001	1848	8170
GCA_009827885.1_contig29.region001	1848	8170
GCA_009828155.1_contig07.region001	1848	8170
GCA_009828165.1_contig06.region001	1848	8170
GCA_011082485.1_contig1.region001	1848	8170
GCA_011082725.1_contig1.region001	1848	8170
GCA_900018365.1_contig03.region001	1848	8170
GCA_009832745.1_contig26.region001	1848	8181
GCA_003755145.1_contig06.region001	1848	8220
GCA_009900745.1_contig56.region001	1848	8220
GCA_009901525.1_contig1.region001	1848	8221
GCA_009901525.1_contig1.region004	1848	8224
GCA_009901575.1_contig07.region001	1848	8234
GCA_009901575.1_contig08.region001	1848	8235
GCA_009909155.2_contig17.region001	1848	8253
GCA_900142775.1_contig24.region001	1848	8253
GCA_010614725.1_contig11.region001	1848	8311
GCA_010671605.1_contig1.region002	1848	8334
GCA_010993815.1_contig2.region002	1848	8349
GCA_011050015.1_contig170.region001	1848	8365
GCA_011089875.1_contig034.region001	1848	8393
GCA_011330545.1_contig169.region001	1848	8432
GCA_011751075.1_contig057.region001	1848	8496
GCA_011751075.1_contig190.region001	1848	8501
GCA_011751075.1_contig245.region001	1848	8505
GCA_001027725.1_contig02.region001	1848	8506
GCA_011751075.1_contig256.region001	1848	8506
GCA_012032075.1_contig230.region001	1848	8541
GCA_012272815.1_contig2.region001	1848	8554
GCA_003385515.1_contig14.region001	1848	8599
GCA_003755145.1_contig02.region003	1848	8599
GCA_012927325.1_contig34.region001	1848	8599
GCA_001045445.1_contig2.region003	1848	8600
GCA_003290185.1_contig03.region001	1848	8600
GCA_003385495.1_contig04.region001	1848	8600
GCA_003515005.1_contig67.region001	1848	8600
GCA_007991435.1_contig05.region001	1848	8600
GCA_012927325.1_contig45.region001	1848	8600
GCA_900129105.1_contig13.region001	1848	8600
GCA_002162835.1_contig103.region001	1848	8621
GCA_002831625.1_contig1.region002	1848	8621
GCA_012974865.1_contig1.region002	1848	8621
GCA_013001345.1_contig275.region001	1848	8632
GCA_013002065.1_contig218.region001	1848	8638
GCA_013003655.1_contig317.region001	1848	8653
GCA_013041785.1_contig228.region001	1848	8654
GCA_002291765.1_contig23.region001	1848	8659
GCA_002294145.1_contig20.region001	1848	8659
GCA_002311725.1_contig08.region001	1848	8659
GCA_002354765.1_contig05.region001	1848	8659
GCA_002363835.1_contig070.region001	1848	8659
GCA_002375495.1_contig11.region001	1848	8659
GCA_002379985.1_contig27.region001	1848	8659
GCA_002384605.1_contig184.region001	1848	8659
GCA_012964565.1_contig08.region001	1848	8659
GCA_013001085.1_contig103.region001	1848	8659
GCA_013001145.1_contig012.region001	1848	8659
GCA_013042075.1_contig076.region001	1848	8659
GCA_013401995.1_contig01.region001	1848	8659
GCA_900156625.1_contig12.region002	1848	8659
GCA_900299485.1_contig13.region002	1848	8659
GCA_900312735.1_contig15.region001	1848	8659
GCA_900312745.1_contig02.region005	1848	8659
GCA_000424665.1_contig10.region001	1848	8673
GCA_000430665.1_contig002.region001	1848	8673
GCA_000520955.1_contig003.region002	1848	8673
GCA_002352205.1_contig12.region001	1848	8673
GCA_002354835.1_contig34.region001	1848	8673
GCA_002360635.1_contig03.region001	1848	8673
GCA_002376315.1_contig34.region001	1848	8673
GCA_002388845.1_contig08.region001	1848	8673
GCA_010671565.1_contig09.region001	1848	8673
GCA_013042315.1_contig027.region001	1848	8673
GCA_900168265.1_contig14.region001	1848	8673
GCA_002782485.1_contig113.region001	1848	8680
GCA_013042425.1_contig355.region001	1848	8680
GCA_013043865.1_contig060.region001	1848	8715
GCA_013184525.1_contig02.region001	1848	8727
GCA_013184525.1_contig05.region003	1848	8733
GCA_013213835.1_contig19.region001	1848	8744
GCA_013214275.1_contig078.region001	1848	8753
GCA_013214815.1_contig106.region001	1848	8765
GCA_013294015.1_contig06.region001	1848	8791
GCA_013365535.1_contig1.region001	1848	8815
GCA_013365535.1_contig1.region004	1848	8818
GCA_013373485.1_contig62.region001	1848	8831
GCA_013394595.1_contig1.region004	1848	8863
GCA_013394615.1_contig1.region002	1848	8863
GCA_013394635.1_contig1.region004	1848	8863
GCA_013394655.1_contig1.region005	1848	8863
GCA_013404005.1_contig33.region001	1848	8863
GCA_000427335.1_contig124.region001	1848	8895
GCA_003386275.1_contig01.region001	1848	8895
GCA_013403865.1_contig11.region001	1848	8895
GCA_013403915.1_contig55.region001	1848	8895
GCA_013403985.1_contig11.region001	1848	8895
GCA_013403865.1_contig44.region001	1848	8897
GCA_013403925.1_contig53.region001	1848	8903
GCA_013403985.1_contig22.region001	1848	8912
GCA_013394675.1_contig1.region002	1848	8924
GCA_013404085.1_contig1.region001	1848	8924
GCA_013410675.1_contig1.region007	1848	8935
GCA_014062315.1_contig01.region001	1848	8963
GCA_011087845.1_contig101.region001	1848	8972
GCA_014075215.1_contig1.region004	1848	8972
GCA_014204235.1_contig01.region002	1848	8994
GCA_014207845.1_contig01.region003	1848	8994
GCA_014243345.1_contig2.region002	1848	9534
GCA_014284085.1_contig07.region001	1848	9552
GCA_014297365.1_contig07.region001	1848	9552
GCA_008033395.2_contig19.region001	1848	9564
GCA_008806775.1_contig11.region001	1848	9564
GCA_013294005.1_contig03.region001	1848	9564
GCA_014305155.1_contig046.region001	1848	9564
GCA_014305175.1_contig047.region001	1848	9564
GCA_014377455.1_contig205.region001	1848	9564
GCA_014379405.1_contig09.region001	1848	9564
GCA_900107635.1_contig10.region001	1848	9564
GCA_900111075.1_contig37.region001	1848	9564
GCA_014352875.1_contig1.region003	1848	9583
GCA_000430665.1_contig026.region001	1848	9631
GCA_000520975.1_contig029.region001	1848	9631
GCA_000520995.1_contig013.region001	1848	9631
GCA_000626715.1_contig10.region001	1848	9631
GCA_900089995.1_contig01.region001	1848	9631
GCA_900299475.1_contig156.region001	1848	9631
GCA_900299485.1_contig12.region001	1848	9631
GCA_900299525.1_contig15.region001	1848	9631
GCA_900312745.1_contig02.region002	1848	9631
GCA_900624725.1_contig072.region001	1848	9631
GCA_900099685.1_contig23.region001	1848	9658
GCA_900099995.1_contig20.region001	1848	9669
GCA_900102055.1_contig42.region001	1848	9714
GCA_900104375.1_contig1.region003	1848	9736
GCA_900108025.1_contig04.region001	1848	9806
GCA_002742365.1_contig18.region001	1848	9831
GCA_003075045.1_contig05.region001	1848	9831
GCA_005780245.1_contig03.region001	1848	9831
GCA_900109345.1_contig20.region001	1848	9831
GCA_900155985.1_contig10.region001	1848	9831
GCA_900111495.1_contig9.region003	1848	9873
GCA_000812865.1_contig01.region002	1848	9882
GCA_002332505.1_contig06.region001	1848	9882
GCA_002365095.1_contig02.region001	1848	9882
GCA_002380565.1_contig042.region001	1848	9882
GCA_002478375.1_contig92.region001	1848	9882
GCA_007362475.1_contig1.region003	1848	9882
GCA_900112115.1_contig36.region001	1848	9882
GCA_900638245.1_contig1.region001	1848	9882
GCA_900113805.1_contig07.region001	1848	9904
GCA_900114085.1_contig28.region001	1848	9925
GCA_000611675.1_contig10.region001	1848	9935
GCA_002017945.1_contig34.region001	1848	9935
GCA_900114945.1_contig24.region001	1848	9935
GCA_900129245.1_contig27.region001	1848	10013
GCA_900129545.1_contig12.region001	1848	10033
GCA_900129545.1_contig23.region001	1848	10034
GCA_900129575.1_contig13.region001	1848	10042
GCA_900129585.1_contig26.region001	1848	10048
GCA_002217195.1_contig12.region001	1848	10051
GCA_900129595.1_contig19.region001	1848	10051
GCA_003003155.1_contig01.region001	1848	10064
GCA_900129705.1_contig12.region001	1848	10064
GCA_002163855.1_contig1.region001	1848	10069
GCA_003712105.1_contig06.region001	1848	10069
GCA_004211785.1_contig34.region001	1848	10069
GCA_004346845.1_contig02.region001	1848	10069
GCA_900129745.1_contig04.region002	1848	10069
GCA_900129755.1_contig07.region002	1848	10071
GCA_003996965.1_contig066.region001	1848	10085
GCA_900110335.1_contig16.region001	1848	10085
GCA_900129795.1_contig17.region001	1848	10085
GCA_903819335.1_contig49.region001	1848	10085
GCA_900141785.1_contig23.region001	1848	10106
GCA_000024125.1_contig1.region003	1848	10112
GCA_000153385.1_contig2.region001	1848	10112
GCA_000186265.1_contig1.region003	1848	10112
GCA_002169155.2_contig37.region001	1848	10112
GCA_002211465.1_contig22.region001	1848	10112
GCA_003333325.1_contig107.region001	1848	10112
GCA_003353425.1_contig03.region001	1848	10112
GCA_013003145.1_contig240.region001	1848	10112
GCA_014235875.1_contig11.region001	1848	10112
GCA_900129035.1_contig18.region001	1848	10112
GCA_900129665.1_contig12.region001	1848	10112
GCA_900141855.1_contig35.region001	1848	10112
GCA_900142035.1_contig06.region001	1848	10122
GCA_001602525.1_contig18.region001	1848	10172
GCA_900142685.1_contig19.region001	1848	10172
GCA_002217365.1_contig28.region001	1848	10180
GCA_900142715.1_contig03.region001	1848	10180
GCA_000834715.1_contig72.region001	1848	10187
GCA_002217365.1_contig13.region001	1848	10187
GCA_900142715.1_contig14.region001	1848	10187
GCA_002217285.1_contig021.region001	1848	10197
GCA_003076455.1_contig1.region001	1848	10197
GCA_003105115.1_contig008.region001	1848	10197
GCA_003202435.1_contig25.region001	1848	10197
GCA_009674775.1_contig024.region002	1848	10197
GCA_011742145.1_contig096.region001	1848	10197
GCA_900107365.1_contig20.region001	1848	10197
GCA_900142735.1_contig09.region001	1848	10197
GCA_900142775.1_contig19.region001	1848	10197
GCA_000060345.1_contig1.region001	1848	10217
GCA_000243235.1_contig1.region001	1848	10217
GCA_000258765.1_contig013.region001	1848	10217
GCA_002733585.1_contig116.region001	1848	10217
GCA_003001895.1_contig11.region001	1848	10217
GCA_003254095.1_contig06.region001	1848	10217
GCA_003413745.1_contig2.region001	1848	10217
GCA_006159205.1_contig1.region002	1848	10217
GCA_006714895.1_contig1.region003	1848	10217
GCA_008974325.1_contig03.region001	1848	10217
GCA_009735585.1_contig112.region001	1848	10217
GCA_009735695.1_contig002.region001	1848	10217
GCA_012038135.1_contig45.region001	1848	10217
GCA_900113135.1_contig32.region001	1848	10217
GCA_900115145.1_contig43.region001	1848	10217
GCA_900141955.1_contig43.region001	1848	10217
GCA_900142975.1_contig1.region002	1848	10217
GCA_900215295.1_contig7.region001	1848	10217
GCA_000152945.2_contig1.region002	1848	10220
GCA_002005425.1_contig1.region002	1848	10220
GCA_002163835.1_contig1.region002	1848	10220
GCA_002831685.1_contig1.region002	1848	10220
GCA_005885675.1_contig08.region001	1848	10220
GCA_009796785.1_contig1.region002	1848	10220
GCA_900143115.1_contig1.region002	1848	10220
GCA_001637185.1_contig08.region001	1848	10225
GCA_004349195.1_contig36.region001	1848	10225
GCA_007994155.1_contig09.region001	1848	10225
GCA_900142885.1_contig14.region001	1848	10225
GCA_900143245.1_contig20.region001	1848	10225
GCA_900156825.1_contig29.region001	1848	10290
GCA_900169075.1_contig4.region006	1848	10346
GCA_900182655.1_contig08.region001	1848	10392
GCA_003208535.1_contig01.region002	1848	10503
GCA_003217415.1_contig01.region002	1848	10503
GCA_004341805.1_contig01.region002	1848	10503
GCA_900187965.1_contig37.region001	1848	10503
GCA_900188275.1_contig15.region001	1848	10511
GCA_900215465.1_contig07.region001	1848	10528
GCA_000520995.1_contig089.region001	1848	10550
GCA_900299475.1_contig023.region001	1848	10550
GCA_000520975.1_contig003.region002	1848	10551
GCA_000520995.1_contig014.region002	1848	10551
GCA_000626715.1_contig01.region002	1848	10551
GCA_002697475.1_contig170.region001	1848	10551
GCA_002846555.1_contig1.region005	1848	10551
GCA_002895435.1_contig40.region001	1848	10551
GCA_007489275.1_contig216.region001	1848	10551
GCA_013042125.1_contig246.region001	1848	10551
GCA_900089995.1_contig01.region004	1848	10551
GCA_900299475.1_contig071.region001	1848	10551
GCA_900299525.1_contig29.region001	1848	10551
GCA_900624725.1_contig050.region001	1848	10551
GCA_900299475.1_contig104.region001	1848	10556
GCA_900299525.1_contig04.region001	1848	10556
GCA_900299505.1_contig07.region001	1848	10575
GCA_000430645.1_contig02.region001	1848	10577
GCA_003443675.1_contig1.region001	1848	10577
GCA_003443695.1_contig1.region001	1848	10577
GCA_003626845.1_contig124.region001	1848	10577
GCA_900109375.1_contig04.region002	1848	10577
GCA_900141785.1_contig18.region001	1848	10577
GCA_900299505.1_contig13.region001	1848	10577
GCA_000430665.1_contig070.region001	1848	10590
GCA_900299475.1_contig075.region001	1848	10590
GCA_900299525.1_contig32.region001	1848	10590
GCA_900299535.1_contig06.region001	1848	10592
GCA_900299535.1_contig23.region001	1848	10594
GCA_007489275.1_contig246.region001	1848	10603
GCA_900312735.1_contig03.region001	1848	10603
GCA_900312815.1_contig04.region001	1848	10622
GCA_000430665.1_contig054.region001	1848	10857
GCA_000520975.1_contig073.region001	1848	10857
GCA_900299485.1_contig01.region001	1848	10857
GCA_900624725.1_contig091.region001	1848	10857
GCA_003254545.1_contig10.region001	1848	10908
GCA_902167265.1_contig1.region002	1848	10908
GCA_902167275.1_contig4.region002	1848	10908
GCA_902167285.2_contig2.region001	1848	10908
GCA_902168145.1_contig05.region001	1848	10908
GCA_902728265.1_contig022.region001	1848	11020
GCA_902804485.1_contig064.region001	1848	11079
GCA_902804485.1_contig159.region001	1848	11087
GCA_002208925.2_contig1.region005	9211	9211
GCA_002421065.1_contig27.region001	9211	9211
GCA_003815675.1_contig1.region004	9211	9211
GCA_014218815.1_contig11.region002	9211	9211
GCA_014219895.1_contig11.region002	9211	9211
GCA_014219965.1_contig11.region003	9211	9211
GCA_014219975.1_contig11.region002	9211	9211
GCA_014219985.1_contig11.region003	9211	9211
GCA_014220005.1_contig11.region003	9211	9211
GCA_014220065.1_contig11.region003	9211	9211
GCA_014220105.1_contig11.region003	9211	9211
GCA_014220115.1_contig11.region002	9211	9211
GCA_014220185.1_contig11.region002	9211	9211
GCA_014220275.1_contig11.region002	9211	9211
GCA_014220285.1_contig11.region002	9211	9211
GCA_014220295.1_contig11.region002	9211	9211
GCA_014220345.1_contig11.region002	9211	9211
GCA_014220365.1_contig11.region002	9211	9211
GCA_014220375.1_contig11.region002	9211	9211
GCA_014220405.1_contig11.region002	9211	9211
GCA_014220445.1_contig11.region002	9211	9211
GCA_014220505.1_contig11.region002	9211	9211
GCA_014220515.1_contig11.region002	9211	9211
GCA_014220525.1_contig11.region003	9211	9211
GCA_014220565.1_contig11.region002	9211	9211
GCA_014220575.1_contig11.region002	9211	9211
GCA_014220605.1_contig11.region003	9211	9211
GCA_014220615.1_contig11.region002	9211	9211
GCA_014220655.1_contig111.region003	9211	9211
GCA_900683405.1_contig1.region005	9211	9211
GCA_002291795.1_contig50.region001	4990	4990
GCA_002380515.1_contig05.region001	4990	4990
GCA_002453005.1_contig057.region001	4990	4990
GCA_002708845.1_contig13.region001	4990	4990
GCA_002710945.1_contig18.region001	4990	4990
GCA_004104055.1_contig04.region001	4990	4990
GCA_004104075.1_contig01.region001	4990	4990
GCA_004104115.1_contig05.region001	4990	4990
GCA_004104375.1_contig03.region001	4990	4990
