,Genome_ID
0,GCA_000016645.1
4,GCA_000023285.1
5,GCA_000023465.1
6,GCA_000023725.1
9,GCA_000060345.1
10,GCA_000064305.2
12,GCA_000143785.1
14,GCA_000152925.3
15,GCA_000152945.2
16,GCA_000152985.1
18,GCA_000153225.1
19,GCA_000153385.1
20,GCA_000153485.2
21,GCA_000154725.1
23,GCA_000169355.1
24,GCA_000171875.1
25,GCA_000173095.1
26,GCA_000173115.1
27,GCA_000173675.1
28,GCA_000174755.1
29,GCA_000183155.1
30,GCA_000183985.1
31,GCA_000184135.2
32,GCA_000186265.1
34,GCA_000190595.1
35,GCA_000191565.1
36,GCA_000192225.1
39,GCA_000211855.3
40,GCA_000212355.1
41,GCA_000213295.2
42,GCA_000218485.2
44,GCA_000220585.2
45,GCA_000220625.1
46,GCA_000224085.1
51,GCA_000240075.2
52,GCA_000240095.3
53,GCA_000242075.2
54,GCA_000242095.1
55,GCA_000242135.1
56,GCA_000243235.1
57,GCA_000243275.1
58,GCA_000246945.2
59,GCA_000252125.2
60,GCA_000252855.1
61,GCA_000253275.1
62,GCA_000255455.1
63,GCA_000258765.1
67,GCA_000264055.1
68,GCA_000265385.1
69,GCA_000265465.1
70,GCA_000271925.1
71,GCA_000277585.1
72,GCA_000277665.1
73,GCA_000278705.1
74,GCA_000282055.1
75,GCA_000282115.1
77,GCA_000293175.1
78,GCA_000295655.1
79,GCA_000297855.1
80,GCA_000297875.1
84,GCA_000318255.2
85,GCA_000318275.2
86,GCA_000318295.1
87,GCA_000318315.2
88,GCA_000321285.1
89,GCA_000331695.1
90,GCA_000331815.1
92,GCA_000332115.1
93,GCA_000333355.1
95,GCA_000335775.1
97,GCA_000348685.1
99,GCA_000355805.1
100,GCA_000355905.1
101,GCA_000367325.1
102,GCA_000374405.1
103,GCA_000378485.1
104,GCA_000378765.1
105,GCA_000379185.1
107,GCA_000382425.1
110,GCA_000401415.1
111,GCA_000403785.1
112,GCA_000411115.1
113,GCA_000411575.1
114,GCA_000413415.1
115,GCA_000419685.1
116,GCA_000422265.1
118,GCA_000422685.1
119,GCA_000422705.1
120,GCA_000422725.1
121,GCA_000423005.1
122,GCA_000423045.1
123,GCA_000423065.1
124,GCA_000423405.1
126,GCA_000424645.1
128,GCA_000424985.1
129,GCA_000425305.1
130,GCA_000425425.1
131,GCA_000425445.1
132,GCA_000425465.1
133,GCA_000425485.1
134,GCA_000425505.1
136,GCA_000426145.1
137,GCA_000426465.1
138,GCA_000427335.1
139,GCA_000428485.1
140,GCA_000429125.1
141,GCA_000429545.1
142,GCA_000430025.1
143,GCA_000430545.1
144,GCA_000430645.1
145,GCA_000430665.1
146,GCA_000430825.1
147,GCA_000430845.1
149,GCA_000447375.1
150,GCA_000455605.1
152,GCA_000466425.1
153,GCA_000468575.1
154,GCA_000468595.1
155,GCA_000468615.2
157,GCA_000477035.2
158,GCA_000482305.1
159,GCA_000495935.2
160,GCA_000495955.1
161,GCA_000495975.1
162,GCA_000495995.1
163,GCA_000496015.1
164,GCA_000496035.1
165,GCA_000496055.1
166,GCA_000498475.1
167,GCA_000498495.1
168,GCA_000498515.1
169,GCA_000498535.1
170,GCA_000509405.1
172,GCA_000518405.1
173,GCA_000518485.1
174,GCA_000518505.1
175,GCA_000518525.1
176,GCA_000520835.1
177,GCA_000520955.1
178,GCA_000520975.1
179,GCA_000520995.1
180,GCA_000568425.1
181,GCA_000611675.1
182,GCA_000612925.1
183,GCA_000621125.1
185,GCA_000626715.1
186,GCA_000633375.1
187,GCA_000686885.1
188,GCA_000687915.1
189,GCA_000687935.1
190,GCA_000688315.1
191,GCA_000688335.1
192,GCA_000689455.1
193,GCA_000689515.1
194,GCA_000695795.1
195,GCA_000708595.2
196,GCA_000708615.2
199,GCA_000729985.1
200,GCA_000732625.1
202,GCA_000733925.1
203,GCA_000733945.1
204,GCA_000734055.1
205,GCA_000735105.1
206,GCA_000735135.1
207,GCA_000735205.1
208,GCA_000735535.1
209,GCA_000735695.2
210,GCA_000735715.2
212,GCA_000737665.1
213,GCA_000737685.1
214,GCA_000737695.1
215,GCA_000737705.1
216,GCA_000737715.1
217,GCA_000737765.1
218,GCA_000737775.1
219,GCA_000737785.1
220,GCA_000738495.1
221,GCA_000739395.1
222,GCA_000744105.1
223,GCA_000744275.1
224,GCA_000744495.1
226,GCA_000744835.1
227,GCA_000745185.1
228,GCA_000745315.1
229,GCA_000745535.1
230,GCA_000745775.1
231,GCA_000745795.1
232,GCA_000746315.1
234,GCA_000747685.1
235,GCA_000750195.1
238,GCA_000754365.1
239,GCA_000754405.1
240,GCA_000755265.1
241,GCA_000755285.1
242,GCA_000755305.1
243,GCA_000755325.1
244,GCA_000756505.1
245,GCA_000757385.1
246,GCA_000764435.1
247,GCA_000764515.1
248,GCA_000764755.1
249,GCA_000764775.1
250,GCA_000764795.1
251,GCA_000764815.1
252,GCA_000764835.1
253,GCA_000766795.1
254,GCA_000766805.1
255,GCA_000767095.1
256,GCA_000769435.1
257,GCA_000769445.1
258,GCA_000769815.1
259,GCA_000769825.1
260,GCA_000769835.1
261,GCA_000769895.1
262,GCA_000769915.1
263,GCA_000769935.1
264,GCA_000773465.1
265,GCA_000775755.1
267,GCA_000797445.1
268,GCA_000797465.1
269,GCA_000799195.1
270,GCA_000799235.1
271,GCA_000799255.1
272,GCA_000799325.1
273,GCA_000799335.1
274,GCA_000799375.1
275,GCA_000799455.1
276,GCA_000799465.1
277,GCA_000799515.1
278,GCA_000799565.1
279,GCA_000799645.1
280,GCA_000800075.1
282,GCA_000801615.1
283,GCA_000801625.1
284,GCA_000801635.1
285,GCA_000801645.1
286,GCA_000801695.1
287,GCA_000801715.1
288,GCA_000805695.1
289,GCA_000807225.1
290,GCA_000812825.1
291,GCA_000812865.1
292,GCA_000812875.1
293,GCA_000812945.1
294,GCA_000812985.1
295,GCA_000813005.1
296,GCA_000813825.1
297,GCA_000820645.1
298,GCA_000826645.1
299,GCA_000826655.1
300,GCA_000827555.1
301,GCA_000827575.1
302,GCA_000827615.1
303,GCA_000827635.1
304,GCA_000827655.1
305,GCA_000827695.1
306,GCA_000827715.1
307,GCA_000827735.1
308,GCA_000828715.1
310,GCA_000829375.1
311,GCA_000831185.1
312,GCA_000831205.1
313,GCA_000831225.1
314,GCA_000831385.1
316,GCA_000832125.1
317,GCA_000833025.1
318,GCA_000834715.1
319,GCA_000934685.1
323,GCA_000947275.1
324,GCA_000952855.1
325,GCA_000955665.1
328,GCA_000967805.1
329,GCA_000971575.2
330,GCA_000971605.2
331,GCA_000971645.2
332,GCA_000971685.2
333,GCA_000971735.2
334,GCA_000971785.2
336,GCA_000981625.1
339,GCA_000982575.1
340,GCA_001005305.1
341,GCA_001005315.1
342,GCA_001011675.1
343,GCA_001013295.1
344,GCA_001020565.1
345,GCA_001021975.1
346,GCA_001027725.1
347,GCA_001027945.1
349,GCA_001045435.1
350,GCA_001045445.1
351,GCA_001045455.1
352,GCA_001045465.1
353,GCA_001050935.1
354,GCA_001051075.1
355,GCA_001051115.1
356,GCA_001051975.1
357,GCA_001057035.1
358,GCA_001077795.1
359,GCA_001187685.1
360,GCA_001263145.1
362,GCA_001275605.1
363,GCA_001278115.1
364,GCA_001278825.1
368,GCA_001280865.1
369,GCA_001295265.1
370,GCA_001297705.1
373,GCA_001315805.1
374,GCA_001401755.1
375,GCA_001403755.1
376,GCA_001404975.1
377,GCA_001404985.1
378,GCA_001413925.1
379,GCA_001413955.1
380,GCA_001418015.1
381,GCA_001418085.1
383,GCA_001418685.1
384,GCA_001420285.1
385,GCA_001421435.1
386,GCA_001422725.1
387,GCA_001423985.1
388,GCA_001424105.1
389,GCA_001424145.1
390,GCA_001424585.1
391,GCA_001425355.1
392,GCA_001427905.1
393,GCA_001428525.1
394,GCA_001429295.1
395,GCA_001429765.1
397,GCA_001430865.1
398,GCA_001431365.1
399,GCA_001431805.1
403,GCA_001438125.1
407,GCA_001438225.1
408,GCA_001438245.1
412,GCA_001439205.1
413,GCA_001439215.1
414,GCA_001439315.1
417,GCA_001447995.1
418,GCA_001456155.1
419,GCA_001464475.1
420,GCA_001481655.1
421,GCA_001482795.1
422,GCA_001482835.1
423,GCA_001483145.1
424,GCA_001483385.1
425,GCA_001485415.1
426,GCA_001485515.1
427,GCA_001507325.1
428,GCA_001507335.1
429,GCA_001507425.1
430,GCA_001510795.1
431,GCA_001510855.1
432,GCA_001510875.1
433,GCA_001516145.1
434,GCA_001521735.1
435,GCA_001521745.1
436,GCA_001521755.1
437,GCA_001521765.1
438,GCA_001521815.1
439,GCA_001529295.1
440,GCA_001534645.1
441,GCA_001543325.1
442,GCA_001544435.1
443,GCA_001549985.1
444,GCA_001553545.1
445,GCA_001556235.1
446,GCA_001563495.1
448,GCA_001573155.1
449,GCA_001580475.1
450,GCA_001589345.1
451,GCA_001593385.1
452,GCA_001596175.2
453,GCA_001602525.1
454,GCA_001618465.2
455,GCA_001618505.2
456,GCA_001618545.2
457,GCA_001619815.1
458,GCA_001632745.1
459,GCA_001637185.1
461,GCA_001640115.1
462,GCA_001641085.1
463,GCA_001641185.1
464,GCA_001641405.1
466,GCA_001643375.1
467,GCA_001648155.1
468,GCA_001653755.1
470,GCA_001662485.1
471,GCA_001670605.1
472,GCA_001670615.1
473,GCA_001670625.1
474,GCA_001670645.1
475,GCA_001670685.1
476,GCA_001670695.1
477,GCA_001670725.1
478,GCA_001670735.1
479,GCA_001670765.2
480,GCA_001670785.1
481,GCA_001670805.1
482,GCA_001670855.1
483,GCA_001670865.1
484,GCA_001670875.1
485,GCA_001671145.1
487,GCA_001673755.1
488,GCA_001675285.1
490,GCA_001677395.1
491,GCA_001677935.1
492,GCA_001677955.1
493,GCA_001678675.1
495,GCA_001680875.1
496,GCA_001680885.1
498,GCA_001683915.1
499,GCA_001684955.1
500,GCA_001684965.1
501,GCA_001684975.1
503,GCA_001686925.1
504,GCA_001686935.1
505,GCA_001686945.1
506,GCA_001693415.1
507,GCA_001693475.1
509,GCA_001703835.1
510,GCA_001705175.1
511,GCA_001708385.1
512,GCA_001718075.1
515,GCA_001735715.1
519,GCA_001748465.2
520,GCA_001752425.1
522,GCA_001761365.1
523,GCA_001761465.1
524,GCA_001800905.1
525,GCA_001800925.1
526,GCA_001800945.1
527,GCA_001800975.1
532,GCA_001831475.1
533,GCA_001853405.1
534,GCA_001853425.1
535,GCA_001853485.1
536,GCA_001857965.1
537,GCA_001865655.1
538,GCA_001865835.1
539,GCA_001867305.1
540,GCA_001871275.1
541,GCA_001873065.1
542,GCA_001873105.1
543,GCA_001874145.1
545,GCA_001874325.1
546,GCA_001879205.1
549,GCA_001887135.1
550,GCA_001887145.1
552,GCA_001889005.1
554,GCA_001898245.1
555,GCA_001898255.1
556,GCA_001898785.1
558,GCA_001899155.1
559,GCA_001913155.1
560,GCA_001932675.1
561,GCA_001936395.1
562,GCA_001936575.1
563,GCA_001941605.1
564,GCA_001951155.1
565,GCA_001971725.1
566,GCA_001971745.1
569,GCA_001975665.1
570,GCA_001975985.1
571,GCA_001995115.1
572,GCA_001999725.1
573,GCA_002001005.1
574,GCA_002002525.1
575,GCA_002005425.1
576,GCA_002007065.3
577,GCA_002017935.1
578,GCA_002017945.1
579,GCA_002022025.1
580,GCA_002022045.1
581,GCA_002022065.1
582,GCA_002022085.1
583,GCA_002022105.1
584,GCA_002022125.1
585,GCA_002022145.1
586,GCA_002023055.1
587,GCA_002023065.1
588,GCA_002023095.1
589,GCA_002023105.1
590,GCA_002023135.1
591,GCA_002023145.1
592,GCA_002023175.1
593,GCA_002023195.1
594,GCA_002023205.1
595,GCA_002023235.2
596,GCA_002023305.1
597,GCA_002023325.1
598,GCA_002023335.1
599,GCA_002023365.1
600,GCA_002023385.1
601,GCA_002023405.1
602,GCA_002023425.1
603,GCA_002023435.1
604,GCA_002023465.1
605,GCA_002023475.1
606,GCA_002023505.1
607,GCA_002023515.1
608,GCA_002023545.1
609,GCA_002023565.1
610,GCA_002023575.1
611,GCA_002023585.1
612,GCA_002023625.1
613,GCA_002023645.1
614,GCA_002023665.2
615,GCA_002023685.1
616,GCA_002023695.1
617,GCA_002023705.1
618,GCA_002023715.1
619,GCA_002023765.1
620,GCA_002023775.1
621,GCA_002024805.1
622,GCA_002024825.1
623,GCA_002025185.1
624,GCA_002025665.1
625,GCA_002072105.2
626,GCA_002078605.1
627,GCA_002094855.1
628,GCA_002117085.1
629,GCA_002117125.1
630,GCA_002120225.1
631,GCA_002120265.1
632,GCA_002150145.1
633,GCA_002150205.1
634,GCA_002150215.1
635,GCA_002150245.1
636,GCA_002150255.1
637,GCA_002150295.1
638,GCA_002150785.1
639,GCA_002156885.1
640,GCA_002162685.1
642,GCA_002162835.1
643,GCA_002163675.1
644,GCA_002163835.1
645,GCA_002163855.1
647,GCA_002167435.2
648,GCA_002167525.1
652,GCA_002167945.1
653,GCA_002168005.2
662,GCA_002169865.1
670,GCA_002170965.1
673,GCA_002171295.2
675,GCA_002171575.2
678,GCA_002172435.2
682,GCA_002177115.1
683,GCA_002197835.1
685,GCA_002201235.1
686,GCA_002201315.1
687,GCA_002204815.1
688,GCA_002204825.1
689,GCA_002204835.1
690,GCA_002204845.1
691,GCA_002204895.1
692,GCA_002205795.1
693,GCA_002207815.1
694,GCA_002208925.2
695,GCA_002209445.1
696,GCA_002210235.1
698,GCA_002216065.1
699,GCA_002217195.1
700,GCA_002217205.1
701,GCA_002217235.1
702,GCA_002217245.1
703,GCA_002217275.1
704,GCA_002217285.1
705,GCA_002217315.1
706,GCA_002217335.1
707,GCA_002217355.1
708,GCA_002217365.1
709,GCA_002217395.1
710,GCA_002217405.1
711,GCA_002217435.1
712,GCA_002217445.1
713,GCA_002217475.1
714,GCA_002221975.1
715,GCA_002222045.1
716,GCA_002222055.1
717,GCA_002234495.1
721,GCA_002251775.1
722,GCA_002251835.1
723,GCA_002256285.1
725,GCA_002266855.1
726,GCA_002269385.1
729,GCA_002277995.2
731,GCA_002280815.1
732,GCA_002285635.2
733,GCA_002286775.1
734,GCA_002291575.1
735,GCA_002291725.1
737,GCA_002291795.1
738,GCA_002292245.1
739,GCA_002292265.1
745,GCA_002293985.1
746,GCA_002294105.1
748,GCA_002294465.1
749,GCA_002294525.1
750,GCA_002295505.1
753,GCA_002296555.1
754,GCA_002296885.1
755,GCA_002297465.1
756,GCA_002297505.1
757,GCA_002297705.1
758,GCA_002302395.1
759,GCA_002302415.1
760,GCA_002302445.1
761,GCA_002302475.1
762,GCA_002302495.1
763,GCA_002302515.1
764,GCA_002302535.1
765,GCA_002302565.1
766,GCA_002302595.1
767,GCA_002302615.1
768,GCA_002302635.1
769,GCA_002302655.1
770,GCA_002303885.1
771,GCA_002304005.1
772,GCA_002304765.1
773,GCA_002306185.1
776,GCA_002308695.1
777,GCA_002310515.1
778,GCA_002310535.1
779,GCA_002311535.1
781,GCA_002311725.1
782,GCA_002312885.1
783,GCA_002313325.1
786,GCA_002314375.1
787,GCA_002315095.1
788,GCA_002315415.1
789,GCA_002319955.1
790,GCA_002320285.1
791,GCA_002320855.1
792,GCA_002322625.1
793,GCA_002322895.1
794,GCA_002323395.1
795,GCA_002323475.1
796,GCA_002323495.1
799,GCA_002325035.1
801,GCA_002325485.1
802,GCA_002325685.1
806,GCA_002332505.1
808,GCA_002333005.1
810,GCA_002334975.1
811,GCA_002335345.1
815,GCA_002336225.1
817,GCA_002336305.1
824,GCA_002337205.1
825,GCA_002337605.1
826,GCA_002338325.1
827,GCA_002338705.1
830,GCA_002340165.1
831,GCA_002340745.1
832,GCA_002340755.1
833,GCA_002340765.1
834,GCA_002341025.1
839,GCA_002345305.1
840,GCA_002345565.1
841,GCA_002346855.1
845,GCA_002352205.1
847,GCA_002352865.1
848,GCA_002353015.1
850,GCA_002354685.1
851,GCA_002354765.1
852,GCA_002354835.1
854,GCA_002358695.1
859,GCA_002360095.1
860,GCA_002360395.1
862,GCA_002360635.1
863,GCA_002360925.1
864,GCA_002362375.1
865,GCA_002362875.1
866,GCA_002363835.1
867,GCA_002363855.1
868,GCA_002363875.1
869,GCA_002364135.1
870,GCA_002364215.1
871,GCA_002364245.1
872,GCA_002364255.1
873,GCA_002364325.1
874,GCA_002364335.1
875,GCA_002364385.1
876,GCA_002364405.1
877,GCA_002364535.1
879,GCA_002365095.1
881,GCA_002365405.1
883,GCA_002365615.1
884,GCA_002366675.1
885,GCA_002367645.1
887,GCA_002375245.1
888,GCA_002375495.1
889,GCA_002375625.1
890,GCA_002375695.1
891,GCA_002376145.1
893,GCA_002376925.1
895,GCA_002378465.1
897,GCA_002378585.1
900,GCA_002379575.1
901,GCA_002379725.1
902,GCA_002379965.1
904,GCA_002380515.1
906,GCA_002380565.1
909,GCA_002382405.1
910,GCA_002382495.1
911,GCA_002382825.1
912,GCA_002383055.1
913,GCA_002383165.1
915,GCA_002384055.1
916,GCA_002384125.1
917,GCA_002384245.1
918,GCA_002384345.1
920,GCA_002384715.1
922,GCA_002384895.1
924,GCA_002387575.1
927,GCA_002388405.1
928,GCA_002388445.1
930,GCA_002388705.1
931,GCA_002388845.1
932,GCA_002388855.1
934,GCA_002389235.1
937,GCA_002389405.1
940,GCA_002389535.1
945,GCA_002390125.1
946,GCA_002390165.1
949,GCA_002390455.1
951,GCA_002390585.1
952,GCA_002390605.1
955,GCA_002390665.1
958,GCA_002390905.1
959,GCA_002391865.1
960,GCA_002392055.1
963,GCA_002399805.1
972,GCA_002403645.1
973,GCA_002403935.1
977,GCA_002413625.1
978,GCA_002413745.1
979,GCA_002414425.1
980,GCA_002414565.1
981,GCA_002414635.1
983,GCA_002414725.1
984,GCA_002415015.1
986,GCA_002415135.1
987,GCA_002415175.1
988,GCA_002415215.1
992,GCA_002420545.1
993,GCA_002421065.1
994,GCA_002421305.1
995,GCA_002421645.1
996,GCA_002422095.1
1001,GCA_002425465.1
1002,GCA_002426015.1
1003,GCA_002426065.1
1004,GCA_002426075.1
1006,GCA_002426755.1
1007,GCA_002426785.1
1011,GCA_002427935.1
1012,GCA_002428305.1
1013,GCA_002428965.1
1016,GCA_002429185.1
1017,GCA_002429285.1
1018,GCA_002429685.1
1019,GCA_002429865.1
1020,GCA_002430025.1
1021,GCA_002430205.1
1022,GCA_002430445.1
1023,GCA_002430455.1
1024,GCA_002430545.1
1027,GCA_002431085.1
1030,GCA_002433125.1
1031,GCA_002433505.1
1032,GCA_002433745.1
1033,GCA_002434285.1
1034,GCA_002435045.1
1035,GCA_002435115.1
1036,GCA_002435265.1
1038,GCA_002439125.1
1039,GCA_002439165.1
1040,GCA_002440405.1
1041,GCA_002440605.1
1042,GCA_002440705.1
1043,GCA_002441475.1
1044,GCA_002441545.1
1048,GCA_002452945.1
1049,GCA_002452975.1
1050,GCA_002453005.1
1051,GCA_002453015.1
1052,GCA_002453055.1
1053,GCA_002453075.1
1054,GCA_002453085.1
1058,GCA_002453775.1
1059,GCA_002453895.1
1060,GCA_002454095.1
1061,GCA_002454195.1
1063,GCA_002454815.1
1065,GCA_002455915.1
1066,GCA_002457075.1
1069,GCA_002457715.1
1070,GCA_002469685.1
1073,GCA_002470025.1
1078,GCA_002470745.1
1079,GCA_002470765.1
1081,GCA_002470905.1
1083,GCA_002471425.1
1084,GCA_002471625.1
1086,GCA_002471745.1
1087,GCA_002471825.1
1088,GCA_002472765.1
1089,GCA_002472905.1
1090,GCA_002472945.1
1091,GCA_002476825.1
1092,GCA_002476905.1
1093,GCA_002477085.1
1096,GCA_002477585.1
1098,GCA_002477665.1
1099,GCA_002478375.1
1100,GCA_002478465.1
1102,GCA_002478685.1
1107,GCA_002480405.1
1112,GCA_002482945.1
1113,GCA_002482975.1
1115,GCA_002483285.1
1116,GCA_002483315.1
1118,GCA_002484185.1
1120,GCA_002484365.1
1121,GCA_002494265.1
1124,GCA_002530675.1
1125,GCA_002530755.1
1126,GCA_002557775.1
1127,GCA_002591275.1
1128,GCA_002631855.1
1129,GCA_002682935.1
1132,GCA_002683495.1
1133,GCA_002683555.1
1137,GCA_002684355.1
1147,GCA_002686575.1
1149,GCA_002687665.1
1152,GCA_002690085.1
1153,GCA_002690095.1
1154,GCA_002690415.1
1157,GCA_002691165.1
1166,GCA_002692745.1
1167,GCA_002693005.1
1168,GCA_002693085.1
1170,GCA_002693185.1
1174,GCA_002693685.1
1177,GCA_002693805.1
1178,GCA_002694465.1
1180,GCA_002694765.1
1184,GCA_002695445.1
1185,GCA_002695545.1
1188,GCA_002696105.1
1189,GCA_002696215.1
1191,GCA_002696305.1
1197,GCA_002696985.1
1198,GCA_002697085.1
1200,GCA_002697365.1
1201,GCA_002697465.1
1202,GCA_002697475.1
1206,GCA_002697885.1
1209,GCA_002698705.1
1210,GCA_002698745.1
1211,GCA_002698895.1
1212,GCA_002699205.1
1217,GCA_002700005.1
1218,GCA_002700155.1
1219,GCA_002700185.1
1225,GCA_002700465.1
1234,GCA_002702385.1
1240,GCA_002702895.1
1241,GCA_002703065.1
1244,GCA_002703565.1
1249,GCA_002705385.1
1251,GCA_002705485.1
1252,GCA_002705625.1
1255,GCA_002706045.1
1258,GCA_002707025.1
1267,GCA_002707745.1
1271,GCA_002708845.1
1273,GCA_002709185.1
1276,GCA_002710605.1
1277,GCA_002710945.1
1282,GCA_002711215.1
1285,GCA_002711825.1
1297,GCA_002714575.1
1299,GCA_002714815.1
1301,GCA_002714865.1
1302,GCA_002715085.1
1303,GCA_002715155.1
1308,GCA_002715485.1
1311,GCA_002715605.1
1315,GCA_002716005.1
1319,GCA_002716845.1
1332,GCA_002719535.1
1341,GCA_002721255.1
1346,GCA_002722255.1
1348,GCA_002723075.1
1354,GCA_002725015.1
1357,GCA_002726175.1
1361,GCA_002727005.1
1364,GCA_002728045.1
1368,GCA_002728635.1
1371,GCA_002729755.1
1378,GCA_002732565.1
1381,GCA_002733285.1
1383,GCA_002733585.1
1385,GCA_002733915.1
1389,GCA_002737105.1
1394,GCA_002738605.1
1396,GCA_002742265.1
1397,GCA_002742325.1
1398,GCA_002742365.1
1399,GCA_002744755.1
1411,GCA_002754195.1
1412,GCA_002754245.1
1413,GCA_002754275.1
1414,GCA_002754315.1
1415,GCA_002770595.1
1416,GCA_002770945.1
1418,GCA_002780665.1
1419,GCA_002781025.1
1420,GCA_002781485.1
1421,GCA_002781585.1
1422,GCA_002782485.1
1423,GCA_002782505.1
1424,GCA_002782545.1
1425,GCA_002784145.1
1426,GCA_002784685.1
1427,GCA_002785365.1
1428,GCA_002785385.1
1430,GCA_002786385.1
1433,GCA_002789175.1
1434,GCA_002789195.1
1435,GCA_002790155.1
1438,GCA_002793215.1
1440,GCA_002796265.1
1441,GCA_002797535.1
1442,GCA_002797785.1
1443,GCA_002797935.1
1445,GCA_002807015.1
1447,GCA_002810405.1
1448,GCA_002813125.1
1451,GCA_002813295.1
1452,GCA_002813425.1
1453,GCA_002813915.1
1454,GCA_002814055.1
1455,GCA_002814075.1
1456,GCA_002831625.1
1457,GCA_002831645.1
1458,GCA_002831665.1
1459,GCA_002831685.1
1460,GCA_002833365.1
1461,GCA_002833385.1
1462,GCA_002835665.1
1463,GCA_002836055.1
1464,GCA_002836085.1
1465,GCA_002836475.1
1466,GCA_002836595.1
1468,GCA_002843925.1
1469,GCA_002843945.1
1471,GCA_002846555.1
1472,GCA_002846575.1
1473,GCA_002846595.1
1478,GCA_002862645.1
1480,GCA_002862705.1
1482,GCA_002862755.1
1484,GCA_002862805.1
1489,GCA_002887275.1
1490,GCA_002888615.1
1491,GCA_002893085.1
1494,GCA_002895435.1
1495,GCA_002896355.1
1496,GCA_002899825.2
1497,GCA_002899875.1
1498,GCA_002899895.2
1499,GCA_002899945.2
1500,GCA_002900095.1
1502,GCA_002909235.1
1503,GCA_002909255.1
1504,GCA_002916795.1
1505,GCA_002916835.1
1506,GCA_002917885.1
1507,GCA_002920895.1
1508,GCA_002924285.1
1509,GCA_002934445.1
1512,GCA_002943655.1
1513,GCA_002943675.1
1514,GCA_002943715.1
1516,GCA_002951395.1
1517,GCA_002951455.1
1519,GCA_002954345.1
1520,GCA_002954355.1
1521,GCA_002954385.1
1522,GCA_002954605.1
1523,GCA_002954645.1
1524,GCA_002954665.1
1525,GCA_002954685.1
1526,GCA_002954765.1
1527,GCA_002964915.1
1528,GCA_002964965.1
1529,GCA_002964975.1
1531,GCA_002973595.1
1532,GCA_002979455.1
1533,GCA_002979665.1
1534,GCA_002979755.1
1535,GCA_002994045.1
1536,GCA_002995685.1
1537,GCA_002995695.1
1538,GCA_002995725.1
1539,GCA_002998835.1
1540,GCA_002999135.1
1541,GCA_003001695.1
1542,GCA_003001855.1
1543,GCA_003001895.1
1544,GCA_003003155.1
1545,GCA_003006795.1
1550,GCA_003014895.1
1551,GCA_003020585.1
1552,GCA_003024155.1
1553,GCA_003024905.1
1555,GCA_003034215.1
1556,GCA_003053575.1
1557,GCA_003054025.1
1558,GCA_003054225.1
1559,GCA_003054265.1
1560,GCA_003055625.1
1561,GCA_003057865.1
1562,GCA_003058195.1
1563,GCA_003058265.1
1564,GCA_003061225.1
1565,GCA_003061345.1
1566,GCA_003061395.1
1567,GCA_003070725.1
1568,GCA_003075045.1
1569,GCA_003076455.1
1570,GCA_003076475.1
1571,GCA_003094695.1
1572,GCA_003095375.1
1573,GCA_003095655.1
1574,GCA_003096035.1
1575,GCA_003096795.1
1576,GCA_003097535.1
1577,GCA_003097635.1
1578,GCA_003097655.1
1579,GCA_003105115.1
1580,GCA_003122385.1
1581,GCA_003122675.1
1582,GCA_003129485.1
1585,GCA_003144015.1
1586,GCA_003146745.1
1587,GCA_003148385.1
1588,GCA_003148525.1
1589,GCA_003148645.1
1592,GCA_003149745.1
1594,GCA_003182335.1
1595,GCA_003201365.1
1596,GCA_003201775.1
1597,GCA_003202405.1
1598,GCA_003202435.1
1599,GCA_003208535.1
1620,GCA_003217215.1
1621,GCA_003217415.1
1636,GCA_003232155.1
1640,GCA_003233725.1
1643,GCA_003241515.1
1644,GCA_003241955.1
1645,GCA_003242135.1
1646,GCA_003243255.1
1647,GCA_003246205.1
1649,GCA_003248465.1
1650,GCA_003248755.1
1651,GCA_003253545.1
1652,GCA_003254015.1
1653,GCA_003254095.1
1654,GCA_003254545.1
1655,GCA_003254565.1
1656,GCA_003254585.1
1657,GCA_003254625.1
1658,GCA_003254745.1
1660,GCA_003259265.1
1661,GCA_003259375.1
1662,GCA_003259525.1
1663,GCA_003259835.1
1664,GCA_003260195.1
1665,GCA_003260205.1
1667,GCA_003268815.1
1668,GCA_003268855.1
1669,GCA_003269425.1
1671,GCA_003290185.1
1672,GCA_003293825.1
1673,GCA_003293835.1
1674,GCA_003293845.1
1675,GCA_003298875.1
1676,GCA_003312425.1
1677,GCA_003312915.1
1678,GCA_003314435.2
1680,GCA_003318185.1
1681,GCA_003331265.1
1682,GCA_003331305.1
1684,GCA_003331865.1
1685,GCA_003331875.1
1686,GCA_003331885.1
1688,GCA_003335085.1
1689,GCA_003335675.1
1690,GCA_003336205.1
1692,GCA_003337305.1
1694,GCA_003344925.1
1695,GCA_003347605.1
1696,GCA_003350375.1
1697,GCA_003350545.1
1698,GCA_003352465.1
1699,GCA_003353425.1
1700,GCA_003362725.1
1701,GCA_003382275.1
1702,GCA_003384725.1
1703,GCA_003384775.1
1704,GCA_003384935.1
1705,GCA_003385115.1
1706,GCA_003385395.1
1707,GCA_003385415.1
1708,GCA_003385455.1
1709,GCA_003385495.1
1710,GCA_003385515.1
1711,GCA_003385535.1
1712,GCA_003385595.1
1713,GCA_003385855.1
1714,GCA_003385895.1
1715,GCA_003386165.1
1717,GCA_003386275.1
1718,GCA_003386855.1
1719,GCA_003387355.1
1720,GCA_003387615.1
1721,GCA_003391035.1
1724,GCA_003403075.1
1725,GCA_003410315.1
1726,GCA_003413745.1
1728,GCA_003426735.1
1729,GCA_003426875.1
1730,GCA_003433315.1
1731,GCA_003433335.1
1732,GCA_003433355.1
1735,GCA_003443675.1
1736,GCA_003443695.1
1737,GCA_003443715.1
1739,GCA_003445055.1
1744,GCA_003447055.1
1746,GCA_003447455.1
1747,GCA_003448295.1
1750,GCA_003449565.1
1751,GCA_003449615.1
1753,GCA_003450275.1
1755,GCA_003450515.1
1759,GCA_003454375.1
1762,GCA_003455775.1
1763,GCA_003455795.1
1764,GCA_003455905.1
1766,GCA_003457445.1
1767,GCA_003476275.1
1768,GCA_003476385.1
1770,GCA_003476525.1
1775,GCA_003483305.1
1777,GCA_003484045.1
1779,GCA_003484565.1
1780,GCA_003487285.1
1784,GCA_003487925.1
1785,GCA_003488565.1
1788,GCA_003497625.1
1792,GCA_003504555.1
1793,GCA_003506665.1
1798,GCA_003507715.1
1799,GCA_003507755.1
1800,GCA_003510655.1
1801,GCA_003511565.1
1802,GCA_003511625.1
1804,GCA_003511865.1
1806,GCA_003513105.1
1807,GCA_003513625.1
1808,GCA_003514105.1
1809,GCA_003515005.1
1810,GCA_003516285.1
1811,GCA_003516945.1
1812,GCA_003517005.1
1814,GCA_003517615.1
1817,GCA_003520985.1
1818,GCA_003523505.1
1819,GCA_003524725.1
1820,GCA_003525065.1
1823,GCA_003525665.1
1826,GCA_003529725.1
1827,GCA_003529845.1
1829,GCA_003533615.1
1830,GCA_003533785.1
1831,GCA_003534545.1
1833,GCA_003536155.1
1834,GCA_003537025.1
1835,GCA_003537695.1
1836,GCA_003538255.1
1837,GCA_003538555.1
1838,GCA_003538685.1
1842,GCA_003541615.1
1844,GCA_003545615.1
1845,GCA_003550275.1
1846,GCA_003564185.1
1849,GCA_003565575.1
1853,GCA_003581615.1
1856,GCA_003584135.1
1857,GCA_003584165.1
1858,GCA_003585975.1
1859,GCA_003590565.1
1861,GCA_003610675.1
1862,GCA_003610695.1
1863,GCA_003610735.1
1867,GCA_003626835.1
1868,GCA_003626845.1
1869,GCA_003626865.1
1870,GCA_003633595.1
1871,GCA_003633605.1
1872,GCA_003633785.1
1873,GCA_003633855.1
1874,GCA_003634105.1
1875,GCA_003634455.1
1876,GCA_003634585.1
1877,GCA_003634615.1
1878,GCA_003634755.1
1879,GCA_003634775.1
1880,GCA_003634825.1
1883,GCA_003663835.1
1884,GCA_003663845.1
1885,GCA_003663945.1
1886,GCA_003664185.1
1887,GCA_003667275.1
1888,GCA_003668995.1
1889,GCA_003669035.1
1890,GCA_003687485.1
1892,GCA_003688345.1
1894,GCA_003688495.1
1895,GCA_003688785.1
1896,GCA_003688895.1
1897,GCA_003692615.1
1899,GCA_003709475.1
1900,GCA_003710065.1
1901,GCA_003712105.1
1904,GCA_003729935.1
1905,GCA_003729955.1
1906,GCA_003729975.1
1907,GCA_003729985.1
1908,GCA_003730015.1
1909,GCA_003730065.1
1910,GCA_003732575.1
1911,GCA_003755145.1
1912,GCA_003788665.1
1913,GCA_003795085.1
1914,GCA_003812605.1
1915,GCA_003812705.1
1916,GCA_003812865.1
1918,GCA_003815615.1
1919,GCA_003815635.1
1920,GCA_003815655.1
1921,GCA_003815675.1
1922,GCA_003815695.1
1923,GCA_003815715.1
1924,GCA_003815735.1
1925,GCA_003815755.1
1926,GCA_003815775.1
1927,GCA_003815835.1
1928,GCA_003815855.1
1929,GCA_003815875.1
1930,GCA_003815895.1
1931,GCA_003815915.1
1932,GCA_003815935.1
1933,GCA_003815955.1
1934,GCA_003815975.1
1935,GCA_003815995.1
1936,GCA_003816015.1
1938,GCA_003852415.1
1939,GCA_003852675.1
1941,GCA_003852805.1
1942,GCA_003858535.1
1943,GCA_003860485.1
1944,GCA_003860505.1
1945,GCA_003860525.1
1946,GCA_003860545.1
1948,GCA_003860585.1
1949,GCA_003860605.1
1951,GCA_003865345.1
1952,GCA_003865365.1
1953,GCA_003865405.1
1954,GCA_003867015.1
1955,GCA_003867075.1
1956,GCA_003931895.1
1957,GCA_003932955.1
1958,GCA_003933245.1
1959,GCA_003935165.1
1960,GCA_003935845.1
1961,GCA_003937815.1
1963,GCA_003946915.1
1964,GCA_003957295.1
1965,GCA_003963025.1
1966,GCA_003966335.1
1967,GCA_003968735.1
1968,GCA_003968755.1
1969,GCA_003968825.1
1970,GCA_003970305.1
1971,GCA_003970335.1
1973,GCA_003970375.1
1974,GCA_003970395.1
1975,GCA_003970695.1
1977,GCA_003971175.1
1978,GCA_003971235.1
1980,GCA_003973595.1
1982,GCA_003984665.1
1983,GCA_003984675.1
1984,GCA_003984825.1
1986,GCA_003984855.1
1987,GCA_003992595.1
1988,GCA_003992615.1
1989,GCA_003992675.1
1990,GCA_003996965.1
1991,GCA_004010055.1
1992,GCA_004010215.1
1993,GCA_004010225.1
1994,GCA_004014855.1
1995,GCA_004016525.1
1996,GCA_004022485.1
1997,GCA_004023655.1
1998,GCA_004028155.1
2000,GCA_004088395.1
2001,GCA_004104035.1
2002,GCA_004104045.1
2003,GCA_004104055.1
2004,GCA_004104075.1
2005,GCA_004104115.1
2006,GCA_004104375.1
2007,GCA_004115975.1
2008,GCA_004119415.1
2009,GCA_004119445.1
2010,GCA_004119455.1
2011,GCA_004119495.1
2012,GCA_004119505.1
2013,GCA_004121075.1
2014,GCA_004122105.1
2015,GCA_004122145.1
2016,GCA_004122165.1
2017,GCA_004137745.1
2018,GCA_004139715.1
2020,GCA_004150225.1
2021,GCA_004151235.1
2022,GCA_004151245.1
2023,GCA_004151275.1
2026,GCA_004195315.1
2032,GCA_004211145.1
2035,GCA_004211785.1
2036,GCA_004211875.1
2038,GCA_004213645.1
2041,GCA_004214015.1
2043,GCA_004214185.1
2044,GCA_004214195.1
2045,GCA_004214265.1
2047,GCA_004216895.1
2048,GCA_004282915.1
2049,GCA_004283005.1
2050,GCA_004293045.1
2051,GCA_004293165.1
2052,GCA_004293805.1
2055,GCA_004295795.1
2057,GCA_004296145.1
2058,GCA_004296335.1
2059,GCA_004303025.1
2060,GCA_004310325.1
2061,GCA_004310335.1
2062,GCA_004321735.1
2064,GCA_004328965.1
2065,GCA_004329815.1
2066,GCA_004332155.1
2067,GCA_004337635.1
2068,GCA_004337695.1
2069,GCA_004339485.1
2070,GCA_004339525.1
2072,GCA_004341805.1
2073,GCA_004345565.1
2074,GCA_004345825.1
2075,GCA_004346845.1
2076,GCA_004349085.1
2077,GCA_004349135.1
2078,GCA_004349145.1
2079,GCA_004349155.1
2080,GCA_004349195.1
2081,GCA_004349315.1
2082,GCA_004349355.1
2083,GCA_004352915.1
2084,GCA_004355225.1
2086,GCA_004359195.1
2088,GCA_004362015.1
2089,GCA_004362055.1
2090,GCA_004362395.1
2091,GCA_004362665.1
2093,GCA_004363005.1
2094,GCA_004363695.1
2095,GCA_004364165.1
2096,GCA_004364175.1
2097,GCA_004364575.1
2098,GCA_004364975.1
2099,GCA_004365465.1
2100,GCA_004365655.1
2101,GCA_004366435.1
2103,GCA_004368785.1
2104,GCA_004368925.1
2105,GCA_004369705.1
2106,GCA_004378585.1
2107,GCA_004525075.1
2109,GCA_004634185.1
2110,GCA_004634195.1
2111,GCA_004634245.1
2112,GCA_004684835.1
2113,GCA_004745595.1
2114,GCA_004762155.1
2115,GCA_004785645.1
2117,GCA_004797125.1
2119,GCA_004799385.1
2120,GCA_004801375.1
2121,GCA_004803875.1
2122,GCA_004804315.1
2124,GCA_004843725.1
2125,GCA_004916895.1
2126,GCA_004916905.1
2127,GCA_004959765.1
2129,GCA_005144745.1
2130,GCA_005234115.1
2131,GCA_005503635.1
2132,GCA_005771495.1
2133,GCA_005780245.1
2134,GCA_005792865.1
2135,GCA_005844065.1
2136,GCA_005862425.1
2137,GCA_005869935.1
2138,GCA_005885635.1
2139,GCA_005885675.1
2140,GCA_005937185.1
2141,GCA_005943945.1
2143,GCA_006088815.1
2144,GCA_006120725.1
2147,GCA_006175945.1
2149,GCA_006346335.1
2151,GCA_006383075.2
2152,GCA_006385095.1
2153,GCA_006385255.1
2154,GCA_006386525.1
2155,GCA_006438875.1
2156,GCA_006443095.1
2157,GCA_006491595.2
2158,GCA_006491645.1
2160,GCA_006539745.1
2161,GCA_006539785.1
2162,GCA_006546625.1
2163,GCA_006714895.1
2164,GCA_006716485.1
2165,GCA_006716585.1
2166,GCA_006777745.1
2167,GCA_006777825.1
2168,GCA_006777945.1
2169,GCA_006778065.1
2170,GCA_006778185.1
2171,GCA_006778265.1
2172,GCA_006778345.1
2173,GCA_006778465.1
2174,GCA_006778585.1
2175,GCA_006789585.1
2176,GCA_006829085.1
2178,GCA_007050985.1
2179,GCA_007097145.1
2180,GCA_007097245.1
2181,GCA_007097265.1
2182,GCA_007097285.1
2183,GCA_007097295.1
2184,GCA_007097305.1
2185,GCA_007097345.1
2186,GCA_007097365.1
2187,GCA_007097385.1
2188,GCA_007109225.1
2189,GCA_007109265.1
2191,GCA_007116535.1
2204,GCA_007341385.1
2205,GCA_007362475.1
2206,GCA_007474535.1
2207,GCA_007474545.1
2208,GCA_007489275.1
2213,GCA_007785775.2
2214,GCA_007827205.1
2215,GCA_007827235.1
2216,GCA_007827275.1
2217,GCA_007827285.1
2218,GCA_007827365.1
2219,GCA_007827445.1
2220,GCA_007827455.1
2221,GCA_007827465.1
2222,GCA_007830355.1
2223,GCA_007830385.1
2224,GCA_007830415.1
2225,GCA_007830645.1
2229,GCA_007923145.1
2230,GCA_007923165.1
2231,GCA_007989005.1
2232,GCA_007990795.1
2233,GCA_007990815.1
2234,GCA_007990835.1
2235,GCA_007991415.1
2236,GCA_007991435.1
2237,GCA_007991455.1
2238,GCA_007992475.1
2240,GCA_007993795.1
2241,GCA_007994155.1
2243,GCA_007997065.1
2244,GCA_007997075.1
2245,GCA_007997085.1
2246,GCA_007997115.1
2247,GCA_007997135.1
2248,GCA_007997155.1
2249,GCA_007997205.1
2250,GCA_007997225.1
2251,GCA_007997235.1
2252,GCA_007997285.1
2253,GCA_007997295.1
2254,GCA_007997315.1
2255,GCA_007997375.1
2257,GCA_008000935.1
2259,GCA_008014695.1
2268,GCA_008017345.1
2269,GCA_008017365.1
2270,GCA_008017825.1
2271,GCA_008017835.1
2272,GCA_008033385.1
2273,GCA_008033395.2
2274,GCA_008040165.1
2276,GCA_008081175.1
2279,GCA_008084905.1
2285,GCA_008124555.1
2286,GCA_008124785.1
2287,GCA_008124875.1
2288,GCA_008244555.1
2289,GCA_008274625.1
2290,GCA_008329705.1
2291,GCA_008329825.1
2292,GCA_008367235.1
2293,GCA_008367275.1
2294,GCA_008369745.1
2295,GCA_008370685.1
2296,GCA_008386485.1
2297,GCA_008386505.1
2298,GCA_008386635.1
2300,GCA_008629655.1
2302,GCA_008692195.1
2303,GCA_008705155.1
2304,GCA_008711145.1
2307,GCA_008806755.1
2308,GCA_008806775.1
2309,GCA_008831505.1
2315,GCA_009184425.1
2317,GCA_009360455.1
2318,GCA_009360585.1
2319,GCA_009360735.1
2320,GCA_009360815.1
2321,GCA_009362255.1
2322,GCA_009363055.1
2323,GCA_009371985.2
2324,GCA_009495755.1
2325,GCA_009495795.1
2326,GCA_009495835.1
2327,GCA_009496935.1
2329,GCA_009602705.1
2330,GCA_009648515.1
2331,GCA_009648535.1
2333,GCA_009659645.1
2334,GCA_009659665.1
2335,GCA_009659705.1
2336,GCA_009663455.1
2337,GCA_009663465.1
2338,GCA_009663475.1
2339,GCA_009663485.1
2340,GCA_009663555.1
2341,GCA_009663565.1
2342,GCA_009663575.1
2343,GCA_009663585.1
2344,GCA_009663595.1
2345,GCA_009664855.1
2347,GCA_009670965.1
2348,GCA_009670975.1
2349,GCA_009674775.1
2350,GCA_009674815.1
2352,GCA_009684755.1
2353,GCA_009684775.1
2354,GCA_009690645.1
2355,GCA_009690655.1
2356,GCA_009690665.1
2357,GCA_009690695.1
2358,GCA_009690705.1
2359,GCA_009690745.1
2360,GCA_009690765.1
2361,GCA_009690775.1
2365,GCA_009693635.1
2367,GCA_009697265.1
2368,GCA_009707955.1
2369,GCA_009709615.1
2370,GCA_009711045.1
2371,GCA_009711055.1
2372,GCA_009711135.1
2373,GCA_009711165.1
2376,GCA_009730375.1
2377,GCA_009730675.1
2378,GCA_009735585.1
2379,GCA_009735695.1
2380,GCA_009741275.1
2381,GCA_009741375.1
2383,GCA_009753805.1
2384,GCA_009764235.1
2385,GCA_009764275.1
2386,GCA_009764685.1
2387,GCA_009764715.1
2388,GCA_009767705.1
2389,GCA_009789235.1
2390,GCA_009792295.1
2391,GCA_009796785.1
2392,GCA_009796805.1
2393,GCA_009796825.1
2395,GCA_009797025.1
2396,GCA_009797885.1
2397,GCA_009799805.1
2398,GCA_009800945.1
2399,GCA_009807485.1
2400,GCA_009810215.1
2404,GCA_009826935.1
2405,GCA_009826975.1
2407,GCA_009827705.1
2408,GCA_009827735.1
2409,GCA_009827745.1
2410,GCA_009827755.1
2411,GCA_009827795.1
2412,GCA_009827805.1
2413,GCA_009827835.1
2414,GCA_009827845.1
2415,GCA_009827855.1
2416,GCA_009827885.1
2417,GCA_009828155.1
2418,GCA_009828165.1
2419,GCA_009830375.1
2420,GCA_009832605.1
2421,GCA_009832745.1
2422,GCA_009834475.1
2424,GCA_009848495.1
2425,GCA_009865615.1
2426,GCA_009865665.1
2427,GCA_009865685.1
2428,GCA_009865695.1
2429,GCA_009870135.1
2433,GCA_009886255.1
2434,GCA_009886265.1
2438,GCA_009886545.1
2440,GCA_009886625.1
2442,GCA_009886755.1
2446,GCA_009900745.1
2447,GCA_009901525.1
2448,GCA_009901575.1
2450,GCA_009902355.1
2451,GCA_009903685.1
2452,GCA_009904105.1
2454,GCA_009909155.2
2457,GCA_009915155.1
2463,GCA_009921175.1
2465,GCA_009921505.1
2467,GCA_009923175.1
2476,GCA_009926065.1
2482,GCA_009932355.1
2483,GCA_009938095.1
2484,GCA_009993445.1
2485,GCA_009993745.1
2486,GCA_009993865.1
2487,GCA_009994075.1
2489,GCA_009994285.1
2490,GCA_009994385.1
2491,GCA_009994725.1
2492,GCA_009994925.1
2493,GCA_009995125.1
2494,GCA_009995145.1
2495,GCA_009995175.1
2513,GCA_010031465.1
2516,GCA_010078225.1
2517,GCA_010119125.1
2518,GCA_010119235.1
2519,GCA_010365135.1
2520,GCA_010468565.1
2521,GCA_010500845.1
2522,GCA_010614725.1
2523,GCA_010645065.1
2524,GCA_010645075.1
2525,GCA_010671565.1
2526,GCA_010671595.1
2527,GCA_010671605.1
2529,GCA_010725055.1
2530,GCA_010820555.1
2531,GCA_010906935.1
2532,GCA_010993655.1
2533,GCA_010993815.1
2534,GCA_010993855.1
2535,GCA_011007495.1
2537,GCA_011044175.1
2538,GCA_011049845.1
2539,GCA_011050015.1
2542,GCA_011050675.1
2545,GCA_011064265.1
2546,GCA_011065475.1
2547,GCA_011068285.1
2548,GCA_011082485.1
2549,GCA_011082725.1
2551,GCA_011089875.1
2553,GCA_011305415.1
2554,GCA_011316545.1
2555,GCA_011316565.1
2556,GCA_011316575.1
2557,GCA_011316625.1
2558,GCA_011316665.1
2559,GCA_011316685.1
2560,GCA_011330545.1
2563,GCA_011365745.1
2564,GCA_011378915.1
2565,GCA_011378975.1
2566,GCA_011379025.1
2568,GCA_011392075.1
2569,GCA_011392115.1
2570,GCA_011392125.1
2574,GCA_011524575.1
2576,GCA_011524815.1
2578,GCA_011524905.1
2579,GCA_011524915.1
2583,GCA_011525065.1
2585,GCA_011525195.1
2591,GCA_011526365.1
2592,GCA_011601185.1
2593,GCA_011601205.1
2594,GCA_011601245.1
2595,GCA_011612125.1
2596,GCA_011742145.1
2597,GCA_011751075.1
2598,GCA_011752975.1
2601,GCA_011762485.1
2604,GCA_011784865.1
2605,GCA_011784885.1
2606,GCA_011882165.1
2609,GCA_011952225.1
2610,GCA_012032075.1
2618,GCA_012269955.1
2619,GCA_012270005.1
2622,GCA_012272815.1
2623,GCA_012272855.1
2624,GCA_012273135.1
2625,GCA_012273575.1
2626,GCA_012273615.1
2628,GCA_012524075.1
2629,GCA_012837155.1
2631,GCA_012911565.1
2632,GCA_012911605.1
2633,GCA_012927265.1
2634,GCA_012927325.1
2636,GCA_012932585.1
2637,GCA_012952015.1
2638,GCA_012959395.1
2646,GCA_012964435.1
2647,GCA_012964565.1
2654,GCA_012974865.1
2655,GCA_013001085.1
2658,GCA_013001285.1
2659,GCA_013001345.1
2660,GCA_013001365.1
2665,GCA_013001965.1
2670,GCA_013002225.1
2676,GCA_013003555.1
2677,GCA_013003585.1
2678,GCA_013003655.1
2682,GCA_013041805.1
2684,GCA_013042125.1
2685,GCA_013042245.1
2686,GCA_013042255.1
2688,GCA_013042305.1
2689,GCA_013042315.1
2690,GCA_013042345.1
2692,GCA_013042425.1
2693,GCA_013042535.1
2695,GCA_013042625.1
2696,GCA_013042665.1
2699,GCA_013042715.1
2700,GCA_013042825.1
2703,GCA_013043005.1
2704,GCA_013043105.1
2705,GCA_013043175.1
2706,GCA_013043265.1
2707,GCA_013043465.1
2708,GCA_013043525.1
2712,GCA_013072765.1
2713,GCA_013090115.1
2715,GCA_013116755.1
2718,GCA_013139515.1
2719,GCA_013184525.1
2721,GCA_013204145.1
2724,GCA_013205245.1
2726,GCA_013213835.1
2727,GCA_013213975.1
2728,GCA_013214065.1
2739,GCA_013215095.1
2740,GCA_013215105.1
2742,GCA_013249045.1
2743,GCA_013249065.1
2744,GCA_013276165.1
2745,GCA_013276215.1
2746,GCA_013276225.1
2747,GCA_013276255.1
2748,GCA_013276265.1
2749,GCA_013283775.1
2750,GCA_013284035.1
2751,GCA_013285155.1
2752,GCA_013294005.1
2753,GCA_013294015.1
2754,GCA_013294025.1
2755,GCA_013294075.1
2756,GCA_013298525.1
2759,GCA_013333305.2
2761,GCA_013333705.2
2763,GCA_013343175.2
2764,GCA_013343195.3
2767,GCA_013365535.1
2768,GCA_013366395.1
2769,GCA_013372885.1
2770,GCA_013373105.1
2771,GCA_013373385.1
2773,GCA_013373485.1
2776,GCA_013373635.1
2777,GCA_013376415.1
2778,GCA_013388355.1
2779,GCA_013389455.1
2780,GCA_013389595.1
2782,GCA_013393195.1
2783,GCA_013394595.1
2784,GCA_013394615.1
2785,GCA_013394635.1
2786,GCA_013394655.1
2787,GCA_013394675.1
2788,GCA_013394735.1
2789,GCA_013394785.1
2790,GCA_013401995.1
2791,GCA_013402795.1
2792,GCA_013403865.1
2793,GCA_013403915.1
2794,GCA_013403925.1
2795,GCA_013403955.1
2796,GCA_013403975.1
2797,GCA_013403985.1
2798,GCA_013404005.1
2799,GCA_013404025.1
2800,GCA_013404055.1
2801,GCA_013404085.1
2802,GCA_013407935.1
2803,GCA_013410675.1
2804,GCA_013426055.1
2805,GCA_013457195.1
2806,GCA_013488205.1
2807,GCA_013820965.1
2808,GCA_013821805.1
2809,GCA_013822155.1
2810,GCA_013823965.1
2812,GCA_013874595.1
2815,GCA_013911645.1
2816,GCA_013978575.1
2817,GCA_014041915.1
2819,GCA_014050215.1
2820,GCA_014062315.1
2821,GCA_014062345.1
2823,GCA_014077645.1
2824,GCA_014138495.1
2825,GCA_014145635.1
2826,GCA_014145665.1
2827,GCA_014156605.1
2829,GCA_014197445.1
2830,GCA_014201785.1
2833,GCA_014204235.1
2834,GCA_014204385.1
2835,GCA_014204415.1
2836,GCA_014207835.1
2837,GCA_014207845.1
2838,GCA_014207905.1
2840,GCA_014212065.1
2841,GCA_014218785.1
2842,GCA_014218815.1
2843,GCA_014218825.1
2844,GCA_014218885.1
2845,GCA_014218905.1
2846,GCA_014218915.1
2847,GCA_014218945.1
2848,GCA_014219105.1
2849,GCA_014219125.1
2850,GCA_014219135.1
2851,GCA_014219145.1
2852,GCA_014219165.1
2853,GCA_014219205.1
2854,GCA_014219225.1
2855,GCA_014219235.1
2856,GCA_014219245.1
2857,GCA_014219285.1
2858,GCA_014219295.1
2859,GCA_014219325.1
2860,GCA_014219335.1
2861,GCA_014219345.1
2862,GCA_014219385.1
2863,GCA_014219395.1
2864,GCA_014219425.1
2865,GCA_014219435.1
2866,GCA_014219455.1
2867,GCA_014219495.1
2868,GCA_014219575.1
2869,GCA_014219595.1
2870,GCA_014219625.1
2871,GCA_014219635.1
2872,GCA_014219665.1
2873,GCA_014219685.1
2874,GCA_014219695.1
2875,GCA_014219705.1
2876,GCA_014219745.1
2877,GCA_014219765.1
2878,GCA_014219775.1
2879,GCA_014219805.1
2880,GCA_014219815.1
2881,GCA_014219825.1
2882,GCA_014219865.1
2883,GCA_014219885.1
2884,GCA_014219895.1
2885,GCA_014219905.1
2887,GCA_014219965.1
2888,GCA_014219975.1
2889,GCA_014219985.1
2890,GCA_014220005.1
2891,GCA_014220045.1
2892,GCA_014220055.1
2893,GCA_014220065.1
2894,GCA_014220105.1
2895,GCA_014220115.1
2896,GCA_014220145.1
2897,GCA_014220155.1
2898,GCA_014220165.1
2899,GCA_014220185.1
2900,GCA_014220225.1
2901,GCA_014220245.1
2902,GCA_014220265.1
2903,GCA_014220275.1
2904,GCA_014220285.1
2905,GCA_014220295.1
2906,GCA_014220345.1
2907,GCA_014220365.1
2908,GCA_014220375.1
2909,GCA_014220395.1
2910,GCA_014220405.1
2911,GCA_014220445.1
2912,GCA_014220465.1
2913,GCA_014220475.1
2914,GCA_014220505.1
2915,GCA_014220515.1
2916,GCA_014220525.1
2917,GCA_014220565.1
2918,GCA_014220575.1
2919,GCA_014220605.1
2920,GCA_014220615.1
2921,GCA_014220635.1
2922,GCA_014220655.1
2923,GCA_014220675.1
2924,GCA_014220695.1
2925,GCA_014220725.1
2926,GCA_014220735.1
2927,GCA_014220755.1
2928,GCA_014220785.1
2929,GCA_014220795.1
2930,GCA_014220805.1
2931,GCA_014220845.1
2932,GCA_014220855.1
2933,GCA_014220885.1
2934,GCA_014220895.1
2935,GCA_014220925.1
2936,GCA_014235875.1
2937,GCA_014238425.1
2938,GCA_014239275.1
2940,GCA_014239615.1
2942,GCA_014239665.1
2946,GCA_014243395.1
2993,GCA_014270105.1
2994,GCA_014281985.1
2995,GCA_014284085.1
2997,GCA_014297365.1
2998,GCA_014303495.1
2999,GCA_014305095.1
3000,GCA_014305115.1
3001,GCA_014305155.1
3002,GCA_014305175.1
3003,GCA_014305205.1
3004,GCA_014305215.1
3005,GCA_014352875.1
3009,GCA_014377455.1
3014,GCA_014379405.1
3020,GCA_014385425.1
3021,GCA_014397005.1
3022,GCA_014397245.1
3023,GCA_014451095.1
3024,GCA_014486675.1
3025,GCA_014486695.1
3026,GCA_900018365.1
3027,GCA_900078205.2
3029,GCA_900089995.1
3030,GCA_900092045.1
3031,GCA_900092065.1
3032,GCA_900092085.1
3033,GCA_900092105.1
3034,GCA_900099675.1
3035,GCA_900099685.1
3036,GCA_900099815.1
3037,GCA_900099915.1
3038,GCA_900099995.1
3039,GCA_900100075.1
3040,GCA_900100115.1
3041,GCA_900100165.1
3042,GCA_900100375.1
3043,GCA_900100625.1
3044,GCA_900101765.1
3046,GCA_900101855.1
3047,GCA_900101895.1
3048,GCA_900101925.1
3049,GCA_900101995.1
3051,GCA_900102165.1
3052,GCA_900102265.1
3054,GCA_900102925.1
3056,GCA_900103755.1
3059,GCA_900104765.1
3060,GCA_900104785.1
3061,GCA_900105035.1
3062,GCA_900105105.1
3063,GCA_900105135.1
3064,GCA_900105145.1
3065,GCA_900105425.1
3066,GCA_900105455.1
3067,GCA_900105545.1
3068,GCA_900105985.1
3069,GCA_900106075.1
3070,GCA_900106565.1
3071,GCA_900106575.1
3072,GCA_900106645.1
3073,GCA_900106795.1
3074,GCA_900106825.1
3075,GCA_900106865.1
3076,GCA_900107365.1
3078,GCA_900107595.1
3080,GCA_900107635.1
3081,GCA_900108015.1
3082,GCA_900108025.1
3083,GCA_900108115.1
3084,GCA_900108365.1
3085,GCA_900108395.1
3086,GCA_900108525.1
3087,GCA_900108955.1
3088,GCA_900109075.1
3089,GCA_900109345.1
3090,GCA_900109375.1
3091,GCA_900109615.1
3092,GCA_900109935.1
3093,GCA_900110335.1
3094,GCA_900110375.1
3095,GCA_900110605.1
3096,GCA_900110615.1
3097,GCA_900111025.1
3098,GCA_900111065.1
3099,GCA_900111075.1
3100,GCA_900111495.1
3101,GCA_900111965.1
3102,GCA_900112105.1
3103,GCA_900112115.1
3104,GCA_900112245.1
3105,GCA_900112295.1
3106,GCA_900112395.1
3107,GCA_900112575.1
3109,GCA_900112975.1
3110,GCA_900113135.1
3111,GCA_900113805.1
3112,GCA_900113975.1
3113,GCA_900114005.1
3114,GCA_900114045.1
3115,GCA_900114085.1
3117,GCA_900114875.1
3118,GCA_900114945.1
3120,GCA_900115055.1
3121,GCA_900115115.1
3122,GCA_900115145.1
3125,GCA_900115315.1
3126,GCA_900115875.1
3127,GCA_900116115.1
3129,GCA_900116415.1
3132,GCA_900119145.1
3134,GCA_900119795.1
3135,GCA_900128945.1
3136,GCA_900129005.1
3137,GCA_900129035.1
3138,GCA_900129105.1
3139,GCA_900129245.1
3140,GCA_900129275.1
3141,GCA_900129385.1
3142,GCA_900129405.1
3143,GCA_900129445.1
3144,GCA_900129475.1
3145,GCA_900129545.1
3146,GCA_900129555.1
3147,GCA_900129575.1
3148,GCA_900129585.1
3149,GCA_900129595.1
3150,GCA_900129605.1
3151,GCA_900129665.1
3152,GCA_900129705.1
3153,GCA_900129745.1
3154,GCA_900129755.1
3155,GCA_900129795.1
3157,GCA_900130045.1
3158,GCA_900130145.1
3161,GCA_900141765.1
3162,GCA_900141785.1
3164,GCA_900141885.1
3165,GCA_900141935.1
3166,GCA_900141955.1
3167,GCA_900142035.1
3168,GCA_900142055.1
3169,GCA_900142175.1
3170,GCA_900142325.1
3171,GCA_900142355.1
3172,GCA_900142405.1
3173,GCA_900142445.1
3175,GCA_900142615.1
3176,GCA_900142635.1
3177,GCA_900142685.1
3178,GCA_900142695.1
3179,GCA_900142715.1
3180,GCA_900142735.1
3181,GCA_900142775.1
3182,GCA_900142785.1
3183,GCA_900142885.1
3184,GCA_900142975.1
3185,GCA_900143115.1
3186,GCA_900143185.1
3187,GCA_900143245.1
3188,GCA_900143665.1
3189,GCA_900148835.1
3190,GCA_900155985.1
3191,GCA_900156015.1
3192,GCA_900156075.1
3193,GCA_900156145.1
3194,GCA_900156575.1
3195,GCA_900156585.1
3197,GCA_900156685.1
3198,GCA_900156725.1
3199,GCA_900156735.1
3200,GCA_900156825.1
3201,GCA_900156935.1
3202,GCA_900156945.1
3203,GCA_900156965.1
3204,GCA_900156975.1
3205,GCA_900156985.1
3206,GCA_900156995.1
3207,GCA_900157015.1
3208,GCA_900157025.1
3209,GCA_900157035.1
3211,GCA_900167935.1
3212,GCA_900168045.1
3213,GCA_900168115.1
3214,GCA_900168205.1
3215,GCA_900168265.1
3216,GCA_900169075.1
3217,GCA_900176315.1
3218,GCA_900176415.1
3220,GCA_900177645.1
3221,GCA_900182645.1
3222,GCA_900182655.1
3223,GCA_900182675.1
3224,GCA_900186345.1
3225,GCA_900186365.1
3226,GCA_900186375.1
3227,GCA_900186385.1
3228,GCA_900186395.1
3229,GCA_900186405.1
3230,GCA_900186415.1
3231,GCA_900186425.1
3232,GCA_900186435.1
3233,GCA_900186445.1
3234,GCA_900186455.1
3235,GCA_900186475.1
3236,GCA_900186485.1
3237,GCA_900186495.1
3238,GCA_900186515.1
3239,GCA_900186525.1
3240,GCA_900186545.1
3241,GCA_900186555.1
3242,GCA_900186565.1
3243,GCA_900186575.1
3244,GCA_900186595.1
3245,GCA_900186605.1
3246,GCA_900186645.1
3247,GCA_900186665.1
3248,GCA_900186685.1
3249,GCA_900186755.1
3250,GCA_900186785.1
3251,GCA_900186805.1
3252,GCA_900186815.1
3253,GCA_900186825.1
3254,GCA_900186945.1
3255,GCA_900187185.1
3256,GCA_900187255.1
3257,GCA_900187965.1
3258,GCA_900188235.1
3259,GCA_900188275.1
3260,GCA_900188355.1
3261,GCA_900188415.1
3262,GCA_900197635.1
3263,GCA_900198195.1
3265,GCA_900215465.1
3266,GCA_900239185.1
3267,GCA_900239305.1
3268,GCA_900239345.1
3269,GCA_900239455.1
3270,GCA_900239485.1
3271,GCA_900239495.1
3272,GCA_900239505.1
3273,GCA_900290975.1
3275,GCA_900299465.1
3276,GCA_900299475.1
3277,GCA_900299485.1
3278,GCA_900299505.1
3280,GCA_900299525.1
3281,GCA_900299535.1
3282,GCA_900312735.1
3283,GCA_900312745.1
3284,GCA_900312815.1
3287,GCA_900446675.1
3288,GCA_900446695.1
3289,GCA_900446705.1
3290,GCA_900446785.1
3291,GCA_900446825.1
3292,GCA_900446845.1
3293,GCA_900446855.1
3294,GCA_900446865.1
3295,GCA_900447195.1
3296,GCA_900447295.1
3297,GCA_900447345.1
3298,GCA_900447425.1
3299,GCA_900450525.1
3300,GCA_900453725.1
3301,GCA_900453765.1
3302,GCA_900453865.1
3304,GCA_900460905.1
3305,GCA_900460915.1
3306,GCA_900460995.1
3307,GCA_900475375.1
3308,GCA_900489465.1
3309,GCA_900489485.1
3310,GCA_900489835.1
3311,GCA_900538215.1
3312,GCA_900538225.1
3313,GCA_900543775.1
3316,GCA_900609965.1
3317,GCA_900609975.1
3318,GCA_900609985.1
3319,GCA_900609995.1
3320,GCA_900610005.1
3321,GCA_900610015.1
3322,GCA_900610025.1
3323,GCA_900610035.1
3324,GCA_900610045.1
3325,GCA_900610055.1
3326,GCA_900610065.1
3327,GCA_900610075.1
3328,GCA_900610085.1
3329,GCA_900610095.1
3330,GCA_900610105.1
3331,GCA_900610115.1
3332,GCA_900610125.1
3333,GCA_900610135.1
3334,GCA_900610145.1
3335,GCA_900610155.1
3336,GCA_900610165.1
3337,GCA_900610175.1
3338,GCA_900610185.1
3339,GCA_900610195.1
3340,GCA_900610205.1
3341,GCA_900610215.1
3342,GCA_900610225.1
3343,GCA_900610235.1
3344,GCA_900610245.1
3345,GCA_900610255.1
3346,GCA_900610265.1
3347,GCA_900610275.1
3348,GCA_900610285.1
3349,GCA_900610295.1
3350,GCA_900610305.1
3351,GCA_900610315.1
3352,GCA_900610325.1
3353,GCA_900610335.1
3354,GCA_900610345.1
3355,GCA_900610355.1
3356,GCA_900610385.1
3357,GCA_900618145.1
3360,GCA_900624725.1
3361,GCA_900636535.1
3362,GCA_900637665.1
3364,GCA_900637895.1
3365,GCA_900638125.1
3366,GCA_900638245.1
3367,GCA_900638435.1
3368,GCA_900683405.1
3369,GCA_900683625.1
3372,GCA_902167265.1
3373,GCA_902167275.1
3374,GCA_902167285.2
3376,GCA_902168145.1
3377,GCA_902168265.1
3378,GCA_902499555.1
3379,GCA_902506175.1
3380,GCA_902506265.1
3381,GCA_902506345.1
3382,GCA_902506355.1
3389,GCA_902516685.1
3391,GCA_902526805.1
3400,GCA_902605145.1
3403,GCA_902705265.1
3404,GCA_902705275.1
3405,GCA_902705285.1
3406,GCA_902705305.1
3407,GCA_902705315.1
3408,GCA_902705345.1
3409,GCA_902705355.1
3410,GCA_902705365.1
3411,GCA_902705375.1
3412,GCA_902705385.1
3413,GCA_902705395.1
3414,GCA_902705415.1
3415,GCA_902705425.1
3416,GCA_902705435.1
3417,GCA_902705445.1
3418,GCA_902705465.1
3419,GCA_902705495.1
3420,GCA_902705515.1
3421,GCA_902705525.1
3422,GCA_902705535.1
3423,GCA_902705555.1
3424,GCA_902705565.1
3426,GCA_902706275.1
3427,GCA_902728265.1
3428,GCA_902728305.1
3429,GCA_902729325.1
3430,GCA_902804475.1
3431,GCA_902804485.1
3432,GCA_903166575.1
3433,GCA_903819335.1
3434,GCA_903819435.1
3435,GCA_903819445.1
3491,GCA_903969135.1
